sweep,case,seed,method_id,method,layer,rule,snapshot,alignment,norm_ratio,alpha_star,scale_matched_bias,update_snr_linear,update_snr_db,matched_bp_snr_linear,mean_update_norm
architecture,balanced,0,full_hebbian,HHH,enc1,hebbian_raw,enc1_end,0.36250712677130614,90.38653680962932,0.004010631890234592,0.9319809989121318,445.95718634156543,26.492931667208506,1.4045289201006335,
architecture,balanced,0,full_hebbian,HHH,enc1,hebbian_effective,enc1_end,0.3627579445501469,0.04519362846671804,8.026460292832558,0.9318831601521693,438.4414077882893,26.41911563552821,1.4045289201006335,
architecture,balanced,0,hybrid_hhb,HHB,enc1,hebbian_raw,enc1_end,0.36250712677130614,90.38653680962932,0.004010631890234592,0.9319809989121318,445.95718634156543,26.492931667208506,1.4045289201006335,
architecture,balanced,0,hybrid_hhb,HHB,enc1,hebbian_effective,enc1_end,0.3627579445501469,0.04519362846671804,8.026460292832558,0.9318831601521693,438.4414077882893,26.41911563552821,1.4045289201006335,
architecture,balanced,0,hybrid_hbb,HBB,enc1,hebbian_raw,enc1_end,0.36250712677130614,90.38653680962932,0.004010631890234592,0.9319809989121318,445.95718634156543,26.492931667208506,1.4045289201006335,
architecture,balanced,0,hybrid_hbb,HBB,enc1,hebbian_effective,enc1_end,0.3627579445501469,0.04519362846671804,8.026460292832558,0.9318831601521693,438.4414077882893,26.41911563552821,1.4045289201006335,
architecture,balanced,0,full_hebbian,HHH,enc2,hebbian_raw,enc2_end,0.03327219358710542,5.133224778526548,0.006481733250720132,0.9994463271152382,0.023695704077297805,-16.253303824555104,0.9285289428504093,
architecture,balanced,0,full_hebbian,HHH,enc2,hebbian_effective,enc2_end,0.033257464568128,0.0025666647563691784,12.901728768996522,0.9994468153392403,0.02369393634256313,-16.253627826777656,0.9285289428504093,
architecture,balanced,0,hybrid_hhb,HHB,enc2,hebbian_raw,enc2_end,0.03327219358710542,5.133224778526548,0.006481733250720132,0.9994463271152382,0.023695704077297805,-16.253303824555104,0.9285289428504093,
architecture,balanced,0,hybrid_hhb,HHB,enc2,hebbian_effective,enc2_end,0.033257464568128,0.0025666647563691784,12.901728768996522,0.9994468153392403,0.02369393634256313,-16.253627826777656,0.9285289428504093,
architecture,balanced,0,full_hebbian,HHH,enc3,hebbian_raw,enc3_end,-0.00017556993615663443,1532.775691062773,-1.145437895308295e-07,0.9999999845786127,0.9488917333881128,-0.22783336860836662,1.429496082663348,
architecture,balanced,0,full_hebbian,HHH,enc3,hebbian_effective,enc3_end,0.00014485032794044194,0.7659041752464417,0.00018912330369248254,0.9999999895002053,0.9499663237316476,-0.22291790160361413,1.429496082663348,
architecture,balanced,0,full_bp,BBB,enc1,bp_raw,final_validation_selected,1,1,1,0,35.74505579791076,15.532159793348786,35.74505579791076,0.0024235799838788806
architecture,balanced,0,full_bp,BBB,enc2,bp_raw,final_validation_selected,1,1,1,0,13.282505973972768,11.2328001991118,13.282505973972768,0.002974069342017174
architecture,balanced,0,full_bp,BBB,enc3,bp_raw,final_validation_selected,1,1,1,0,6.083454442772313,7.841502600954337,6.083454442772313,0.0036664187489077447
architecture,balanced,0,hybrid_hhb,HHB,enc3,bp_raw,final_validation_selected,1,1,1,0,8.051443634500703,9.058737569252074,8.051443634500703,0.013791940584778785
architecture,balanced,0,hybrid_hbb,HBB,enc2,bp_raw,final_validation_selected,1,1,1,0,3.2968468977132677,5.1809877940819105,3.2968468977132677,0.002046982778701931
architecture,balanced,0,hybrid_hbb,HBB,enc3,bp_raw,final_validation_selected,1,1,1,0,2.4233853463156945,3.844224774772622,2.4233853463156945,0.0024348872620612383
architecture,balanced,1,full_hebbian,HHH,enc1,hebbian_raw,enc1_end,0.33544189322147794,58.22913414245461,0.005760722673698223,0.9420608981727406,505.57435594248255,27.037850372776525,2.2055533864079555,
architecture,balanced,1,full_hebbian,HHH,enc1,hebbian_effective,enc1_end,0.3354160064780697,0.02911470164719823,11.52013244100192,0.942070000269661,497.1249026835664,26.964655189772017,2.2055533864079555,
architecture,balanced,1,hybrid_hhb,HHB,enc1,hebbian_raw,enc1_end,0.33544189322147794,58.22913414245461,0.005760722673698223,0.9420608981727406,505.57435594248255,27.037850372776525,2.2055533864079555,
architecture,balanced,1,hybrid_hhb,HHB,enc1,hebbian_effective,enc1_end,0.3354160064780697,0.02911470164719823,11.52013244100192,0.942070000269661,497.1249026835664,26.964655189772017,2.2055533864079555,
architecture,balanced,1,hybrid_hbb,HBB,enc1,hebbian_raw,enc1_end,0.33544189322147794,58.22913414245461,0.005760722673698223,0.9420608981727406,505.57435594248255,27.037850372776525,2.2055533864079555,
architecture,balanced,1,hybrid_hbb,HBB,enc1,hebbian_effective,enc1_end,0.3354160064780697,0.02911470164719823,11.52013244100192,0.942070000269661,497.1249026835664,26.964655189772017,2.2055533864079555,
architecture,balanced,1,full_hebbian,HHH,enc2,hebbian_raw,enc2_end,0.0425865170461015,5.822793737013137,0.007313760246610829,0.9990927825145905,0.019091477197045716,-17.19160466907246,0.6016415115740611,
architecture,balanced,1,full_hebbian,HHH,enc2,hebbian_effective,enc2_end,0.041935509542549716,0.0029118790708334077,14.312153084377643,0.9991203213647027,0.01909550588032193,-17.190688317592617,0.6016415115740611,
architecture,balanced,1,hybrid_hhb,HHB,enc2,hebbian_raw,enc2_end,0.0425865170461015,5.822793737013137,0.007313760246610829,0.9990927825145905,0.019091477197045716,-17.19160466907246,0.6016415115740611,
architecture,balanced,1,hybrid_hhb,HHB,enc2,hebbian_effective,enc2_end,0.041935509542549716,0.0029118790708334077,14.312153084377643,0.9991203213647027,0.01909550588032193,-17.190688317592617,0.6016415115740611,
architecture,balanced,1,full_hebbian,HHH,enc3,hebbian_raw,enc3_end,-0.0005787460255406012,1542.9601354561712,-3.750881258938442e-07,0.9999998325205485,2.3040349197755545,3.6248905693472855,3.0176032387948806,
architecture,balanced,1,full_hebbian,HHH,enc3,hebbian_effective,enc3_end,-0.0003290187266096823,0.7705322929071872,-0.0004270018656347743,0.99999994586738,2.3071834593666467,3.6308212951144734,3.0176032387948806,
architecture,balanced,1,full_bp,BBB,enc1,bp_raw,final_validation_selected,1,1,1,0,1.506294677298877,1.7790994145694452,1.506294677298877,0.0004876690037781373
architecture,balanced,1,full_bp,BBB,enc2,bp_raw,final_validation_selected,1,1,1,0,2.1295903481396903,3.2829606979890773,2.1295903481396903,0.0013587936130352318
architecture,balanced,1,full_bp,BBB,enc3,bp_raw,final_validation_selected,1,1,1,0,5.482630913792094,7.389890105198687,5.482630913792094,0.003443035497330129
architecture,balanced,1,hybrid_hhb,HHB,enc3,bp_raw,final_validation_selected,1,1,1,0,7.578053957470441,8.795576932256257,7.578053957470441,0.015993757024407387
architecture,balanced,1,hybrid_hbb,HBB,enc2,bp_raw,final_validation_selected,1,1,1,0,1.8111148416519587,2.57945989526886,1.8111148416519587,0.0015396216954104603
architecture,balanced,1,hybrid_hbb,HBB,enc3,bp_raw,final_validation_selected,1,1,1,0,3.7015249767103704,5.683806842088037,3.7015249767103704,0.0026608412247151134
architecture,balanced,2,full_hebbian,HHH,enc1,hebbian_raw,enc1_end,0.22936877903044836,96.36596885171723,0.0023801844357914746,0.9733395925794553,425.01599365390695,26.28405273167829,0.5539105721456228,
architecture,balanced,2,full_hebbian,HHH,enc1,hebbian_effective,enc1_end,0.22939679408625802,0.04818335830879961,4.7607109804955465,0.9733328741375352,416.86556337247293,26.199960202041947,0.5539105721456228,
architecture,balanced,2,hybrid_hhb,HHB,enc1,hebbian_raw,enc1_end,0.22936877903044836,96.36596885171723,0.0023801844357914746,0.9733395925794553,425.01599365390695,26.28405273167829,0.5539105721456228,
architecture,balanced,2,hybrid_hhb,HHB,enc1,hebbian_effective,enc1_end,0.22939679408625802,0.04818335830879961,4.7607109804955465,0.9733328741375352,416.86556337247293,26.199960202041947,0.5539105721456228,
architecture,balanced,2,hybrid_hbb,HBB,enc1,hebbian_raw,enc1_end,0.22936877903044836,96.36596885171723,0.0023801844357914746,0.9733395925794553,425.01599365390695,26.28405273167829,0.5539105721456228,
architecture,balanced,2,hybrid_hbb,HBB,enc1,hebbian_effective,enc1_end,0.22939679408625802,0.04818335830879961,4.7607109804955465,0.9733328741375352,416.86556337247293,26.199960202041947,0.5539105721456228,
architecture,balanced,2,full_hebbian,HHH,enc2,hebbian_raw,enc2_end,0.012317054516570365,2.8562249249772744,0.004312354555533,0.999924142069679,0.01381880734378337,-18.595294378854774,1.3002670011313386,
architecture,balanced,2,full_hebbian,HHH,enc2,hebbian_effective,enc2_end,0.009900409640685672,0.0014283477501133705,6.869039726489419,0.9999509923099723,0.013821606417463451,-18.59441478112635,1.3002670011313386,
architecture,balanced,2,hybrid_hhb,HHB,enc2,hebbian_raw,enc2_end,0.012317054516570365,2.8562249249772744,0.004312354555533,0.999924142069679,0.01381880734378337,-18.595294378854774,1.3002670011313386,
architecture,balanced,2,hybrid_hhb,HHB,enc2,hebbian_effective,enc2_end,0.009900409640685672,0.0014283477501133705,6.869039726489419,0.9999509923099723,0.013821606417463451,-18.59441478112635,1.3002670011313386,
architecture,balanced,2,full_hebbian,HHH,enc3,hebbian_raw,enc3_end,0.0008418891463954116,867.0194357704502,9.71015310220241e-07,0.9999996456067443,1.3744181325797098,1.3811887613455074,4.124598140609279,
architecture,balanced,2,full_hebbian,HHH,enc3,hebbian_effective,enc3_end,0.00039580959605551105,0.43319654859552803,0.0009136951744248501,0.9999999216628532,1.3758763126575315,1.3857939382337832,4.124598140609279,
architecture,balanced,2,full_bp,BBB,enc1,bp_raw,final_validation_selected,1,1,1,0,35.94485132003092,15.556366915635316,35.94485132003092,0.002454796484671533
architecture,balanced,2,full_bp,BBB,enc2,bp_raw,final_validation_selected,1,1,1,0,12.570205303440282,10.99342370877931,12.570205303440282,0.0026170816924422978
architecture,balanced,2,full_bp,BBB,enc3,bp_raw,final_validation_selected,1,1,1,0,6.055304816082957,7.821360098425478,6.055304816082957,0.0034347920631989837
architecture,balanced,2,hybrid_hhb,HHB,enc3,bp_raw,final_validation_selected,1,1,1,0,10.203338431911106,10.087422918933832,10.203338431911106,0.016576680187135935
architecture,balanced,2,hybrid_hbb,HBB,enc2,bp_raw,final_validation_selected,1,1,1,0,16.15858197845042,12.084032459215274,16.15858197845042,0.003902494846843183
architecture,balanced,2,hybrid_hbb,HBB,enc3,bp_raw,final_validation_selected,1,1,1,0,8.373685372596698,9.22916638963606,8.373685372596698,0.0037941018305718897
architecture,balanced,3,full_hebbian,HHH,enc1,hebbian_raw,enc1_end,0.5748699537341684,117.66612212316076,0.004885602954879869,0.8182447894842858,495.24554136644895,26.948205743293844,1.012538652497342,
architecture,balanced,3,full_hebbian,HHH,enc1,hebbian_effective,enc1_end,0.5747478141972073,0.05883234824995572,9.769053119144731,0.8183300831757615,489.988543070083,26.901859254578753,1.012538652497342,
architecture,balanced,3,hybrid_hhb,HHB,enc1,hebbian_raw,enc1_end,0.5748699537341684,117.66612212316076,0.004885602954879869,0.8182447894842858,495.24554136644895,26.948205743293844,1.012538652497342,
architecture,balanced,3,hybrid_hhb,HHB,enc1,hebbian_effective,enc1_end,0.5747478141972073,0.05883234824995572,9.769053119144731,0.8183300831757615,489.988543070083,26.901859254578753,1.012538652497342,
architecture,balanced,3,hybrid_hbb,HBB,enc1,hebbian_raw,enc1_end,0.5748699537341684,117.66612212316076,0.004885602954879869,0.8182447894842858,495.24554136644895,26.948205743293844,1.012538652497342,
architecture,balanced,3,hybrid_hbb,HBB,enc1,hebbian_effective,enc1_end,0.5747478141972073,0.05883234824995572,9.769053119144731,0.8183300831757615,489.988543070083,26.901859254578753,1.012538652497342,
architecture,balanced,3,full_hebbian,HHH,enc2,hebbian_raw,enc2_end,-0.007798300266753411,3.9028057941792107,-0.001998126663736811,0.9999695926003701,0.020345461605127166,-16.91532452270006,0.6602557374107998,
architecture,balanced,3,full_hebbian,HHH,enc2,hebbian_effective,enc2_end,-0.007390942777821377,0.001951517246746241,-3.7505821775399446,0.9999726879457189,0.02034378910313187,-16.9156815498634,0.6602557374107998,
architecture,balanced,3,hybrid_hhb,HHB,enc2,hebbian_raw,enc2_end,-0.007798300266753411,3.9028057941792107,-0.001998126663736811,0.9999695926003701,0.020345461605127166,-16.91532452270006,0.6602557374107998,
architecture,balanced,3,hybrid_hhb,HHB,enc2,hebbian_effective,enc2_end,-0.007390942777821377,0.001951517246746241,-3.7505821775399446,0.9999726879457189,0.02034378910313187,-16.9156815498634,0.6602557374107998,
architecture,balanced,3,full_hebbian,HHH,enc3,hebbian_raw,enc3_end,-0.00011395801102504837,851.2775879121358,-1.3386704013153374e-07,0.999999993498462,0.8641301159722321,-0.6342085891676276,1.596322991409835,
architecture,balanced,3,full_hebbian,HHH,enc3,hebbian_effective,enc3_end,0.00012798288449116242,0.4255402345376953,0.0003007538983969614,0.9999999918018667,0.8645023969348514,-0.6323379825571931,1.596322991409835,
architecture,balanced,3,full_bp,BBB,enc1,bp_raw,final_validation_selected,1,1,1,0,0.9383277964017339,-0.2764541823134009,0.9383277964017339,0.0005380974186118692
architecture,balanced,3,full_bp,BBB,enc2,bp_raw,final_validation_selected,1,1,1,0,1.658338954228411,2.196733023939885,1.658338954228411,0.0011149082984775304
architecture,balanced,3,full_bp,BBB,enc3,bp_raw,final_validation_selected,1,1,1,0,6.077120529509909,7.836978499365817,6.077120529509909,0.0033260872960090638
architecture,balanced,3,hybrid_hhb,HHB,enc3,bp_raw,final_validation_selected,1,1,1,0,8.1145753352338,9.092657965725445,8.1145753352338,0.013319540824741126
architecture,balanced,3,hybrid_hbb,HBB,enc2,bp_raw,final_validation_selected,1,1,1,0,6.959537935075497,8.425804064340584,6.959537935075497,0.0024526668316684663
architecture,balanced,3,hybrid_hbb,HBB,enc3,bp_raw,final_validation_selected,1,1,1,0,6.420506686211862,8.075693025770732,6.420506686211862,0.003441320080310106
architecture,balanced,4,full_hebbian,HHH,enc1,hebbian_raw,enc1_end,0.337764807102049,92.01952219362259,0.003670577711965578,0.9412305427026182,428.02955429875,26.31473756923763,2.068209719208126,
architecture,balanced,4,full_hebbian,HHH,enc1,hebbian_effective,enc1_end,0.3377262846725882,0.04600990113485454,7.340105823194239,0.9412442146072203,423.03841416369715,26.263798054408625,2.068209719208126,
architecture,balanced,4,hybrid_hhb,HHB,enc1,hebbian_raw,enc1_end,0.337764807102049,92.01952219362259,0.003670577711965578,0.9412305427026182,428.02955429875,26.31473756923763,2.068209719208126,
architecture,balanced,4,hybrid_hhb,HHB,enc1,hebbian_effective,enc1_end,0.3377262846725882,0.04600990113485454,7.340105823194239,0.9412442146072203,423.03841416369715,26.263798054408625,2.068209719208126,
architecture,balanced,4,hybrid_hbb,HBB,enc1,hebbian_raw,enc1_end,0.337764807102049,92.01952219362259,0.003670577711965578,0.9412305427026182,428.02955429875,26.31473756923763,2.068209719208126,
architecture,balanced,4,hybrid_hbb,HBB,enc1,hebbian_effective,enc1_end,0.3377262846725882,0.04600990113485454,7.340105823194239,0.9412442146072203,423.03841416369715,26.263798054408625,2.068209719208126,
architecture,balanced,4,full_hebbian,HHH,enc2,hebbian_raw,enc2_end,0.10133703138379713,4.70367448144216,0.021544227231181948,0.9948521526397709,0.01336615200576283,-18.73993604196267,0.9457123399406111,
architecture,balanced,4,full_hebbian,HHH,enc2,hebbian_effective,enc2_end,0.10042706458364348,0.002351792817117942,42.484158184335975,0.9949444329736956,0.013364823497966178,-18.740367723631486,0.9457123399406111,
architecture,balanced,4,hybrid_hhb,HHB,enc2,hebbian_raw,enc2_end,0.10133703138379713,4.70367448144216,0.021544227231181948,0.9948521526397709,0.01336615200576283,-18.73993604196267,0.9457123399406111,
architecture,balanced,4,hybrid_hhb,HHB,enc2,hebbian_effective,enc2_end,0.10042706458364348,0.002351792817117942,42.484158184335975,0.9949444329736956,0.013364823497966178,-18.740367723631486,0.9457123399406111,
architecture,balanced,4,full_hebbian,HHH,enc3,hebbian_raw,enc3_end,-0.0003861602054314639,897.6303676187083,-4.3019957808944015e-07,0.9999999254359123,0.9675411677292599,-0.14330547200749905,7.334672294273067,
architecture,balanced,4,full_hebbian,HHH,enc3,hebbian_effective,enc3_end,-0.00011008694887457214,0.4483860375042795,-0.0002455182357627397,0.999999993936199,0.9691164848628255,-0.1362401893197729,7.334672294273067,
architecture,balanced,4,full_bp,BBB,enc1,bp_raw,final_validation_selected,1,1,1,0,13.284956829802534,11.23360147484798,13.284956829802534,0.0016055105533450843
architecture,balanced,4,full_bp,BBB,enc2,bp_raw,final_validation_selected,1,1,1,0,4.969071322418628,6.96275230335903,4.969071322418628,0.0021496490365825595
architecture,balanced,4,full_bp,BBB,enc3,bp_raw,final_validation_selected,1,1,1,0,4.983951808578103,6.975738343393575,4.983951808578103,0.003917741538025439
architecture,balanced,4,hybrid_hhb,HHB,enc3,bp_raw,final_validation_selected,1,1,1,0,8.666487150923249,9.378430974622063,8.666487150923249,0.014672128576785326
architecture,balanced,4,hybrid_hbb,HBB,enc2,bp_raw,final_validation_selected,1,1,1,0,3.6152383714173983,5.581369378624244,3.6152383714173983,0.0022692229156382384
architecture,balanced,4,hybrid_hbb,HBB,enc3,bp_raw,final_validation_selected,1,1,1,0,4.814195640574509,6.825237352733473,4.814195640574509,0.003855793918482959
architecture,early_heavy,0,full_hebbian,HHH,enc1,hebbian_raw,enc1_end,0.19145154830388963,233.26743096157034,0.0008207384441151966,0.9815020651376555,449.44426871751654,26.526758467054435,0.4545338886064853,
architecture,early_heavy,0,full_hebbian,HHH,enc1,hebbian_effective,enc1_end,0.19152356291350361,0.11663436271726471,1.6420696308443699,0.9814879684307101,447.1726104100697,26.504751948961367,0.4545338886064853,
architecture,early_heavy,0,hybrid_hhb,HHB,enc1,hebbian_raw,enc1_end,0.19145154830388963,233.26743096157034,0.0008207384441151966,0.9815020651376555,449.44426871751654,26.526758467054435,0.4545338886064853,
architecture,early_heavy,0,hybrid_hhb,HHB,enc1,hebbian_effective,enc1_end,0.19152356291350361,0.11663436271726471,1.6420696308443699,0.9814879684307101,447.1726104100697,26.504751948961367,0.4545338886064853,
architecture,early_heavy,0,hybrid_hbb,HBB,enc1,hebbian_raw,enc1_end,0.19145154830388963,233.26743096157034,0.0008207384441151966,0.9815020651376555,449.44426871751654,26.526758467054435,0.4545338886064853,
architecture,early_heavy,0,hybrid_hbb,HBB,enc1,hebbian_effective,enc1_end,0.19152356291350361,0.11663436271726471,1.6420696308443699,0.9814879684307101,447.1726104100697,26.504751948961367,0.4545338886064853,
architecture,early_heavy,0,full_hebbian,HHH,enc2,hebbian_raw,enc2_end,0.03693121032428871,12.066581024150919,0.003060619265719523,0.9993178100497553,0.032238462879107456,-14.91625673412729,0.8463408878390329,
architecture,early_heavy,0,full_hebbian,HHH,enc2,hebbian_effective,enc2_end,0.036982043753651016,0.0060333689719752085,6.1275793467259785,0.9993159274906814,0.03223898364144293,-14.916186581160355,0.8463408878390329,
architecture,early_heavy,0,hybrid_hhb,HHB,enc2,hebbian_raw,enc2_end,0.03693121032428871,12.066581024150919,0.003060619265719523,0.9993178100497553,0.032238462879107456,-14.91625673412729,0.8463408878390329,
architecture,early_heavy,0,hybrid_hhb,HHB,enc2,hebbian_effective,enc2_end,0.036982043753651016,0.0060333689719752085,6.1275793467259785,0.9993159274906814,0.03223898364144293,-14.916186581160355,0.8463408878390329,
architecture,early_heavy,0,full_hebbian,HHH,enc3,hebbian_raw,enc3_end,-0.0008340061251812614,11302.629302660313,-7.378868251288358e-08,0.9999996522090975,9.9020675174365,9.95725883250781,2.6017965290813407,
architecture,early_heavy,0,full_hebbian,HHH,enc3,hebbian_effective,enc3_end,-0.0002770446935904469,5.484257316261631,-5.051635574598143e-05,0.9999999616153853,10.190214853140924,10.081833408807967,2.6017965290813407,
architecture,early_heavy,0,full_bp,BBB,enc1,bp_raw,final_validation_selected,1,1,1,0,14.982110629427536,11.755729996214237,14.982110629427536,0.0012816533667501062
architecture,early_heavy,0,full_bp,BBB,enc2,bp_raw,final_validation_selected,1,1,1,0,8.332227174614546,9.207611022906558,8.332227174614546,0.002491851672530174
architecture,early_heavy,0,full_bp,BBB,enc3,bp_raw,final_validation_selected,1,1,1,0,4.336928029435534,6.3718221516735705,4.336928029435534,0.0038703815964981915
architecture,early_heavy,0,hybrid_hhb,HHB,enc3,bp_raw,final_validation_selected,1,1,1,0,9.75136401158401,9.890653686494383,9.75136401158401,0.024292716421186925
architecture,early_heavy,0,hybrid_hbb,HBB,enc2,bp_raw,final_validation_selected,1,1,1,0,3.324570140107585,5.217354999104661,3.324570140107585,0.002406802042387426
architecture,early_heavy,0,hybrid_hbb,HBB,enc3,bp_raw,final_validation_selected,1,1,1,0,3.2549669503983667,5.125465832782547,3.2549669503983667,0.0032955341134220362
architecture,early_heavy,1,full_hebbian,HHH,enc1,hebbian_raw,enc1_end,0.28729391951380606,120.96452398968601,0.002375026247952988,0.9578424731673486,469.6469049682443,26.717714646271542,2.336967313290846,
architecture,early_heavy,1,full_hebbian,HHH,enc1,hebbian_effective,enc1_end,0.28721761741162055,0.060482686879105435,4.748711728984548,0.9578653023066479,467.2837483744958,26.69580676992617,2.336967313290846,
architecture,early_heavy,1,hybrid_hhb,HHB,enc1,hebbian_raw,enc1_end,0.28729391951380606,120.96452398968601,0.002375026247952988,0.9578424731673486,469.6469049682443,26.717714646271542,2.336967313290846,
architecture,early_heavy,1,hybrid_hhb,HHB,enc1,hebbian_effective,enc1_end,0.28721761741162055,0.060482686879105435,4.748711728984548,0.9578653023066479,467.2837483744958,26.69580676992617,2.336967313290846,
architecture,early_heavy,1,hybrid_hbb,HBB,enc1,hebbian_raw,enc1_end,0.28729391951380606,120.96452398968601,0.002375026247952988,0.9578424731673486,469.6469049682443,26.717714646271542,2.336967313290846,
architecture,early_heavy,1,hybrid_hbb,HBB,enc1,hebbian_effective,enc1_end,0.28721761741162055,0.060482686879105435,4.748711728984548,0.9578653023066479,467.2837483744958,26.69580676992617,2.336967313290846,
architecture,early_heavy,1,full_hebbian,HHH,enc2,hebbian_raw,enc2_end,0.03203322538885703,10.715059881265251,0.0029895516940828563,0.9994868044359636,0.026244734238799167,-15.80957820655696,1.5906521978838797,
architecture,early_heavy,1,full_hebbian,HHH,enc2,hebbian_effective,enc2_end,0.03202100814894706,0.005357624300701589,5.974043203999011,0.9994871935509496,0.026245374265017867,-15.809472297134025,1.5906521978838797,
architecture,early_heavy,1,hybrid_hhb,HHB,enc2,hebbian_raw,enc2_end,0.03203322538885703,10.715059881265251,0.0029895516940828563,0.9994868044359636,0.026244734238799167,-15.80957820655696,1.5906521978838797,
architecture,early_heavy,1,hybrid_hhb,HHB,enc2,hebbian_effective,enc2_end,0.03202100814894706,0.005357624300701589,5.974043203999011,0.9994871935509496,0.026245374265017867,-15.809472297134025,1.5906521978838797,
architecture,early_heavy,1,full_hebbian,HHH,enc3,hebbian_raw,enc3_end,0.0035400047289277526,9966.27284182646,3.551984563426045e-07,0.9999937341574731,13.393928442589754,11.269079743768202,5.127047991320933,
architecture,early_heavy,1,full_hebbian,HHH,enc3,hebbian_effective,enc3_end,0.000772017806836863,4.806856790732066,0.00016060761542250056,0.9999997019880525,13.884816633230198,11.425401487098178,5.127047991320933,
architecture,early_heavy,1,full_bp,BBB,enc1,bp_raw,final_validation_selected,1,1,1,0,4.391288105867893,6.425919314528233,4.391288105867893,0.0007289623864926397
architecture,early_heavy,1,full_bp,BBB,enc2,bp_raw,final_validation_selected,1,1,1,0,4.262954185035082,6.297106652079175,4.262954185035082,0.0016877167369239033
architecture,early_heavy,1,full_bp,BBB,enc3,bp_raw,final_validation_selected,1,1,1,0,5.6248532682689545,7.501111977856617,5.6248532682689545,0.003783928588964045
architecture,early_heavy,1,hybrid_hhb,HHB,enc3,bp_raw,final_validation_selected,1,1,1,0,11.71454140420119,10.6872529169327,11.71454140420119,0.025770881585776804
architecture,early_heavy,1,hybrid_hbb,HBB,enc2,bp_raw,final_validation_selected,1,1,1,0,18.663247849747453,12.709872235736071,18.663247849747453,0.004717435846105218
architecture,early_heavy,1,hybrid_hbb,HBB,enc3,bp_raw,final_validation_selected,1,1,1,0,5.940597946407913,7.738301607649985,5.940597946407913,0.003993451641872525
architecture,early_heavy,2,full_hebbian,HHH,enc1,hebbian_raw,enc1_end,0.34839769094954876,161.2856519135068,0.0021601282373708936,0.9373468133323686,479.72249313522514,26.809900820587472,1.632421297969531,
architecture,early_heavy,2,full_hebbian,HHH,enc1,hebbian_effective,enc1_end,0.34843892383686803,0.08064261544867236,4.3207475544518275,0.9373314038706209,477.7767576287499,26.792250188355876,1.632421297969531,
architecture,early_heavy,2,hybrid_hhb,HHB,enc1,hebbian_raw,enc1_end,0.34839769094954876,161.2856519135068,0.0021601282373708936,0.9373468133323686,479.72249313522514,26.809900820587472,1.632421297969531,
architecture,early_heavy,2,hybrid_hhb,HHB,enc1,hebbian_effective,enc1_end,0.34843892383686803,0.08064261544867236,4.3207475544518275,0.9373314038706209,477.7767576287499,26.792250188355876,1.632421297969531,
architecture,early_heavy,2,hybrid_hbb,HBB,enc1,hebbian_raw,enc1_end,0.34839769094954876,161.2856519135068,0.0021601282373708936,0.9373468133323686,479.72249313522514,26.809900820587472,1.632421297969531,
architecture,early_heavy,2,hybrid_hbb,HBB,enc1,hebbian_effective,enc1_end,0.34843892383686803,0.08064261544867236,4.3207475544518275,0.9373314038706209,477.7767576287499,26.792250188355876,1.632421297969531,
architecture,early_heavy,2,full_hebbian,HHH,enc2,hebbian_raw,enc2_end,-0.010444950080817828,5.736148445813878,-0.0018208995447947021,0.9999454499242147,0.012745458541113653,-18.9464453537768,1.8005793501291343,
architecture,early_heavy,2,full_hebbian,HHH,enc2,hebbian_effective,enc2_end,-0.009617939748695285,0.0028684190693789636,-3.3492526105647045,0.9999537462092974,0.012748297656351408,-18.94547804862428,1.8005793501291343,
architecture,early_heavy,2,hybrid_hhb,HHB,enc2,hebbian_raw,enc2_end,-0.010444950080817828,5.736148445813878,-0.0018208995447947021,0.9999454499242147,0.012745458541113653,-18.9464453537768,1.8005793501291343,
architecture,early_heavy,2,hybrid_hhb,HHB,enc2,hebbian_effective,enc2_end,-0.009617939748695285,0.0028684190693789636,-3.3492526105647045,0.9999537462092974,0.012748297656351408,-18.94547804862428,1.8005793501291343,
architecture,early_heavy,2,full_hebbian,HHH,enc3,hebbian_raw,enc3_end,0.0009784965862046897,5523.492228312237,1.7715179921560576e-07,0.9999995212662062,6.617658216347497,8.207043333002105,4.2237314863337225,
architecture,early_heavy,2,full_hebbian,HHH,enc3,hebbian_effective,enc3_end,0.0005724526900778418,2.7259541138380006,0.0002100008533427233,0.9999998361430511,6.7061095691800805,8.264706449624034,4.2237314863337225,
architecture,early_heavy,2,full_bp,BBB,enc1,bp_raw,final_validation_selected,1,1,1,0,61.60392423900976,17.896083780907944,61.60392423900976,0.002568605728447437
architecture,early_heavy,2,full_bp,BBB,enc2,bp_raw,final_validation_selected,1,1,1,0,29.28676018359472,14.666713309779402,29.28676018359472,0.0041902920976281165
architecture,early_heavy,2,full_bp,BBB,enc3,bp_raw,final_validation_selected,1,1,1,0,9.509100817699716,9.781394519138598,9.509100817699716,0.004608671432361006
architecture,early_heavy,2,hybrid_hhb,HHB,enc3,bp_raw,final_validation_selected,1,1,1,0,11.315919640241322,10.536898546630303,11.315919640241322,0.024529381953179837
architecture,early_heavy,2,hybrid_hbb,HBB,enc2,bp_raw,final_validation_selected,1,1,1,0,6.652771316654181,8.23002595199826,6.652771316654181,0.002835144093260169
architecture,early_heavy,2,hybrid_hbb,HBB,enc3,bp_raw,final_validation_selected,1,1,1,0,9.640676695553813,9.8410751884376,9.640676695553813,0.004912614999338985
architecture,early_heavy,3,full_hebbian,HHH,enc1,hebbian_raw,enc1_end,0.34233643258356905,161.542332671194,0.0021191747510229913,0.9395774403612281,504.11430947363124,27.025290252247707,1.140660749745709,
architecture,early_heavy,3,full_hebbian,HHH,enc1,hebbian_effective,enc1_end,0.34240464193553116,0.08077177210337909,4.239129753769611,0.9395525015418775,501.81535414544464,27.005439453776063,1.140660749745709,
architecture,early_heavy,3,hybrid_hhb,HHB,enc1,hebbian_raw,enc1_end,0.34233643258356905,161.542332671194,0.0021191747510229913,0.9395774403612281,504.11430947363124,27.025290252247707,1.140660749745709,
architecture,early_heavy,3,hybrid_hhb,HHB,enc1,hebbian_effective,enc1_end,0.34240464193553116,0.08077177210337909,4.239129753769611,0.9395525015418775,501.81535414544464,27.005439453776063,1.140660749745709,
architecture,early_heavy,3,hybrid_hbb,HBB,enc1,hebbian_raw,enc1_end,0.34233643258356905,161.542332671194,0.0021191747510229913,0.9395774403612281,504.11430947363124,27.025290252247707,1.140660749745709,
architecture,early_heavy,3,hybrid_hbb,HBB,enc1,hebbian_effective,enc1_end,0.34240464193553116,0.08077177210337909,4.239129753769611,0.9395525015418775,501.81535414544464,27.005439453776063,1.140660749745709,
architecture,early_heavy,3,full_hebbian,HHH,enc2,hebbian_raw,enc2_end,0.05495886614651932,16.72029456009531,0.0032869556241616996,0.9984886191895138,0.0264468521642048,-15.776260124405667,0.429528346543367,
architecture,early_heavy,3,full_hebbian,HHH,enc2,hebbian_effective,enc2_end,0.05466820525981086,0.008360466024388332,6.535726561400741,0.9985045634607652,0.02644853492639706,-15.77598379999445,0.429528346543367,
architecture,early_heavy,3,hybrid_hhb,HHB,enc2,hebbian_raw,enc2_end,0.05495886614651932,16.72029456009531,0.0032869556241616996,0.9984886191895138,0.0264468521642048,-15.776260124405667,0.429528346543367,
architecture,early_heavy,3,hybrid_hhb,HHB,enc2,hebbian_effective,enc2_end,0.05466820525981086,0.008360466024388332,6.535726561400741,0.9985045634607652,0.02644853492639706,-15.77598379999445,0.429528346543367,
architecture,early_heavy,3,full_hebbian,HHH,enc3,hebbian_raw,enc3_end,-0.0017925792742789852,6453.657373529143,-2.7776176678032086e-07,0.9999983933213974,5.7085999971996895,7.565296129672641,2.5935067982605373,
architecture,early_heavy,3,full_hebbian,HHH,enc3,hebbian_effective,enc3_end,-0.00029001174883052847,3.1864706902217095,-9.101346819902147e-05,0.9999999579395075,5.782489108029628,7.6211482340079195,2.5935067982605373,
architecture,early_heavy,3,full_bp,BBB,enc1,bp_raw,final_validation_selected,1,1,1,0,20.7644357312945,13.173201337548406,20.7644357312945,0.0015922311157919467
architecture,early_heavy,3,full_bp,BBB,enc2,bp_raw,final_validation_selected,1,1,1,0,12.00184946296712,10.792481751868925,12.00184946296712,0.0026683760760352017
architecture,early_heavy,3,full_bp,BBB,enc3,bp_raw,final_validation_selected,1,1,1,0,5.332197652900586,7.269062393864379,5.332197652900586,0.003701279773376882
architecture,early_heavy,3,hybrid_hhb,HHB,enc3,bp_raw,final_validation_selected,1,1,1,0,11.40265681850091,10.570060537208061,11.40265681850091,0.025707217678427697
architecture,early_heavy,3,hybrid_hbb,HBB,enc2,bp_raw,final_validation_selected,1,1,1,0,3.8234205883088097,5.824520744079264,3.8234205883088097,0.002397405686788261
architecture,early_heavy,3,hybrid_hbb,HBB,enc3,bp_raw,final_validation_selected,1,1,1,0,5.795576631971879,7.63096652659385,5.795576631971879,0.003937944485805929
architecture,early_heavy,4,full_hebbian,HHH,enc1,hebbian_raw,enc1_end,0.22891671068263617,114.73588311119207,0.0019951623197677426,0.9734460124655357,416.3590405205855,26.194679990545488,1.9528381551009182,
architecture,early_heavy,4,full_hebbian,HHH,enc1,hebbian_effective,enc1_end,0.2288178349312967,0.05736775894767919,3.988574068845388,0.9734692263196827,414.3375178179711,26.173542599784856,1.9528381551009182,
architecture,early_heavy,4,hybrid_hhb,HHB,enc1,hebbian_raw,enc1_end,0.22891671068263617,114.73588311119207,0.0019951623197677426,0.9734460124655357,416.3590405205855,26.194679990545488,1.9528381551009182,
architecture,early_heavy,4,hybrid_hhb,HHB,enc1,hebbian_effective,enc1_end,0.2288178349312967,0.05736775894767919,3.988574068845388,0.9734692263196827,414.3375178179711,26.173542599784856,1.9528381551009182,
architecture,early_heavy,4,hybrid_hbb,HBB,enc1,hebbian_raw,enc1_end,0.22891671068263617,114.73588311119207,0.0019951623197677426,0.9734460124655357,416.3590405205855,26.194679990545488,1.9528381551009182,
architecture,early_heavy,4,hybrid_hbb,HBB,enc1,hebbian_effective,enc1_end,0.2288178349312967,0.05736775894767919,3.988574068845388,0.9734692263196827,414.3375178179711,26.173542599784856,1.9528381551009182,
architecture,early_heavy,4,full_hebbian,HHH,enc2,hebbian_raw,enc2_end,-0.010588132731505035,7.460297575393698,-0.0014192641289178139,0.9999439440647749,0.014219117757235873,-18.47127349109102,2.6039613070492633,
architecture,early_heavy,4,full_hebbian,HHH,enc2,hebbian_effective,enc2_end,-0.011109995056406752,0.0037298586314884617,-2.9770643127416414,0.9999382817833931,0.014216803078691729,-18.47198052085603,2.6039613070492633,
architecture,early_heavy,4,hybrid_hhb,HHB,enc2,hebbian_raw,enc2_end,-0.010588132731505035,7.460297575393698,-0.0014192641289178139,0.9999439440647749,0.014219117757235873,-18.47127349109102,2.6039613070492633,
architecture,early_heavy,4,hybrid_hhb,HHB,enc2,hebbian_effective,enc2_end,-0.011109995056406752,0.0037298586314884617,-2.9770643127416414,0.9999382817833931,0.014216803078691729,-18.47198052085603,2.6039613070492633,
architecture,early_heavy,4,full_hebbian,HHH,enc3,hebbian_raw,enc3_end,-0.0017540433568518415,17741.464427071773,-9.886688689373558e-08,0.9999984616583224,27.01776684965985,14.316494496101386,4.362159953227982,
architecture,early_heavy,4,full_hebbian,HHH,enc3,hebbian_effective,enc3_end,-0.00045764801036557483,8.07943180138323,-5.664358851155013e-05,0.9999998952726982,29.522953459565866,14.701598018986662,4.362159953227982,
architecture,early_heavy,4,full_bp,BBB,enc1,bp_raw,final_validation_selected,1,1,1,0,0.9559897290499593,-0.19546773666251877,0.9559897290499593,0.0004571150301489979
architecture,early_heavy,4,full_bp,BBB,enc2,bp_raw,final_validation_selected,1,1,1,0,1.1861502521723588,0.7413970551750447,1.1861502521723588,0.001119455551961437
architecture,early_heavy,4,full_bp,BBB,enc3,bp_raw,final_validation_selected,1,1,1,0,4.612263439892976,6.639141050459838,4.612263439892976,0.0034003712702542544
architecture,early_heavy,4,hybrid_hhb,HHB,enc3,bp_raw,final_validation_selected,1,1,1,0,8.681802056104463,9.386098797609675,8.681802056104463,0.02543633658438921
architecture,early_heavy,4,hybrid_hbb,HBB,enc2,bp_raw,final_validation_selected,1,1,1,0,3.165092223550558,5.003863688859455,3.165092223550558,0.0024739015800878407
architecture,early_heavy,4,hybrid_hbb,HBB,enc3,bp_raw,final_validation_selected,1,1,1,0,6.159436699260835,7.89540996322084,6.159436699260835,0.0062926775217056275
architecture,late_heavy,0,full_hebbian,HHH,enc1,hebbian_raw,enc1_end,0.6720486839681163,69.28616924771782,0.00969960803921113,0.7405069652513551,595.4907382374381,27.748750112198827,5.920496857641627,
architecture,late_heavy,0,full_hebbian,HHH,enc1,hebbian_effective,enc1_end,0.6719995161911867,0.03464324924717903,19.39703080882708,0.7405508251868913,582.8471887318609,27.65554706063324,5.920496857641627,
architecture,late_heavy,0,hybrid_hhb,HHB,enc1,hebbian_raw,enc1_end,0.6720486839681163,69.28616924771782,0.00969960803921113,0.7405069652513551,595.4907382374381,27.748750112198827,5.920496857641627,
architecture,late_heavy,0,hybrid_hhb,HHB,enc1,hebbian_effective,enc1_end,0.6719995161911867,0.03464324924717903,19.39703080882708,0.7405508251868913,582.8471887318609,27.65554706063324,5.920496857641627,
architecture,late_heavy,0,hybrid_hbb,HBB,enc1,hebbian_raw,enc1_end,0.6720486839681163,69.28616924771782,0.00969960803921113,0.7405069652513551,595.4907382374381,27.748750112198827,5.920496857641627,
architecture,late_heavy,0,hybrid_hbb,HBB,enc1,hebbian_effective,enc1_end,0.6719995161911867,0.03464324924717903,19.39703080882708,0.7405508251868913,582.8471887318609,27.65554706063324,5.920496857641627,
architecture,late_heavy,0,full_hebbian,HHH,enc2,hebbian_raw,enc2_end,0.04773473231357518,132.38558367186715,0.0003605734929528836,0.9988600476925413,94.77804475865626,19.76707745096816,0.8473536419597418,
architecture,late_heavy,0,full_hebbian,HHH,enc2,hebbian_effective,enc2_end,0.04776892810810532,0.06619238115166608,0.72166015133727,0.9988584111395485,94.66405662911788,19.761851113076773,0.8473536419597418,
architecture,late_heavy,0,hybrid_hhb,HHB,enc2,hebbian_raw,enc2_end,0.04773473231357518,132.38558367186715,0.0003605734929528836,0.9988600476925413,94.77804475865626,19.76707745096816,0.8473536419597418,
architecture,late_heavy,0,hybrid_hhb,HHB,enc2,hebbian_effective,enc2_end,0.04776892810810532,0.06619238115166608,0.72166015133727,0.9988584111395485,94.66405662911788,19.761851113076773,0.8473536419597418,
architecture,late_heavy,0,full_hebbian,HHH,enc3,hebbian_raw,enc3_end,-0.00030610126982003115,255.02098069583118,-1.200298379301975e-06,0.9999999531414179,0.18746231187829399,-7.270860313415745,1.446745576879816,
architecture,late_heavy,0,full_hebbian,HHH,enc3,hebbian_effective,enc3_end,-0.0002455116702542963,0.12751478021618437,-0.0019253585241255312,0.9999999698524221,0.18750753000695372,-7.269812870039746,1.446745576879816,
architecture,late_heavy,0,full_bp,BBB,enc1,bp_raw,final_validation_selected,1,1,1,0,22.750471241627316,13.569903968401107,22.750471241627316,0.0040410763304680585
architecture,late_heavy,0,full_bp,BBB,enc2,bp_raw,final_validation_selected,1,1,1,0,9.216420423007797,9.645622776272887,9.216420423007797,0.004534831685014069
architecture,late_heavy,0,full_bp,BBB,enc3,bp_raw,final_validation_selected,1,1,1,0,2.287816810629327,3.5942124681770036,2.287816810629327,0.004485490331426263
architecture,late_heavy,0,hybrid_hhb,HHB,enc3,bp_raw,final_validation_selected,1,1,1,0,3.3061701172222375,5.193251962015838,3.3061701172222375,0.011022107135504484
architecture,late_heavy,0,hybrid_hbb,HBB,enc2,bp_raw,final_validation_selected,1,1,1,0,3.9617611889278104,5.978882931468227,3.9617611889278104,0.0035551428189501168
architecture,late_heavy,0,hybrid_hbb,HBB,enc3,bp_raw,final_validation_selected,1,1,1,0,3.3344232266829006,5.230207224708769,3.3344232266829006,0.00514144591987133
architecture,late_heavy,1,full_hebbian,HHH,enc1,hebbian_raw,enc1_end,0.9544387315285364,5.051808393027031,0.1889301132326477,0.29840694897462894,394.3743945897833,25.959087098965625,11.502055001150648,
architecture,late_heavy,1,full_hebbian,HHH,enc1,hebbian_effective,enc1_end,0.9544834758459115,0.0025257307309935998,377.81300357557905,0.29826202806167984,360.10275802194695,25.564264476393376,11.502055001150648,
architecture,late_heavy,1,hybrid_hhb,HHB,enc1,hebbian_raw,enc1_end,0.9544387315285364,5.051808393027031,0.1889301132326477,0.29840694897462894,394.3743945897833,25.959087098965625,11.502055001150648,
architecture,late_heavy,1,hybrid_hhb,HHB,enc1,hebbian_effective,enc1_end,0.9544834758459115,0.0025257307309935998,377.81300357557905,0.29826202806167984,360.10275802194695,25.564264476393376,11.502055001150648,
architecture,late_heavy,1,hybrid_hbb,HBB,enc1,hebbian_raw,enc1_end,0.9544387315285364,5.051808393027031,0.1889301132326477,0.29840694897462894,394.3743945897833,25.959087098965625,11.502055001150648,
architecture,late_heavy,1,hybrid_hbb,HBB,enc1,hebbian_effective,enc1_end,0.9544834758459115,0.0025257307309935998,377.81300357557905,0.29826202806167984,360.10275802194695,25.564264476393376,11.502055001150648,
architecture,late_heavy,1,full_hebbian,HHH,enc2,hebbian_raw,enc2_end,0.4559928590223813,50.724220873370584,0.00898964737790564,0.8899834335902789,295.83312155431645,24.710467961077804,0.860393676177882,
architecture,late_heavy,1,full_hebbian,HHH,enc2,hebbian_effective,enc2_end,0.4558947430638024,0.025362167337534457,17.97470489762117,0.8900334676542823,292.26519647365393,24.657771017776614,0.860393676177882,
architecture,late_heavy,1,hybrid_hhb,HHB,enc2,hebbian_raw,enc2_end,0.4559928590223813,50.724220873370584,0.00898964737790564,0.8899834335902789,295.83312155431645,24.710467961077804,0.860393676177882,
architecture,late_heavy,1,hybrid_hhb,HHB,enc2,hebbian_effective,enc2_end,0.4558947430638024,0.025362167337534457,17.97470489762117,0.8900334676542823,292.26519647365393,24.657771017776614,0.860393676177882,
architecture,late_heavy,1,full_hebbian,HHH,enc3,hebbian_raw,enc3_end,0.000874805624524788,11.092109230719574,7.886738277887743e-05,0.9999996173459064,0.030380381370046828,-15.17406778667198,1.53906963264778,
architecture,late_heavy,1,full_hebbian,HHH,enc3,hebbian_effective,enc3_end,0.0008078806863770422,0.005546110822566019,0.14566553203281504,0.9999996736527491,0.030381029164707765,-15.173975183934754,1.53906963264778,
architecture,late_heavy,1,full_bp,BBB,enc1,bp_raw,final_validation_selected,1,1,1,0,54.8027169581808,17.388020900664042,54.8027169581808,0.004542284114286303
architecture,late_heavy,1,full_bp,BBB,enc2,bp_raw,final_validation_selected,1,1,1,0,33.651650774757655,15.270063733083937,33.651650774757655,0.004100819248706102
architecture,late_heavy,1,full_bp,BBB,enc3,bp_raw,final_validation_selected,1,1,1,0,6.851442490314552,8.357820166941357,6.851442490314552,0.0040450437273830174
architecture,late_heavy,1,hybrid_hhb,HHB,enc3,bp_raw,final_validation_selected,1,1,1,0,2.713752837986227,4.335702906388426,2.713752837986227,0.005572582175955176
architecture,late_heavy,1,hybrid_hbb,HBB,enc2,bp_raw,final_validation_selected,1,1,1,0,2.008850164228667,3.029475448739621,2.008850164228667,0.0015534238913096487
architecture,late_heavy,1,hybrid_hbb,HBB,enc3,bp_raw,final_validation_selected,1,1,1,0,2.583576441447666,4.122213157395406,2.583576441447666,0.002766412105411291
architecture,late_heavy,2,full_hebbian,HHH,enc1,hebbian_raw,enc1_end,0.9584548287360867,16.0314780212484,0.059785805629054736,0.285244352694338,753.3191862933409,28.769790286236308,5.028156685167672,
architecture,late_heavy,2,full_hebbian,HHH,enc1,hebbian_effective,enc1_end,0.9584025056740155,0.008015880642041099,119.55463610943227,0.28541830128954604,715.4484730978678,28.545783611494958,5.028156685167672,
architecture,late_heavy,2,hybrid_hhb,HHB,enc1,hebbian_raw,enc1_end,0.9584548287360867,16.0314780212484,0.059785805629054736,0.285244352694338,753.3191862933409,28.769790286236308,5.028156685167672,
architecture,late_heavy,2,hybrid_hhb,HHB,enc1,hebbian_effective,enc1_end,0.9584025056740155,0.008015880642041099,119.55463610943227,0.28541830128954604,715.4484730978678,28.545783611494958,5.028156685167672,
architecture,late_heavy,2,hybrid_hbb,HBB,enc1,hebbian_raw,enc1_end,0.9584548287360867,16.0314780212484,0.059785805629054736,0.285244352694338,753.3191862933409,28.769790286236308,5.028156685167672,
architecture,late_heavy,2,hybrid_hbb,HBB,enc1,hebbian_effective,enc1_end,0.9584025056740155,0.008015880642041099,119.55463610943227,0.28541830128954604,715.4484730978678,28.545783611494958,5.028156685167672,
architecture,late_heavy,2,full_hebbian,HHH,enc2,hebbian_raw,enc2_end,0.5440723351206992,83.34869513358383,0.006527664701886108,0.839038314868729,335.1515865384199,25.2524127959503,1.1439360266939185,
architecture,late_heavy,2,full_hebbian,HHH,enc2,hebbian_effective,enc2_end,0.544141518673946,0.04167438807310498,13.056834279676472,0.8389932814901409,333.79952072516664,25.234857087765267,1.1439360266939185,
architecture,late_heavy,2,hybrid_hhb,HHB,enc2,hebbian_raw,enc2_end,0.5440723351206992,83.34869513358383,0.006527664701886108,0.839038314868729,335.1515865384199,25.2524127959503,1.1439360266939185,
architecture,late_heavy,2,hybrid_hhb,HHB,enc2,hebbian_effective,enc2_end,0.544141518673946,0.04167438807310498,13.056834279676472,0.8389932814901409,333.79952072516664,25.234857087765267,1.1439360266939185,
architecture,late_heavy,2,full_hebbian,HHH,enc3,hebbian_raw,enc3_end,0.0006384322580005364,32.58881345023787,1.959053400241577e-05,0.9999997961875786,0.04919235934109424,-13.081023475108882,0.9247772540600945,
architecture,late_heavy,2,full_hebbian,HHH,enc3,hebbian_effective,enc3_end,0.0006301419357600623,0.016294554337739364,0.038671904122920694,0.9999998014460182,0.04919345268300393,-13.080926950549403,0.9247772540600945,
architecture,late_heavy,2,full_bp,BBB,enc1,bp_raw,final_validation_selected,1,1,1,0,16.462500221721626,12.164957938190417,16.462500221721626,0.002718208353035152
architecture,late_heavy,2,full_bp,BBB,enc2,bp_raw,final_validation_selected,1,1,1,0,7.332498943099135,8.652520090537154,7.332498943099135,0.002631606503855437
architecture,late_heavy,2,full_bp,BBB,enc3,bp_raw,final_validation_selected,1,1,1,0,5.415454866477784,7.3363494068520225,5.415454866477784,0.004056175192818046
architecture,late_heavy,2,hybrid_hhb,HHB,enc3,bp_raw,final_validation_selected,1,1,1,0,4.155095546067277,6.1858101479947845,4.155095546067277,0.005094777718186378
architecture,late_heavy,2,hybrid_hbb,HBB,enc2,bp_raw,final_validation_selected,1,1,1,0,1.2678467317698117,1.0306675546223825,1.2678467317698117,0.0012362606753595173
architecture,late_heavy,2,hybrid_hbb,HBB,enc3,bp_raw,final_validation_selected,1,1,1,0,2.696982680965388,4.308781575818069,2.696982680965388,0.00315645219758153
architecture,late_heavy,3,full_hebbian,HHH,enc1,hebbian_raw,enc1_end,0.9689992065118908,2.262898928697037,0.42821143903333053,0.24706383229830062,960.6537338465996,29.82566875099532,21.50978225194048,
architecture,late_heavy,3,full_hebbian,HHH,enc1,hebbian_effective,enc1_end,0.9693568673375544,0.0011316527776387567,856.1454967338822,0.24565508054096194,641.3482705576903,28.070939279695047,21.50978225194048,
architecture,late_heavy,3,hybrid_hhb,HHB,enc1,hebbian_raw,enc1_end,0.9689992065118908,2.262898928697037,0.42821143903333053,0.24706383229830062,960.6537338465996,29.82566875099532,21.50978225194048,
architecture,late_heavy,3,hybrid_hhb,HHB,enc1,hebbian_effective,enc1_end,0.9693568673375544,0.0011316527776387567,856.1454967338822,0.24565508054096194,641.3482705576903,28.070939279695047,21.50978225194048,
architecture,late_heavy,3,hybrid_hbb,HBB,enc1,hebbian_raw,enc1_end,0.9689992065118908,2.262898928697037,0.42821143903333053,0.24706383229830062,960.6537338465996,29.82566875099532,21.50978225194048,
architecture,late_heavy,3,hybrid_hbb,HBB,enc1,hebbian_effective,enc1_end,0.9693568673375544,0.0011316527776387567,856.1454967338822,0.24565508054096194,641.3482705576903,28.070939279695047,21.50978225194048,
architecture,late_heavy,3,full_hebbian,HHH,enc2,hebbian_raw,enc2_end,0.6732036175149424,7.255778634824902,0.09278171954257014,0.7394571575261484,153.1985546213446,21.852546678883904,0.8378908507879441,
architecture,late_heavy,3,full_hebbian,HHH,enc2,hebbian_effective,enc2_end,0.6731409423412665,0.0036279589760791035,185.38183510633357,0.7395125101613609,134.30252655349736,21.280841828691692,0.8378908507879441,
architecture,late_heavy,3,hybrid_hhb,HHB,enc2,hebbian_raw,enc2_end,0.6732036175149424,7.255778634824902,0.09278171954257014,0.7394571575261484,153.1985546213446,21.852546678883904,0.8378908507879441,
architecture,late_heavy,3,hybrid_hhb,HHB,enc2,hebbian_effective,enc2_end,0.6731409423412665,0.0036279589760791035,185.38183510633357,0.7395125101613609,134.30252655349736,21.280841828691692,0.8378908507879441,
architecture,late_heavy,3,full_hebbian,HHH,enc3,hebbian_raw,enc3_end,-0.0016070776833932185,4.68301542537791,-0.0003431715545436539,0.9999987086287895,0.03520549475137661,-14.533895480569043,0.5572282279314066,
architecture,late_heavy,3,full_hebbian,HHH,enc3,hebbian_effective,enc3_end,-0.0016039812737383956,0.0023415291471832684,-0.6849592816519714,0.999998713599695,0.03520600967192351,-14.53383196050823,0.5572282279314066,
architecture,late_heavy,3,full_bp,BBB,enc1,bp_raw,final_validation_selected,1,1,1,0,1.27707813783713,1.0621747032005073,1.27707813783713,0.0006924266210990026
architecture,late_heavy,3,full_bp,BBB,enc2,bp_raw,final_validation_selected,1,1,1,0,1.675121811768337,2.2404639361483336,1.675121811768337,0.00142550187301822
architecture,late_heavy,3,full_bp,BBB,enc3,bp_raw,final_validation_selected,1,1,1,0,4.6171413223814985,6.643731677266117,4.6171413223814985,0.0032296299794688822
architecture,late_heavy,3,hybrid_hhb,HHB,enc3,bp_raw,final_validation_selected,1,1,1,0,0.8438577276558554,-0.7373076818756451,0.8438577276558554,0.003475762018933892
architecture,late_heavy,3,hybrid_hbb,HBB,enc2,bp_raw,final_validation_selected,1,1,1,0,7.19816907636303,8.57222043493483,7.19816907636303,0.0035013913223519923
architecture,late_heavy,3,hybrid_hbb,HBB,enc3,bp_raw,final_validation_selected,1,1,1,0,1.6124736170888567,2.074926175420578,1.6124736170888567,0.0024105785274878143
architecture,late_heavy,4,full_hebbian,HHH,enc1,hebbian_raw,enc1_end,0.4265425983212107,82.78555367308967,0.005152379609831127,0.9044674735999603,458.76590485854507,26.615911339850825,2.1175412379697773,
architecture,late_heavy,4,full_hebbian,HHH,enc1,hebbian_effective,enc1_end,0.4263065004526107,0.04139283626371652,10.29841436132158,0.9045782517278265,445.5086660297504,26.48856156346621,2.1175412379697773,
architecture,late_heavy,4,hybrid_hhb,HHB,enc1,hebbian_raw,enc1_end,0.4265425983212107,82.78555367308967,0.005152379609831127,0.9044674735999603,458.76590485854507,26.615911339850825,2.1175412379697773,
architecture,late_heavy,4,hybrid_hhb,HHB,enc1,hebbian_effective,enc1_end,0.4263065004526107,0.04139283626371652,10.29841436132158,0.9045782517278265,445.5086660297504,26.48856156346621,2.1175412379697773,
architecture,late_heavy,4,hybrid_hbb,HBB,enc1,hebbian_raw,enc1_end,0.4265425983212107,82.78555367308967,0.005152379609831127,0.9044674735999603,458.76590485854507,26.615911339850825,2.1175412379697773,
architecture,late_heavy,4,hybrid_hbb,HBB,enc1,hebbian_effective,enc1_end,0.4263065004526107,0.04139283626371652,10.29841436132158,0.9045782517278265,445.5086660297504,26.48856156346621,2.1175412379697773,
architecture,late_heavy,4,full_hebbian,HHH,enc2,hebbian_raw,enc2_end,0.0006890291764451989,98.53016107433385,6.993078759494012e-06,0.9999997624221982,19.271190536995736,12.849085453599907,1.2478402210924915,
architecture,late_heavy,4,full_hebbian,HHH,enc2,hebbian_effective,enc2_end,0.0007610353434350531,0.04926527765541048,0.01544746706279969,0.9999997102149334,19.26533665758043,12.847766026172254,1.2478402210924915,
architecture,late_heavy,4,hybrid_hhb,HHB,enc2,hebbian_raw,enc2_end,0.0006890291764451989,98.53016107433385,6.993078759494012e-06,0.9999997624221982,19.271190536995736,12.849085453599907,1.2478402210924915,
architecture,late_heavy,4,hybrid_hhb,HHB,enc2,hebbian_effective,enc2_end,0.0007610353434350531,0.04926527765541048,0.01544746706279969,0.9999997102149334,19.26533665758043,12.847766026172254,1.2478402210924915,
architecture,late_heavy,4,full_hebbian,HHH,enc3,hebbian_raw,enc3_end,-0.0003483658161858026,623.0390096049952,-5.591396538779192e-07,0.9999999393124138,0.3760735458720322,-4.247272150643637,1.6892911560380783,
architecture,late_heavy,4,full_hebbian,HHH,enc3,hebbian_effective,enc3_end,-0.0003168454177317385,0.3114956104661809,-0.0010171745826635117,0.9999999497962765,0.37632191681408317,-4.244404878341626,1.6892911560380783,
architecture,late_heavy,4,full_bp,BBB,enc1,bp_raw,final_validation_selected,1,1,1,0,0.02845489407276766,-15.458430267732144,0.02845489407276766,0.00201678462093696
architecture,late_heavy,4,full_bp,BBB,enc2,bp_raw,final_validation_selected,1,1,1,0,0.053271724104008586,-12.735032473349314,0.053271724104008586,0.004940456282347441
architecture,late_heavy,4,full_bp,BBB,enc3,bp_raw,final_validation_selected,1,1,1,0,0.14200931128378633,-8.476831788099613,0.14200931128378633,0.005745757110416889
architecture,late_heavy,4,hybrid_hhb,HHB,enc3,bp_raw,final_validation_selected,1,1,1,0,0.7823691975319974,-1.0658825638663225,0.7823691975319974,0.022022160072810947
architecture,late_heavy,4,hybrid_hbb,HBB,enc2,bp_raw,final_validation_selected,1,1,1,0,1.568929533765629,1.9560343830715035,1.568929533765629,0.0037757873442023993
architecture,late_heavy,4,hybrid_hbb,HBB,enc3,bp_raw,final_validation_selected,1,1,1,0,1.3221043333069056,1.2126572866819674,1.3221043333069056,0.004510073121637106
