case,seed,method,layer,representation_layer,rule,alignment,update_snr_linear,winner_entropy,winner_coverage_ratio,effective_rank,linear_probe_cv_accuracy
balanced,0,HHH,enc1,h1,hebbian_raw,0.36250712677130614,445.95718634156543,0.644395082748999,0.9375,1.3588979863432997,0.8945000000000001
balanced,0,HHH,enc1,h1,hebbian_effective,0.3627579445501469,438.4414077882893,0.644395082748999,0.9375,1.3588979863432997,0.8945000000000001
balanced,0,HHB,enc1,h1,hebbian_raw,0.36250712677130614,445.95718634156543,0.644395082748999,0.9375,1.3588979863432997,0.8945000000000001
balanced,0,HHB,enc1,h1,hebbian_effective,0.3627579445501469,438.4414077882893,0.644395082748999,0.9375,1.3588979863432997,0.8945000000000001
balanced,0,HBB,enc1,h1,hebbian_raw,0.36250712677130614,445.95718634156543,0.644395082748999,0.9375,1.3588979863432997,0.8945000000000001
balanced,0,HBB,enc1,h1,hebbian_effective,0.3627579445501469,438.4414077882893,0.644395082748999,0.9375,1.3588979863432997,0.8945000000000001
balanced,0,HHH,enc2,h2,hebbian_raw,0.03327219358710542,0.023695704077297805,0.41772551488886867,0.28125,1.0511373537594146,0.9040000000000001
balanced,0,HHH,enc2,h2,hebbian_effective,0.033257464568128,0.02369393634256313,0.41772551488886867,0.28125,1.0511373537594146,0.9040000000000001
balanced,0,HHB,enc2,h2,hebbian_raw,0.03327219358710542,0.023695704077297805,0.41772551488886867,0.28125,1.0511373537594146,0.9040000000000001
balanced,0,HHB,enc2,h2,hebbian_effective,0.033257464568128,0.02369393634256313,0.41772551488886867,0.28125,1.0511373537594146,0.9040000000000001
balanced,0,HHH,enc3,z,hebbian_raw,-0.00017556993615663443,0.9488917333881128,0.4678924870096007,0.109375,1.0157807634039004,0.8594999999999999
balanced,0,HHH,enc3,z,hebbian_effective,0.00014485032794044194,0.9499663237316476,0.4678924870096007,0.109375,1.0157807634039004,0.8594999999999999
balanced,0,BBB,enc1,h1,bp_raw,1,35.74505579791076,0.7854660798995308,1,1.8115943054584107,0.9015000000000001
balanced,0,BBB,enc2,h2,bp_raw,1,13.282505973972768,0.9449302953263642,1,4.94383845129309,0.9199999999999999
balanced,0,BBB,enc3,z,bp_raw,1,6.083454442772313,0.8964696946312127,0.859375,20.10801888670681,0.8615
balanced,0,HHB,enc3,z,bp_raw,1,8.051443634500703,0.857835240168876,0.765625,11.822025073827069,0.884
balanced,0,HBB,enc2,h2,bp_raw,1,3.2968468977132677,0.9530462268397546,1,4.766046473475738,0.9145000000000001
balanced,0,HBB,enc3,z,bp_raw,1,2.4233853463156945,0.8855149297459567,0.828125,18.079015880433367,0.85
balanced,1,HHH,enc1,h1,hebbian_raw,0.33544189322147794,505.57435594248255,0.5673349039212929,0.9375,1.2575590929357559,0.8880000000000001
balanced,1,HHH,enc1,h1,hebbian_effective,0.3354160064780697,497.1249026835664,0.5673349039212929,0.9375,1.2575590929357559,0.8880000000000001
balanced,1,HHB,enc1,h1,hebbian_raw,0.33544189322147794,505.57435594248255,0.5673349039212929,0.9375,1.2575590929357559,0.8880000000000001
balanced,1,HHB,enc1,h1,hebbian_effective,0.3354160064780697,497.1249026835664,0.5673349039212929,0.9375,1.2575590929357559,0.8880000000000001
balanced,1,HBB,enc1,h1,hebbian_raw,0.33544189322147794,505.57435594248255,0.5673349039212929,0.9375,1.2575590929357559,0.8880000000000001
balanced,1,HBB,enc1,h1,hebbian_effective,0.3354160064780697,497.1249026835664,0.5673349039212929,0.9375,1.2575590929357559,0.8880000000000001
balanced,1,HHH,enc2,h2,hebbian_raw,0.0425865170461015,0.019091477197045716,0.41223654908450136,0.3125,1.0254568896561254,0.899
balanced,1,HHH,enc2,h2,hebbian_effective,0.041935509542549716,0.01909550588032193,0.41223654908450136,0.3125,1.0254568896561254,0.899
balanced,1,HHB,enc2,h2,hebbian_raw,0.0425865170461015,0.019091477197045716,0.41223654908450136,0.3125,1.0254568896561254,0.899
balanced,1,HHB,enc2,h2,hebbian_effective,0.041935509542549716,0.01909550588032193,0.41223654908450136,0.3125,1.0254568896561254,0.899
balanced,1,HHH,enc3,z,hebbian_raw,-0.0005787460255406012,2.3040349197755545,0.4678924870096007,0.109375,1.0164628614639042,0.8555000000000001
balanced,1,HHH,enc3,z,hebbian_effective,-0.0003290187266096823,2.3071834593666467,0.4678924870096007,0.109375,1.0164628614639042,0.8555000000000001
balanced,1,BBB,enc1,h1,bp_raw,1,1.506294677298877,0.7249345626062277,0.9375,1.6143505808004492,0.907
balanced,1,BBB,enc2,h2,bp_raw,1,2.1295903481396903,0.9530772220222704,1,4.006885315410282,0.9215
balanced,1,BBB,enc3,z,bp_raw,1,5.482630913792094,0.9021154829593594,0.84375,21.026661413267036,0.859
balanced,1,HHB,enc3,z,bp_raw,1,7.578053957470441,0.8127149411680655,0.734375,11.603221924223355,0.8724999999999999
balanced,1,HBB,enc2,h2,bp_raw,1,1.8111148416519587,0.9489979754952164,1,4.745434564941,0.9155
balanced,1,HBB,enc3,z,bp_raw,1,3.7015249767103704,0.8891700726256357,0.875,20.169725838392964,0.8625
balanced,2,HHH,enc1,h1,hebbian_raw,0.22936877903044836,425.01599365390695,0.5563920935811798,0.8125,1.3549779644806463,0.8959999999999999
balanced,2,HHH,enc1,h1,hebbian_effective,0.22939679408625802,416.86556337247293,0.5563920935811798,0.8125,1.3549779644806463,0.8959999999999999
balanced,2,HHB,enc1,h1,hebbian_raw,0.22936877903044836,425.01599365390695,0.5563920935811798,0.8125,1.3549779644806463,0.8959999999999999
balanced,2,HHB,enc1,h1,hebbian_effective,0.22939679408625802,416.86556337247293,0.5563920935811798,0.8125,1.3549779644806463,0.8959999999999999
balanced,2,HBB,enc1,h1,hebbian_raw,0.22936877903044836,425.01599365390695,0.5563920935811798,0.8125,1.3549779644806463,0.8959999999999999
balanced,2,HBB,enc1,h1,hebbian_effective,0.22939679408625802,416.86556337247293,0.5563920935811798,0.8125,1.3549779644806463,0.8959999999999999
balanced,2,HHH,enc2,h2,hebbian_raw,0.012317054516570365,0.01381880734378337,0.41421680998802995,0.4375,1.036049377312031,0.9030000000000001
balanced,2,HHH,enc2,h2,hebbian_effective,0.009900409640685672,0.013821606417463451,0.41421680998802995,0.4375,1.036049377312031,0.9030000000000001
balanced,2,HHB,enc2,h2,hebbian_raw,0.012317054516570365,0.01381880734378337,0.41421680998802995,0.4375,1.036049377312031,0.9030000000000001
balanced,2,HHB,enc2,h2,hebbian_effective,0.009900409640685672,0.013821606417463451,0.41421680998802995,0.4375,1.036049377312031,0.9030000000000001
balanced,2,HHH,enc3,z,hebbian_raw,0.0008418891463954116,1.3744181325797098,0.4678924870096007,0.109375,1.013705139950528,0.827
balanced,2,HHH,enc3,z,hebbian_effective,0.00039580959605551105,1.3758763126575315,0.4678924870096007,0.109375,1.013705139950528,0.827
balanced,2,BBB,enc1,h1,bp_raw,1,35.94485132003092,0.6834757844974378,1,1.8577058918078633,0.8944999999999999
balanced,2,BBB,enc2,h2,bp_raw,1,12.570205303440282,0.9460843511496491,1,4.471893672328078,0.921
balanced,2,BBB,enc3,z,bp_raw,1,6.055304816082957,0.9199348921012727,0.9375,22.98700624363303,0.858
balanced,2,HHB,enc3,z,bp_raw,1,10.203338431911106,0.8793630324337918,0.828125,12.443805695085741,0.8785000000000001
balanced,2,HBB,enc2,h2,bp_raw,1,16.15858197845042,0.9550923841412493,1,4.097498983714062,0.9105000000000001
balanced,2,HBB,enc3,z,bp_raw,1,8.373685372596698,0.9149002938537752,0.984375,22.321971991952694,0.8654999999999999
balanced,3,HHH,enc1,h1,hebbian_raw,0.5748699537341684,495.24554136644895,0.6454728610371573,0.8125,1.4780355004260795,0.8955
balanced,3,HHH,enc1,h1,hebbian_effective,0.5747478141972073,489.988543070083,0.6454728610371573,0.8125,1.4780355004260795,0.8955
balanced,3,HHB,enc1,h1,hebbian_raw,0.5748699537341684,495.24554136644895,0.6454728610371573,0.8125,1.4780355004260795,0.8955
balanced,3,HHB,enc1,h1,hebbian_effective,0.5747478141972073,489.988543070083,0.6454728610371573,0.8125,1.4780355004260795,0.8955
balanced,3,HBB,enc1,h1,hebbian_raw,0.5748699537341684,495.24554136644895,0.6454728610371573,0.8125,1.4780355004260795,0.8955
balanced,3,HBB,enc1,h1,hebbian_effective,0.5747478141972073,489.988543070083,0.6454728610371573,0.8125,1.4780355004260795,0.8955
balanced,3,HHH,enc2,h2,hebbian_raw,-0.007798300266753411,0.020345461605127166,0.45472717091576365,0.46875,1.0554948990237965,0.8995
balanced,3,HHH,enc2,h2,hebbian_effective,-0.007390942777821377,0.02034378910313187,0.45472717091576365,0.46875,1.0554948990237965,0.8995
balanced,3,HHB,enc2,h2,hebbian_raw,-0.007798300266753411,0.020345461605127166,0.45472717091576365,0.46875,1.0554948990237965,0.8995
balanced,3,HHB,enc2,h2,hebbian_effective,-0.007390942777821377,0.02034378910313187,0.45472717091576365,0.46875,1.0554948990237965,0.8995
balanced,3,HHH,enc3,z,hebbian_raw,-0.00011395801102504837,0.8641301159722321,0.4678924870096007,0.109375,1.013859982719699,0.8344999999999999
balanced,3,HHH,enc3,z,hebbian_effective,0.00012798288449116242,0.8645023969348514,0.4678924870096007,0.109375,1.013859982719699,0.8344999999999999
balanced,3,BBB,enc1,h1,bp_raw,1,0.9383277964017339,0.8616185859675997,1,2.3197434990192467,0.9025000000000001
balanced,3,BBB,enc2,h2,bp_raw,1,1.658338954228411,0.9295773020207232,1,3.8703695453569984,0.9099999999999999
balanced,3,BBB,enc3,z,bp_raw,1,6.077120529509909,0.90421904349602,0.953125,21.513318046362755,0.857
balanced,3,HHB,enc3,z,bp_raw,1,8.1145753352338,0.8627925024841373,0.84375,11.51100340441283,0.8714999999999999
balanced,3,HBB,enc2,h2,bp_raw,1,6.959537935075497,0.9294953470087863,1,3.2783763813616758,0.9115
balanced,3,HBB,enc3,z,bp_raw,1,6.420506686211862,0.9194456461891355,0.96875,20.788990354627803,0.86
balanced,4,HHH,enc1,h1,hebbian_raw,0.337764807102049,428.02955429875,0.6848225194094419,1,1.3541053454197658,0.8855000000000001
balanced,4,HHH,enc1,h1,hebbian_effective,0.3377262846725882,423.03841416369715,0.6848225194094419,1,1.3541053454197658,0.8855000000000001
balanced,4,HHB,enc1,h1,hebbian_raw,0.337764807102049,428.02955429875,0.6848225194094419,1,1.3541053454197658,0.8855000000000001
balanced,4,HHB,enc1,h1,hebbian_effective,0.3377262846725882,423.03841416369715,0.6848225194094419,1,1.3541053454197658,0.8855000000000001
balanced,4,HBB,enc1,h1,hebbian_raw,0.337764807102049,428.02955429875,0.6848225194094419,1,1.3541053454197658,0.8855000000000001
balanced,4,HBB,enc1,h1,hebbian_effective,0.3377262846725882,423.03841416369715,0.6848225194094419,1,1.3541053454197658,0.8855000000000001
balanced,4,HHH,enc2,h2,hebbian_raw,0.10133703138379713,0.01336615200576283,0.41551709769167083,0.21875,1.0575765977345988,0.8949999999999999
balanced,4,HHH,enc2,h2,hebbian_effective,0.10042706458364348,0.013364823497966178,0.41551709769167083,0.21875,1.0575765977345988,0.8949999999999999
balanced,4,HHB,enc2,h2,hebbian_raw,0.10133703138379713,0.01336615200576283,0.41551709769167083,0.21875,1.0575765977345988,0.8949999999999999
balanced,4,HHB,enc2,h2,hebbian_effective,0.10042706458364348,0.013364823497966178,0.41551709769167083,0.21875,1.0575765977345988,0.8949999999999999
balanced,4,HHH,enc3,z,hebbian_raw,-0.0003861602054314639,0.9675411677292599,0.4678924870096007,0.109375,1.0185098946747102,0.8535
balanced,4,HHH,enc3,z,hebbian_effective,-0.00011008694887457214,0.9691164848628255,0.4678924870096007,0.109375,1.0185098946747102,0.8535
balanced,4,BBB,enc1,h1,bp_raw,1,13.284956829802534,0.7957981019316515,1,1.808454755672995,0.8965
balanced,4,BBB,enc2,h2,bp_raw,1,4.969071322418628,0.9353232231341687,1,4.256810023427701,0.9225
balanced,4,BBB,enc3,z,bp_raw,1,4.983951808578103,0.8464390024338864,0.65625,15.708266059575005,0.867
balanced,4,HHB,enc3,z,bp_raw,1,8.666487150923249,0.8479969731734538,0.671875,10.325556901814611,0.8825000000000001
balanced,4,HBB,enc2,h2,bp_raw,1,3.6152383714173983,0.9307887340571173,1,3.9671071662694564,0.917
balanced,4,HBB,enc3,z,bp_raw,1,4.814195640574509,0.8272289072958351,0.640625,15.887873608130187,0.8789999999999999
early_heavy,0,HHH,enc1,h1,hebbian_raw,0.19145154830388963,449.44426871751654,0.7344017702035232,0.90625,1.3453445391190069,0.9065
early_heavy,0,HHH,enc1,h1,hebbian_effective,0.19152356291350361,447.1726104100697,0.7344017702035232,0.90625,1.3453445391190069,0.9065
early_heavy,0,HHB,enc1,h1,hebbian_raw,0.19145154830388963,449.44426871751654,0.7344017702035232,0.90625,1.3453445391190069,0.9065
early_heavy,0,HHB,enc1,h1,hebbian_effective,0.19152356291350361,447.1726104100697,0.7344017702035232,0.90625,1.3453445391190069,0.9065
early_heavy,0,HBB,enc1,h1,hebbian_raw,0.19145154830388963,449.44426871751654,0.7344017702035232,0.90625,1.3453445391190069,0.9065
early_heavy,0,HBB,enc1,h1,hebbian_effective,0.19152356291350361,447.1726104100697,0.7344017702035232,0.90625,1.3453445391190069,0.9065
early_heavy,0,HHH,enc2,h2,hebbian_raw,0.03693121032428871,0.032238462879107456,0.32969533691986563,0.10714285714285714,1.016736405469817,0.8955
early_heavy,0,HHH,enc2,h2,hebbian_effective,0.036982043753651016,0.03223898364144293,0.32969533691986563,0.10714285714285714,1.016736405469817,0.8955
early_heavy,0,HHB,enc2,h2,hebbian_raw,0.03693121032428871,0.032238462879107456,0.32969533691986563,0.10714285714285714,1.016736405469817,0.8955
early_heavy,0,HHB,enc2,h2,hebbian_effective,0.036982043753651016,0.03223898364144293,0.32969533691986563,0.10714285714285714,1.016736405469817,0.8955
early_heavy,0,HHH,enc3,z,hebbian_raw,-0.0008340061251812614,9.9020675174365,0.4678924870096007,0.109375,1.01535235109467,0.8390000000000001
early_heavy,0,HHH,enc3,z,hebbian_effective,-0.0002770446935904469,10.190214853140924,0.4678924870096007,0.109375,1.01535235109467,0.8390000000000001
early_heavy,0,BBB,enc1,h1,bp_raw,1,14.982110629427536,0.8670814978427254,1,2.2725618281551605,0.9045
early_heavy,0,BBB,enc2,h2,bp_raw,1,8.332227174614546,0.9237007103260121,1,4.1912274010982795,0.9285
early_heavy,0,BBB,enc3,z,bp_raw,1,4.336928029435534,0.842052926966241,0.65625,15.37101050356832,0.8724999999999999
early_heavy,0,HHB,enc3,z,bp_raw,1,9.75136401158401,0.8260417464452928,0.640625,10.204170356025974,0.8865000000000001
early_heavy,0,HBB,enc2,h2,bp_raw,1,3.324570140107585,0.9422845630963517,1,4.8952464520075605,0.9259999999999999
early_heavy,0,HBB,enc3,z,bp_raw,1,3.2549669503983667,0.8356967393862673,0.671875,13.889252337845413,0.875
early_heavy,1,HHH,enc1,h1,hebbian_raw,0.28729391951380606,469.6469049682443,0.7126906953416623,0.859375,1.3037796544986835,0.8975
early_heavy,1,HHH,enc1,h1,hebbian_effective,0.28721761741162055,467.2837483744958,0.7126906953416623,0.859375,1.3037796544986835,0.8975
early_heavy,1,HHB,enc1,h1,hebbian_raw,0.28729391951380606,469.6469049682443,0.7126906953416623,0.859375,1.3037796544986835,0.8975
early_heavy,1,HHB,enc1,h1,hebbian_effective,0.28721761741162055,467.2837483744958,0.7126906953416623,0.859375,1.3037796544986835,0.8975
early_heavy,1,HBB,enc1,h1,hebbian_raw,0.28729391951380606,469.6469049682443,0.7126906953416623,0.859375,1.3037796544986835,0.8975
early_heavy,1,HBB,enc1,h1,hebbian_effective,0.28721761741162055,467.2837483744958,0.7126906953416623,0.859375,1.3037796544986835,0.8975
early_heavy,1,HHH,enc2,h2,hebbian_raw,0.03203322538885703,0.026244734238799167,0.32969533691986563,0.10714285714285714,1.0146048099900986,0.9039999999999999
early_heavy,1,HHH,enc2,h2,hebbian_effective,0.03202100814894706,0.026245374265017867,0.32969533691986563,0.10714285714285714,1.0146048099900986,0.9039999999999999
early_heavy,1,HHB,enc2,h2,hebbian_raw,0.03203322538885703,0.026244734238799167,0.32969533691986563,0.10714285714285714,1.0146048099900986,0.9039999999999999
early_heavy,1,HHB,enc2,h2,hebbian_effective,0.03202100814894706,0.026245374265017867,0.32969533691986563,0.10714285714285714,1.0146048099900986,0.9039999999999999
early_heavy,1,HHH,enc3,z,hebbian_raw,0.0035400047289277526,13.393928442589754,0.4678924870096007,0.109375,1.0255124117138978,0.8685
early_heavy,1,HHH,enc3,z,hebbian_effective,0.000772017806836863,13.884816633230198,0.4678924870096007,0.109375,1.0255124117138978,0.8685
early_heavy,1,BBB,enc1,h1,bp_raw,1,4.391288105867893,0.8377925256139986,0.984375,2.3419122512583863,0.9094999999999999
early_heavy,1,BBB,enc2,h2,bp_raw,1,4.262954185035082,0.8941584067569528,1,4.202632598487383,0.9199999999999999
early_heavy,1,BBB,enc3,z,bp_raw,1,5.6248532682689545,0.87133920172798,0.796875,16.458395083115306,0.873
early_heavy,1,HHB,enc3,z,bp_raw,1,11.71454140420119,0.8659027298112847,0.84375,11.219450974983433,0.8815
early_heavy,1,HBB,enc2,h2,bp_raw,1,18.663247849747453,0.8930004511005591,1,3.7873815528266555,0.916
early_heavy,1,HBB,enc3,z,bp_raw,1,5.940597946407913,0.8777494124154926,0.78125,15.534598912289745,0.8675
early_heavy,2,HHH,enc1,h1,hebbian_raw,0.34839769094954876,479.72249313522514,0.730661646526044,0.875,1.4470609309593816,0.9
early_heavy,2,HHH,enc1,h1,hebbian_effective,0.34843892383686803,477.7767576287499,0.730661646526044,0.875,1.4470609309593816,0.9
early_heavy,2,HHB,enc1,h1,hebbian_raw,0.34839769094954876,479.72249313522514,0.730661646526044,0.875,1.4470609309593816,0.9
early_heavy,2,HHB,enc1,h1,hebbian_effective,0.34843892383686803,477.7767576287499,0.730661646526044,0.875,1.4470609309593816,0.9
early_heavy,2,HBB,enc1,h1,hebbian_raw,0.34839769094954876,479.72249313522514,0.730661646526044,0.875,1.4470609309593816,0.9
early_heavy,2,HBB,enc1,h1,hebbian_effective,0.34843892383686803,477.7767576287499,0.730661646526044,0.875,1.4470609309593816,0.9
early_heavy,2,HHH,enc2,h2,hebbian_raw,-0.010444950080817828,0.012745458541113653,0.32969533691986563,0.10714285714285714,1.0101806435946228,0.8965
early_heavy,2,HHH,enc2,h2,hebbian_effective,-0.009617939748695285,0.012748297656351408,0.32969533691986563,0.10714285714285714,1.0101806435946228,0.8965
early_heavy,2,HHB,enc2,h2,hebbian_raw,-0.010444950080817828,0.012745458541113653,0.32969533691986563,0.10714285714285714,1.0101806435946228,0.8965
early_heavy,2,HHB,enc2,h2,hebbian_effective,-0.009617939748695285,0.012748297656351408,0.32969533691986563,0.10714285714285714,1.0101806435946228,0.8965
early_heavy,2,HHH,enc3,z,hebbian_raw,0.0009784965862046897,6.617658216347497,0.4678924870096007,0.109375,1.0185221635629387,0.8550000000000001
early_heavy,2,HHH,enc3,z,hebbian_effective,0.0005724526900778418,6.7061095691800805,0.4678924870096007,0.109375,1.0185221635629387,0.8550000000000001
early_heavy,2,BBB,enc1,h1,bp_raw,1,61.60392423900976,0.8569821484522531,1,2.686561143384421,0.901
early_heavy,2,BBB,enc2,h2,bp_raw,1,29.28676018359472,0.8913939710600023,1,3.6863188948658134,0.9199999999999999
early_heavy,2,BBB,enc3,z,bp_raw,1,9.509100817699716,0.9075025180772187,0.90625,19.60472372723039,0.8675
early_heavy,2,HHB,enc3,z,bp_raw,1,11.315919640241322,0.851135666462276,0.75,10.244694432737118,0.8859999999999999
early_heavy,2,HBB,enc2,h2,bp_raw,1,6.652771316654181,0.9059111280827709,1,3.7013642630514356,0.9175000000000001
early_heavy,2,HBB,enc3,z,bp_raw,1,9.640676695553813,0.8904465897432615,0.875,18.932833410113496,0.858
early_heavy,3,HHH,enc1,h1,hebbian_raw,0.34233643258356905,504.11430947363124,0.7373998905985094,0.8125,1.4634525415417954,0.8965
early_heavy,3,HHH,enc1,h1,hebbian_effective,0.34240464193553116,501.81535414544464,0.7373998905985094,0.8125,1.4634525415417954,0.8965
early_heavy,3,HHB,enc1,h1,hebbian_raw,0.34233643258356905,504.11430947363124,0.7373998905985094,0.8125,1.4634525415417954,0.8965
early_heavy,3,HHB,enc1,h1,hebbian_effective,0.34240464193553116,501.81535414544464,0.7373998905985094,0.8125,1.4634525415417954,0.8965
early_heavy,3,HBB,enc1,h1,hebbian_raw,0.34233643258356905,504.11430947363124,0.7373998905985094,0.8125,1.4634525415417954,0.8965
early_heavy,3,HBB,enc1,h1,hebbian_effective,0.34240464193553116,501.81535414544464,0.7373998905985094,0.8125,1.4634525415417954,0.8965
early_heavy,3,HHH,enc2,h2,hebbian_raw,0.05495886614651932,0.0264468521642048,0.32969533691986563,0.10714285714285714,1.015145632444445,0.8875
early_heavy,3,HHH,enc2,h2,hebbian_effective,0.05466820525981086,0.02644853492639706,0.32969533691986563,0.10714285714285714,1.015145632444445,0.8875
early_heavy,3,HHB,enc2,h2,hebbian_raw,0.05495886614651932,0.0264468521642048,0.32969533691986563,0.10714285714285714,1.015145632444445,0.8875
early_heavy,3,HHB,enc2,h2,hebbian_effective,0.05466820525981086,0.02644853492639706,0.32969533691986563,0.10714285714285714,1.015145632444445,0.8875
early_heavy,3,HHH,enc3,z,hebbian_raw,-0.0017925792742789852,5.7085999971996895,0.4678924870096007,0.109375,1.0193885466686945,0.8404999999999999
early_heavy,3,HHH,enc3,z,hebbian_effective,-0.00029001174883052847,5.782489108029628,0.4678924870096007,0.109375,1.0193885466686945,0.8404999999999999
early_heavy,3,BBB,enc1,h1,bp_raw,1,20.7644357312945,0.8625781679310636,1,2.9874514152434974,0.909
early_heavy,3,BBB,enc2,h2,bp_raw,1,12.00184946296712,0.938269790648115,1,5.1667364503455335,0.9165000000000001
early_heavy,3,BBB,enc3,z,bp_raw,1,5.332197652900586,0.8662964166447797,0.734375,16.657663353398036,0.867
early_heavy,3,HHB,enc3,z,bp_raw,1,11.40265681850091,0.830381832191243,0.71875,9.797646825661262,0.882
early_heavy,3,HBB,enc2,h2,bp_raw,1,3.8234205883088097,0.9071401083202831,1,4.040518179995707,0.916
early_heavy,3,HBB,enc3,z,bp_raw,1,5.795576631971879,0.8649098765271106,0.734375,15.454822633582006,0.8705
early_heavy,4,HHH,enc1,h1,hebbian_raw,0.22891671068263617,416.3590405205855,0.7559265493217319,0.953125,1.3300622303406853,0.8995
early_heavy,4,HHH,enc1,h1,hebbian_effective,0.2288178349312967,414.3375178179711,0.7559265493217319,0.953125,1.3300622303406853,0.8995
early_heavy,4,HHB,enc1,h1,hebbian_raw,0.22891671068263617,416.3590405205855,0.7559265493217319,0.953125,1.3300622303406853,0.8995
early_heavy,4,HHB,enc1,h1,hebbian_effective,0.2288178349312967,414.3375178179711,0.7559265493217319,0.953125,1.3300622303406853,0.8995
early_heavy,4,HBB,enc1,h1,hebbian_raw,0.22891671068263617,416.3590405205855,0.7559265493217319,0.953125,1.3300622303406853,0.8995
early_heavy,4,HBB,enc1,h1,hebbian_effective,0.2288178349312967,414.3375178179711,0.7559265493217319,0.953125,1.3300622303406853,0.8995
early_heavy,4,HHH,enc2,h2,hebbian_raw,-0.010588132731505035,0.014219117757235873,0.32969533691986563,0.10714285714285714,1.0143116526838183,0.9094999999999999
early_heavy,4,HHH,enc2,h2,hebbian_effective,-0.011109995056406752,0.014216803078691729,0.32969533691986563,0.10714285714285714,1.0143116526838183,0.9094999999999999
early_heavy,4,HHB,enc2,h2,hebbian_raw,-0.010588132731505035,0.014219117757235873,0.32969533691986563,0.10714285714285714,1.0143116526838183,0.9094999999999999
early_heavy,4,HHB,enc2,h2,hebbian_effective,-0.011109995056406752,0.014216803078691729,0.32969533691986563,0.10714285714285714,1.0143116526838183,0.9094999999999999
early_heavy,4,HHH,enc3,z,hebbian_raw,-0.0017540433568518415,27.01776684965985,0.4678924870096007,0.109375,1.0201560254776978,0.8545
early_heavy,4,HHH,enc3,z,hebbian_effective,-0.00045764801036557483,29.522953459565866,0.4678924870096007,0.109375,1.0201560254776978,0.8545
early_heavy,4,BBB,enc1,h1,bp_raw,1,0.9559897290499593,0.8502799601500276,1,2.4793194812945294,0.9035
early_heavy,4,BBB,enc2,h2,bp_raw,1,1.1861502521723588,0.9257372970507998,0.9642857142857143,4.525863988001477,0.9185000000000001
early_heavy,4,BBB,enc3,z,bp_raw,1,4.612263439892976,0.8724424455681394,0.78125,16.201417090025053,0.874
early_heavy,4,HHB,enc3,z,bp_raw,1,8.681802056104463,0.8126874083049253,0.65625,8.315804009842575,0.891
early_heavy,4,HBB,enc2,h2,bp_raw,1,3.165092223550558,0.8852835546053411,1,2.487837678672936,0.9295
early_heavy,4,HBB,enc3,z,bp_raw,1,6.159436699260835,0.7921713605748931,0.515625,12.311166052685532,0.8985
late_heavy,0,HHH,enc1,h1,hebbian_raw,0.6720486839681163,595.4907382374381,0.22932584411150647,1,1.0474936909806385,0.8615
late_heavy,0,HHH,enc1,h1,hebbian_effective,0.6719995161911867,582.8471887318609,0.22932584411150647,1,1.0474936909806385,0.8615
late_heavy,0,HHB,enc1,h1,hebbian_raw,0.6720486839681163,595.4907382374381,0.22932584411150647,1,1.0474936909806385,0.8615
late_heavy,0,HHB,enc1,h1,hebbian_effective,0.6719995161911867,582.8471887318609,0.22932584411150647,1,1.0474936909806385,0.8615
late_heavy,0,HBB,enc1,h1,hebbian_raw,0.6720486839681163,595.4907382374381,0.22932584411150647,1,1.0474936909806385,0.8615
late_heavy,0,HBB,enc1,h1,hebbian_effective,0.6719995161911867,582.8471887318609,0.22932584411150647,1,1.0474936909806385,0.8615
late_heavy,0,HHH,enc2,h2,hebbian_raw,0.04773473231357518,94.77804475865626,0.5346821730167842,0.9696969696969697,1.14182996970583,0.9035
late_heavy,0,HHH,enc2,h2,hebbian_effective,0.04776892810810532,94.66405662911788,0.5346821730167842,0.9696969696969697,1.14182996970583,0.9035
late_heavy,0,HHB,enc2,h2,hebbian_raw,0.04773473231357518,94.77804475865626,0.5346821730167842,0.9696969696969697,1.14182996970583,0.9035
late_heavy,0,HHB,enc2,h2,hebbian_effective,0.04776892810810532,94.66405662911788,0.5346821730167842,0.9696969696969697,1.14182996970583,0.9035
late_heavy,0,HHH,enc3,z,hebbian_raw,-0.00030610126982003115,0.18746231187829399,0.4678924870096007,0.109375,1.0177273734027064,0.844
late_heavy,0,HHH,enc3,z,hebbian_effective,-0.0002455116702542963,0.18750753000695372,0.4678924870096007,0.109375,1.0177273734027064,0.844
late_heavy,0,BBB,enc1,h1,bp_raw,1,22.750471241627316,0.4870246948516891,1,1.1880550830426866,0.8755000000000001
late_heavy,0,BBB,enc2,h2,bp_raw,1,9.216420423007797,0.9444895377780256,1,5.454779087092628,0.9245000000000001
late_heavy,0,BBB,enc3,z,bp_raw,1,2.287816810629327,0.6413885847562949,0.234375,9.189013964840157,0.9025000000000001
late_heavy,0,HHB,enc3,z,bp_raw,1,3.3061701172222375,0.5754132292592005,0.171875,7.0843923730357545,0.8765000000000001
late_heavy,0,HBB,enc2,h2,bp_raw,1,3.9617611889278104,0.9325205856054425,1,4.61063819635596,0.9265000000000001
late_heavy,0,HBB,enc3,z,bp_raw,1,3.3344232266829006,0.6303163626241467,0.21875,8.101675487738477,0.899
late_heavy,1,HHH,enc1,h1,hebbian_raw,0.9544387315285364,394.3743945897833,0.9197205172443573,1,2.2441498301624736,0.8800000000000001
late_heavy,1,HHH,enc1,h1,hebbian_effective,0.9544834758459115,360.10275802194695,0.9197205172443573,1,2.2441498301624736,0.8800000000000001
late_heavy,1,HHB,enc1,h1,hebbian_raw,0.9544387315285364,394.3743945897833,0.9197205172443573,1,2.2441498301624736,0.8800000000000001
late_heavy,1,HHB,enc1,h1,hebbian_effective,0.9544834758459115,360.10275802194695,0.9197205172443573,1,2.2441498301624736,0.8800000000000001
late_heavy,1,HBB,enc1,h1,hebbian_raw,0.9544387315285364,394.3743945897833,0.9197205172443573,1,2.2441498301624736,0.8800000000000001
late_heavy,1,HBB,enc1,h1,hebbian_effective,0.9544834758459115,360.10275802194695,0.9197205172443573,1,2.2441498301624736,0.8800000000000001
late_heavy,1,HHH,enc2,h2,hebbian_raw,0.4559928590223813,295.83312155431645,0.7812171508694997,1,1.977227329992681,0.8809999999999999
late_heavy,1,HHH,enc2,h2,hebbian_effective,0.4558947430638024,292.26519647365393,0.7812171508694997,1,1.977227329992681,0.8809999999999999
late_heavy,1,HHB,enc2,h2,hebbian_raw,0.4559928590223813,295.83312155431645,0.7812171508694997,1,1.977227329992681,0.8809999999999999
late_heavy,1,HHB,enc2,h2,hebbian_effective,0.4558947430638024,292.26519647365393,0.7812171508694997,1,1.977227329992681,0.8809999999999999
late_heavy,1,HHH,enc3,z,hebbian_raw,0.000874805624524788,0.030380381370046828,0.4678924870096007,0.109375,1.0381020670513381,0.7285
late_heavy,1,HHH,enc3,z,hebbian_effective,0.0008078806863770422,0.030381029164707765,0.4678924870096007,0.109375,1.0381020670513381,0.7285
late_heavy,1,BBB,enc1,h1,bp_raw,1,54.8027169581808,0.8313577235016059,1,1.5166840748372805,0.8865000000000001
late_heavy,1,BBB,enc2,h2,bp_raw,1,33.651650774757655,0.9251611405322722,1,3.7029846074774357,0.9185000000000001
late_heavy,1,BBB,enc3,z,bp_raw,1,6.851442490314552,0.9384858959176837,0.953125,25.839348155969493,0.85
late_heavy,1,HHB,enc3,z,bp_raw,1,2.713752837986227,0.8891793480675255,0.859375,16.44488118776269,0.8560000000000001
late_heavy,1,HBB,enc2,h2,bp_raw,1,2.008850164228667,0.956886226824733,1,5.857248286195759,0.8949999999999999
late_heavy,1,HBB,enc3,z,bp_raw,1,2.583576441447666,0.9293873013527989,0.9375,21.83785962297842,0.8515
late_heavy,2,HHH,enc1,h1,hebbian_raw,0.9584548287360867,753.3191862933409,0.6781110158615027,1,1.4266983896100744,0.8809999999999999
late_heavy,2,HHH,enc1,h1,hebbian_effective,0.9584025056740155,715.4484730978678,0.6781110158615027,1,1.4266983896100744,0.8809999999999999
late_heavy,2,HHB,enc1,h1,hebbian_raw,0.9584548287360867,753.3191862933409,0.6781110158615027,1,1.4266983896100744,0.8809999999999999
late_heavy,2,HHB,enc1,h1,hebbian_effective,0.9584025056740155,715.4484730978678,0.6781110158615027,1,1.4266983896100744,0.8809999999999999
late_heavy,2,HBB,enc1,h1,hebbian_raw,0.9584548287360867,753.3191862933409,0.6781110158615027,1,1.4266983896100744,0.8809999999999999
late_heavy,2,HBB,enc1,h1,hebbian_effective,0.9584025056740155,715.4484730978678,0.6781110158615027,1,1.4266983896100744,0.8809999999999999
late_heavy,2,HHH,enc2,h2,hebbian_raw,0.5440723351206992,335.1515865384199,0.8086512286347333,1,1.8015194769314944,0.883
late_heavy,2,HHH,enc2,h2,hebbian_effective,0.544141518673946,333.79952072516664,0.8086512286347333,1,1.8015194769314944,0.883
late_heavy,2,HHB,enc2,h2,hebbian_raw,0.5440723351206992,335.1515865384199,0.8086512286347333,1,1.8015194769314944,0.883
late_heavy,2,HHB,enc2,h2,hebbian_effective,0.544141518673946,333.79952072516664,0.8086512286347333,1,1.8015194769314944,0.883
late_heavy,2,HHH,enc3,z,hebbian_raw,0.0006384322580005364,0.04919235934109424,0.4678924870096007,0.109375,1.0327818778506237,0.7550000000000001
late_heavy,2,HHH,enc3,z,hebbian_effective,0.0006301419357600623,0.04919345268300393,0.4678924870096007,0.109375,1.0327818778506237,0.7550000000000001
late_heavy,2,BBB,enc1,h1,bp_raw,1,16.462500221721626,0.5570721939392101,1,1.2175025056702629,0.8865000000000001
late_heavy,2,BBB,enc2,h2,bp_raw,1,7.332498943099135,0.9240288673829826,1,4.238097344907346,0.915
late_heavy,2,BBB,enc3,z,bp_raw,1,5.415454866477784,0.8379717991982104,0.625,17.211913830124864,0.8825
late_heavy,2,HHB,enc3,z,bp_raw,1,4.155095546067277,0.8135940260412808,0.546875,14.197359362562606,0.8789999999999999
late_heavy,2,HBB,enc2,h2,bp_raw,1,1.2678467317698117,0.9251040156657425,1,3.919592538655876,0.9259999999999999
late_heavy,2,HBB,enc3,z,bp_raw,1,2.696982680965388,0.8321544827658186,0.578125,15.768166218085048,0.8775000000000001
late_heavy,3,HHH,enc1,h1,hebbian_raw,0.9689992065118908,960.6537338465996,0.7098389368693864,0.75,1.4678633385805,0.86
late_heavy,3,HHH,enc1,h1,hebbian_effective,0.9693568673375544,641.3482705576903,0.7098389368693864,0.75,1.4678633385805,0.86
late_heavy,3,HHB,enc1,h1,hebbian_raw,0.9689992065118908,960.6537338465996,0.7098389368693864,0.75,1.4678633385805,0.86
late_heavy,3,HHB,enc1,h1,hebbian_effective,0.9693568673375544,641.3482705576903,0.7098389368693864,0.75,1.4678633385805,0.86
late_heavy,3,HBB,enc1,h1,hebbian_raw,0.9689992065118908,960.6537338465996,0.7098389368693864,0.75,1.4678633385805,0.86
late_heavy,3,HBB,enc1,h1,hebbian_effective,0.9693568673375544,641.3482705576903,0.7098389368693864,0.75,1.4678633385805,0.86
late_heavy,3,HHH,enc2,h2,hebbian_raw,0.6732036175149424,153.1985546213446,0.9239151649308421,1,4.069113144895409,0.858
late_heavy,3,HHH,enc2,h2,hebbian_effective,0.6731409423412665,134.30252655349736,0.9239151649308421,1,4.069113144895409,0.858
late_heavy,3,HHB,enc2,h2,hebbian_raw,0.6732036175149424,153.1985546213446,0.9239151649308421,1,4.069113144895409,0.858
late_heavy,3,HHB,enc2,h2,hebbian_effective,0.6731409423412665,134.30252655349736,0.9239151649308421,1,4.069113144895409,0.858
late_heavy,3,HHH,enc3,z,hebbian_raw,-0.0016070776833932185,0.03520549475137661,0.4678924870096007,0.109375,1.075187653667506,0.6719999999999999
late_heavy,3,HHH,enc3,z,hebbian_effective,-0.0016039812737383956,0.03520600967192351,0.4678924870096007,0.109375,1.075187653667506,0.6719999999999999
late_heavy,3,BBB,enc1,h1,bp_raw,1,1.27707813783713,0.6759114982852167,1,1.1835691902867915,0.8895
late_heavy,3,BBB,enc2,h2,bp_raw,1,1.675121811768337,0.9200471288539505,1,4.08130007848834,0.909
late_heavy,3,BBB,enc3,z,bp_raw,1,4.6171413223814985,0.9179296485534437,0.96875,23.81324638097812,0.8615
late_heavy,3,HHB,enc3,z,bp_raw,1,0.8438577276558554,0.9192468992099064,0.90625,17.058378666452423,0.8585
late_heavy,3,HBB,enc2,h2,bp_raw,1,7.19816907636303,0.9561691141245029,1,7.584514416896554,0.898
late_heavy,3,HBB,enc3,z,bp_raw,1,1.6124736170888567,0.9424178570309896,0.96875,24.076903613106627,0.8539999999999999
late_heavy,4,HHH,enc1,h1,hebbian_raw,0.4265425983212107,458.76590485854507,0.6512404601671988,1,1.2420921607470454,0.889
late_heavy,4,HHH,enc1,h1,hebbian_effective,0.4263065004526107,445.5086660297504,0.6512404601671988,1,1.2420921607470454,0.889
late_heavy,4,HHB,enc1,h1,hebbian_raw,0.4265425983212107,458.76590485854507,0.6512404601671988,1,1.2420921607470454,0.889
late_heavy,4,HHB,enc1,h1,hebbian_effective,0.4263065004526107,445.5086660297504,0.6512404601671988,1,1.2420921607470454,0.889
late_heavy,4,HBB,enc1,h1,hebbian_raw,0.4265425983212107,458.76590485854507,0.6512404601671988,1,1.2420921607470454,0.889
late_heavy,4,HBB,enc1,h1,hebbian_effective,0.4263065004526107,445.5086660297504,0.6512404601671988,1,1.2420921607470454,0.889
late_heavy,4,HHH,enc2,h2,hebbian_raw,0.0006890291764451989,19.271190536995736,0.6235766320144437,0.7575757575757576,1.218756116384587,0.8995000000000001
late_heavy,4,HHH,enc2,h2,hebbian_effective,0.0007610353434350531,19.26533665758043,0.6235766320144437,0.7575757575757576,1.218756116384587,0.8995000000000001
late_heavy,4,HHB,enc2,h2,hebbian_raw,0.0006890291764451989,19.271190536995736,0.6235766320144437,0.7575757575757576,1.218756116384587,0.8995000000000001
late_heavy,4,HHB,enc2,h2,hebbian_effective,0.0007610353434350531,19.26533665758043,0.6235766320144437,0.7575757575757576,1.218756116384587,0.8995000000000001
late_heavy,4,HHH,enc3,z,hebbian_raw,-0.0003483658161858026,0.3760735458720322,0.4678924870096007,0.109375,1.0167088419254233,0.834
late_heavy,4,HHH,enc3,z,hebbian_effective,-0.0003168454177317385,0.37632191681408317,0.4678924870096007,0.109375,1.0167088419254233,0.834
late_heavy,4,BBB,enc1,h1,bp_raw,1,0.02845489407276766,0.7580293074986373,1,1.4160384832329853,0.884
late_heavy,4,BBB,enc2,h2,bp_raw,1,0.053271724104008586,0.9466337741682471,1,8.15981982583112,0.9295
late_heavy,4,BBB,enc3,z,bp_raw,1,0.14200931128378633,0.16664684439875185,0.03125,1.6119810073743697,0.5650000000000001
late_heavy,4,HHB,enc3,z,bp_raw,1,0.7823691975319974,0,0.015625,1,0.2995
late_heavy,4,HBB,enc2,h2,bp_raw,1,1.568929533765629,0.9442098298866609,1,6.8382662767789295,0.9255000000000001
late_heavy,4,HBB,enc3,z,bp_raw,1,1.3221043333069056,0.386978997220384,0.078125,4.413891280934985,0.774
