sweep,case,method,layer,rule,alignment_mean,alignment_sd,alignment_ci_low,alignment_ci_high,norm_ratio_mean,norm_ratio_sd,norm_ratio_ci_low,norm_ratio_ci_high,alpha_star_mean,alpha_star_sd,alpha_star_ci_low,alpha_star_ci_high,scale_matched_bias_mean,scale_matched_bias_sd,scale_matched_bias_ci_low,scale_matched_bias_ci_high,update_snr_linear_mean,update_snr_linear_sd,update_snr_linear_ci_low,update_snr_linear_ci_high,matched_bp_snr_linear_mean,matched_bp_snr_linear_sd,matched_bp_snr_linear_ci_low,matched_bp_snr_linear_ci_high
architecture,balanced,BBB,enc1,bp_raw,1.0,0.0,1.0,1.0,1.0,0.0,1.0,1.0,1.0,0.0,1.0,1.0,0.0,0.0,0.0,0.0,17.483897284288965,17.471029519286514,3.634840355440751,31.332954213137178,17.483897284288965,17.471029519286514,3.634840355440751,31.332954213137178
architecture,balanced,BBB,enc2,bp_raw,1.0,0.0,1.0,1.0,1.0,0.0,1.0,1.0,1.0,0.0,1.0,1.0,0.0,0.0,0.0,0.0,6.921942380439956,5.631285547587934,2.508985985430966,11.334898775448945,6.921942380439956,5.631285547587934,2.508985985430966,11.334898775448945
architecture,balanced,BBB,enc3,bp_raw,1.0,0.0,1.0,1.0,1.0,0.0,1.0,1.0,1.0,0.0,1.0,1.0,0.0,0.0,0.0,0.0,5.736492502147075,0.4921418835823823,5.3023213738072625,6.07529095212948,5.736492502147075,0.4921418835823823,5.3023213738072625,6.07529095212948
architecture,balanced,HBB,enc1,hebbian_effective,0.368008968796854,0.12645275855195415,0.2777349222963018,0.47993920238735965,0.045466787561505226,0.010651035995798806,0.03614421834342247,0.05354011487028796,8.2832925313338,2.5518993844077857,6.3083478861147615,10.333911253068944,0.9213720664684695,0.059689541965554635,0.867495735748345,0.9586251994343991,453.0917662156218,37.84991411315136,423.6498725721259,482.5336598591176,1.4489482500719357,0.6981144172205592,0.9074854738773126,1.990411026266559
architecture,balanced,HBB,enc1,hebbian_raw,0.3679905119718899,0.12650905263879014,0.27767565419294005,0.48002789508132065,90.93345682411692,21.302575915110026,72.28798161774208,107.08088507454684,0.004141543933313947,0.001276391206201398,0.0031544204014959366,0.005167669737588023,0.9213713643702464,0.05973021703674766,0.8674390907716187,0.9586460638706231,459.96452632063085,37.95541637132337,430.40965644937586,489.5193961918857,1.4489482500719357,0.6981144172205592,0.9074854738773126,1.990411026266559
architecture,balanced,HBB,enc2,bp_raw,1.0,0.0,1.0,1.0,1.0,0.0,1.0,1.0,1.0,0.0,1.0,1.0,0.0,0.0,0.0,0.0,6.368264004861709,5.787492819968624,2.76623237002957,11.449279742415744,6.368264004861709,5.787492819968624,2.76623237002957,11.449279742415744
architecture,balanced,HBB,enc3,bp_raw,1.0,0.0,1.0,1.0,1.0,0.0,1.0,1.0,1.0,0.0,1.0,1.0,0.0,0.0,0.0,0.0,5.146659604481828,2.3265613445910316,3.412803257325328,7.048617556142465,5.146659604481828,2.3265613445910316,3.412803257325328,7.048617556142465
architecture,balanced,HHB,enc1,hebbian_effective,0.368008968796854,0.12645275855195415,0.2777349222963018,0.47993920238735965,0.045466787561505226,0.010651035995798806,0.03614421834342247,0.05354011487028796,8.2832925313338,2.5518993844077857,6.3083478861147615,10.333911253068944,0.9213720664684695,0.059689541965554635,0.867495735748345,0.9586251994343991,453.0917662156218,37.84991411315136,423.6498725721259,482.5336598591176,1.4489482500719357,0.6981144172205592,0.9074854738773126,1.990411026266559
architecture,balanced,HHB,enc1,hebbian_raw,0.3679905119718899,0.12650905263879014,0.27767565419294005,0.48002789508132065,90.93345682411692,21.302575915110026,72.28798161774208,107.08088507454684,0.004141543933313947,0.001276391206201398,0.0031544204014959366,0.005167669737588023,0.9213713643702464,0.05973021703674766,0.8674390907716187,0.9586460638706231,459.96452632063085,37.95541637132337,430.40965644937586,489.5193961918857,1.4489482500719357,0.6981144172205592,0.9074854738773126,1.990411026266559
architecture,balanced,HHB,enc2,hebbian_effective,0.0356259011114371,0.041100064498641,0.006442139156984261,0.07062342258683316,0.002242040328236028,0.0005728459308163075,0.0017606450506911062,0.002661776094304623,14.563299517331922,17.153703222978294,2.910342201074642,29.726733472774992,0.998687049986666,0.0021226495672965117,0.9967809225191525,0.9998588351701244,0.01806393224828931,0.004416949995208042,0.014693673142236238,0.02162811377364374,0.8872811065814439,0.27785042676275057,0.6821785224147189,1.097917136731045
architecture,balanced,HHB,enc2,hebbian_raw,0.0363428992533642,0.04122601095852626,0.00829398355990561,0.07178293314281266,4.483744743227666,1.145595525816172,3.5209410695275167,5.323142302504306,0.007530789724061819,0.008641218439895852,0.0015602227012241053,0.015251759299137935,0.9986569993879296,0.00215744962217025,0.9967146765007164,0.9998467592910674,0.018063520445803376,0.004417813446034807,0.014692279179227625,0.02162979366299081,0.8872811065814439,0.27785042676275057,0.6821785224147189,1.097917136731045
architecture,balanced,HHB,enc3,bp_raw,1.0,0.0,1.0,1.0,1.0,0.0,1.0,1.0,1.0,0.0,1.0,1.0,0.0,0.0,0.0,0.0,8.522779702007862,1.0156555397262013,7.874714103835217,9.370911280825402,8.522779702007862,1.0156555397262013,7.874714103835217,9.370911280825402
architecture,balanced,HHH,enc1,hebbian_effective,0.368008968796854,0.12645275855195415,0.2777349222963018,0.47993920238735965,0.045466787561505226,0.010651035995798806,0.03614421834342247,0.05354011487028796,8.2832925313338,2.5518993844077857,6.3083478861147615,10.333911253068944,0.9213720664684695,0.059689541965554635,0.867495735748345,0.9586251994343991,453.0917662156218,37.84991411315136,423.6498725721259,482.5336598591176,1.4489482500719357,0.6981144172205592,0.9074854738773126,1.990411026266559
architecture,balanced,HHH,enc1,hebbian_raw,0.3679905119718899,0.12650905263879014,0.27767565419294005,0.48002789508132065,90.93345682411692,21.302575915110026,72.28798161774208,107.08088507454684,0.004141543933313947,0.001276391206201398,0.0031544204014959366,0.005167669737588023,0.9213713643702464,0.05973021703674766,0.8674390907716187,0.9586460638706231,459.96452632063085,37.95541637132337,430.40965644937586,489.5193961918857,1.4489482500719357,0.6981144172205592,0.9074854738773126,1.990411026266559
architecture,balanced,HHH,enc2,hebbian_effective,0.0356259011114371,0.041100064498641,0.006442139156984261,0.07062342258683316,0.002242040328236028,0.0005728459308163075,0.0017606450506911062,0.002661776094304623,14.563299517331922,17.153703222978294,2.910342201074642,29.726733472774992,0.998687049986666,0.0021226495672965117,0.9967809225191525,0.9998588351701244,0.01806393224828931,0.004416949995208042,0.014693673142236238,0.02162811377364374,0.8872811065814439,0.27785042676275057,0.6821785224147189,1.097917136731045
architecture,balanced,HHH,enc2,hebbian_raw,0.0363428992533642,0.04122601095852626,0.00829398355990561,0.07178293314281266,4.483744743227666,1.145595525816172,3.5209410695275167,5.323142302504306,0.007530789724061819,0.008641218439895852,0.0015602227012241053,0.015251759299137935,0.9986569993879296,0.00215744962217025,0.9967146765007164,0.9998467592910674,0.018063520445803376,0.004417813446034807,0.014692279179227625,0.02162979366299081,0.8872811065814439,0.27785042676275057,0.6821785224147189,1.097917136731045
architecture,balanced,HHH,enc3,hebbian_effective,4.5907426600572196e-05,0.00027561815626138164,-0.00019045856015263542,0.00024443843344648056,0.5687118577582264,0.182316424008465,0.43317192075414523,0.7042517947623075,0.000146210455023356,0.000523636733510152,-0.00024515398685402023,0.0005459304088081168,0.9999999685537009,3.2927667784438124e-08,0.9999999405315613,0.9999999921952674,1.2933289955107004,0.6003371680828091,0.9196107852391648,1.8323858175384646,3.5005385495500816,2.4103170046439097,1.8138482773882494,5.544987602967662
architecture,balanced,HHH,enc3,hebbian_raw,-8.250900635166726e-05,0.0005483193757449758,-0.0004472712586156631,0.0003927874595196273,1138.3326435640477,365.122504188263,866.8448829967762,1409.8204041313193,-1.6536644685081313e-08,5.697163489236237e-07,-3.560461299385988e-07,4.846828030472099e-07,0.999999876328056,1.4405735840152817e-07,0.9999997525678486,0.9999999763180124,1.2918032138889737,0.5993906672432041,0.91871697328999,1.8301306015757213,3.5005385495500816,2.4103170046439097,1.8138482773882494,5.544987602967662
architecture,early_heavy,BBB,enc1,bp_raw,1.0,0.0,1.0,1.0,1.0,0.0,1.0,1.0,1.0,0.0,1.0,1.0,0.0,0.0,0.0,0.0,20.53954968692993,24.29763739892517,5.135333259852649,41.99349931083833,20.53954968692993,24.29763739892517,5.135333259852649,41.99349931083833
architecture,early_heavy,BBB,enc2,bp_raw,1.0,0.0,1.0,1.0,1.0,0.0,1.0,1.0,1.0,0.0,1.0,1.0,0.0,0.0,0.0,0.0,11.013988251676768,11.002553874403045,3.846087209805886,20.82501683975727,11.013988251676768,11.002553874403045,3.846087209805886,20.82501683975727
architecture,early_heavy,BBB,enc3,bp_raw,1.0,0.0,1.0,1.0,1.0,0.0,1.0,1.0,1.0,0.0,1.0,1.0,0.0,0.0,0.0,0.0,5.883068641639554,2.0930683230962353,4.646116118311521,7.752883832252216,5.883068641639554,2.0930683230962353,4.646116118311521,7.752883832252216
architecture,early_heavy,HBB,enc1,hebbian_effective,0.279680516205764,0.0690606675744556,0.22558008262024423,0.3337809497912838,0.07917983921922016,0.023626603895144836,0.06267154716510442,0.09823150942685574,3.7878465473791487,1.230401563142923,2.6808936800144663,4.511091362050172,0.9579412804939078,0.019738817041682295,0.9423266226263289,0.9735559383614867,461.6771976753463,32.98912391602825,435.5160100405809,486.0790860950307,1.503484280942698,0.732320876420574,0.8914201141332165,2.0424064469506122
architecture,early_heavy,HBB,enc1,hebbian_raw,0.27967926040668994,0.06904182173178808,0.22560608749737154,0.33375243331600835,158.35916452942985,47.25276470876564,125.34290119889124,196.4618299091182,0.0018940460000459625,0.0006154344664838763,0.0013401129668783145,0.00225607386019952,0.9579429608928273,0.01972865769253252,0.9423381961109085,0.9735477256747462,463.85740336304053,33.051742824458465,437.674186299649,488.3019380547271,1.503484280942698,0.732320876420574,0.8914201141332165,2.0424064469506122
architecture,early_heavy,HBB,enc2,bp_raw,1.0,0.0,1.0,1.0,1.0,0.0,1.0,1.0,1.0,0.0,1.0,1.0,0.0,0.0,0.0,0.0,7.1258204236737175,6.602626813165935,3.360549063125019,13.161521417889421,7.1258204236737175,6.602626813165935,3.360549063125019,13.161521417889421
architecture,early_heavy,HBB,enc3,bp_raw,1.0,0.0,1.0,1.0,1.0,0.0,1.0,1.0,1.0,0.0,1.0,1.0,0.0,0.0,0.0,0.0,6.158250984718562,2.2767989564611324,4.343982836485563,8.131640933008246,6.158250984718562,2.2767989564611324,4.343982836485563,8.131640933008246
architecture,early_heavy,HHB,enc1,hebbian_effective,0.279680516205764,0.0690606675744556,0.22558008262024423,0.3337809497912838,0.07917983921922016,0.023626603895144836,0.06267154716510442,0.09823150942685574,3.7878465473791487,1.230401563142923,2.6808936800144663,4.511091362050172,0.9579412804939078,0.019738817041682295,0.9423266226263289,0.9735559383614867,461.6771976753463,32.98912391602825,435.5160100405809,486.0790860950307,1.503484280942698,0.732320876420574,0.8914201141332165,2.0424064469506122
architecture,early_heavy,HHB,enc1,hebbian_raw,0.27967926040668994,0.06904182173178808,0.22560608749737154,0.33375243331600835,158.35916452942985,47.25276470876564,125.34290119889124,196.4618299091182,0.0018940460000459625,0.0006154344664838763,0.0013401129668783145,0.00225607386019952,0.9579429608928273,0.01972865769253252,0.9423381961109085,0.9735477256747462,463.85740336304053,33.051742824458465,437.674186299649,488.3019380547271,1.503484280942698,0.732320876420574,0.8914201141332165,2.0424064469506122
architecture,early_heavy,HHB,enc2,hebbian_effective,0.02058866447146138,0.02948771108856848,-0.001886972292251403,0.043064301235174164,0.005269947399586511,0.0021378152890764285,0.0036736969623201122,0.006964207792940458,2.4622064377638773,5.141017525738792,-1.3794485595419552,6.26013100405049,0.9994399424990175,0.0005926387230962121,0.998956672816455,0.9998542499072661,0.0223795987135802,0.008486770974666442,0.015782046194828602,0.02872408228013957,1.4542124178889355,0.8485271970530028,0.7871010555196537,2.0917608318231915
architecture,early_heavy,HHB,enc2,hebbian_raw,0.02057804380946844,0.02964137688582433,-0.0020065880471577396,0.04316267566609462,10.539676297343812,4.275473444243786,7.347064787397251,13.928066438528678,0.0012193925820503126,0.002598282190725498,-0.0007642686995164795,0.0031369402947690602,0.9994365255328445,0.000598252741830017,0.9989458235085023,0.9998531184827886,0.02237892511609219,0.008486594280498643,0.01578046910895633,0.028723072865084735,1.4542124178889355,0.8485271970530028,0.7871010555196537,2.0917608318231915
architecture,early_heavy,HHB,enc3,bp_raw,1.0,0.0,1.0,1.0,1.0,0.0,1.0,1.0,1.0,0.0,1.0,1.0,0.0,0.0,0.0,0.0,10.573256786126379,1.303369847415386,9.439885399679662,11.510063217129105,10.573256786126379,1.303369847415386,9.439885399679662,11.510063217129105
architecture,early_heavy,HHH,enc1,hebbian_effective,0.279680516205764,0.0690606675744556,0.22558008262024423,0.3337809497912838,0.07917983921922016,0.023626603895144836,0.06267154716510442,0.09823150942685574,3.7878465473791487,1.230401563142923,2.6808936800144663,4.511091362050172,0.9579412804939078,0.019738817041682295,0.9423266226263289,0.9735559383614867,461.6771976753463,32.98912391602825,435.5160100405809,486.0790860950307,1.503484280942698,0.732320876420574,0.8914201141332165,2.0424064469506122
architecture,early_heavy,HHH,enc1,hebbian_raw,0.27967926040668994,0.06904182173178808,0.22560608749737154,0.33375243331600835,158.35916452942985,47.25276470876564,125.34290119889124,196.4618299091182,0.0018940460000459625,0.0006154344664838763,0.0013401129668783145,0.00225607386019952,0.9579429608928273,0.01972865769253252,0.9423381961109085,0.9735477256747462,463.85740336304053,33.051742824458465,437.674186299649,488.3019380547271,1.503484280942698,0.732320876420574,0.8914201141332165,2.0424064469506122
architecture,early_heavy,HHH,enc2,hebbian_effective,0.02058866447146138,0.02948771108856848,-0.001886972292251403,0.043064301235174164,0.005269947399586511,0.0021378152890764285,0.0036736969623201122,0.006964207792940458,2.4622064377638773,5.141017525738792,-1.3794485595419552,6.26013100405049,0.9994399424990175,0.0005926387230962121,0.998956672816455,0.9998542499072661,0.0223795987135802,0.008486770974666442,0.015782046194828602,0.02872408228013957,1.4542124178889355,0.8485271970530028,0.7871010555196537,2.0917608318231915
architecture,early_heavy,HHH,enc2,hebbian_raw,0.02057804380946844,0.02964137688582433,-0.0020065880471577396,0.04316267566609462,10.539676297343812,4.275473444243786,7.347064787397251,13.928066438528678,0.0012193925820503126,0.002598282190725498,-0.0007642686995164795,0.0031369402947690602,0.9994365255328445,0.000598252741830017,0.9989458235085023,0.9998531184827886,0.02237892511609219,0.008486594280498643,0.01578046910895633,0.028723072865084735,1.4542124178889355,0.8485271970530028,0.7871010555196537,2.0917608318231915
architecture,early_heavy,HHH,enc3,hebbian_effective,6.395320882563088e-05,0.0005642618607422043,-0.00035447284239653067,0.0005196988723515804,4.856594142487327,2.1279131042502715,3.326341279770297,6.581804682126605,3.4487011261734164e-05,0.00013963545799551916,-6.916609383342493e-05,0.00014679331738782407,0.999999870591739,1.0739879162390719e-07,0.9999997800093432,0.9999999468764967,13.217316724629338,9.658612368112069,7.033482441512068,21.78985801699589,3.7816485516449037,1.1342687161861391,2.922867628203496,4.64042947508631
architecture,early_heavy,HHH,enc3,hebbian_raw,2.7574511764070836e-05,0.0022622368383239883,-0.0015854502774885829,0.001968893483227221,10197.503234679985,4848.940149989617,6784.114409101843,14196.135991480953,1.6386583874254048e-08,2.492875512205367e-07,-1.654091979721993e-07,2.2860641171801946e-07,0.9999979525224993,2.4288895507733603e-06,0.9999958234120045,0.9999993742429792,12.528004204646658,8.646315013140898,6.910916788906175,20.17148711677051,3.7816485516449037,1.1342687161861391,2.922867628203496,4.64042947508631
architecture,late_heavy,BBB,enc1,bp_raw,1.0,0.0,1.0,1.0,1.0,0.0,1.0,1.0,1.0,0.0,1.0,1.0,0.0,0.0,0.0,0.0,19.06424429068793,22.228024696544537,3.8147132571082842,37.687140050801375,19.06424429068793,22.228024696544537,3.8147132571082842,37.687140050801375
architecture,late_heavy,BBB,enc2,bp_raw,1.0,0.0,1.0,1.0,1.0,0.0,1.0,1.0,1.0,0.0,1.0,1.0,0.0,0.0,0.0,0.0,10.385792735347385,13.552001358501544,2.1578572029687653,22.369298911809818,10.385792735347385,13.552001358501544,2.1578572029687653,22.369298911809818
architecture,late_heavy,BBB,enc3,bp_raw,1.0,0.0,1.0,1.0,1.0,0.0,1.0,1.0,1.0,0.0,1.0,1.0,0.0,0.0,0.0,0.0,3.8627729602173893,2.6569064385269914,1.6258599221916938,5.830187207193235,3.8627729602173893,2.6569064385269914,1.6258599221916938,5.830187207193235
architecture,late_heavy,HBB,enc1,hebbian_effective,0.7961097731002559,0.24165757424516943,0.5840551769773146,0.9620004443738104,0.017541869932313804,0.019018740132748103,0.0030661295318611622,0.03226949775386444,276.64171631780846,356.31804415788685,35.789105289945915,591.3095816277093,0.49489289736138103,0.30530832840765537,0.2720817583445392,0.7479407763319833,549.0510712878232,144.71656837516298,433.4330421306563,659.2881352085955,9.21560640677404,7.667294472937599,4.0423785407833055,15.629788598988373
architecture,late_heavy,HBB,enc1,hebbian_raw,0.7960968098131682,0.2414983343743623,0.5841351370887278,0.9618693604048982,35.083581652755996,38.037423694312395,6.1321785329393075,64.53892773200278,0.13835586910881506,0.17821536380689254,0.017897956185427853,0.29574336198849405,0.4951379145637166,0.3049818803485776,0.2726046637919812,0.7478307477491148,632.5207915651415,229.42273856105467,460.35426742681904,818.809258538337,9.21560640677404,7.667294472937599,4.0423785407833055,15.629788598988373
architecture,late_heavy,HBB,enc2,bp_raw,1.0,0.0,1.0,1.0,1.0,0.0,1.0,1.0,1.0,0.0,1.0,1.0,0.0,0.0,0.0,0.0,3.20111133901099,2.468707908288413,1.5364805390599097,5.364823029957342,3.20111133901099,2.468707908288413,1.5364805390599097,5.364823029957342
architecture,late_heavy,HBB,enc3,bp_raw,1.0,0.0,1.0,1.0,1.0,0.0,1.0,1.0,1.0,0.0,1.0,1.0,0.0,0.0,0.0,0.0,2.309912059898343,0.8271220400446542,1.6905464684478377,2.9292776513488485,2.309912059898343,0.8271220400446542,1.6905464684478377,2.9292776513488485
architecture,late_heavy,HHB,enc1,hebbian_effective,0.7961097731002559,0.24165757424516943,0.5840551769773146,0.9620004443738104,0.017541869932313804,0.019018740132748103,0.0030661295318611622,0.03226949775386444,276.64171631780846,356.31804415788685,35.789105289945915,591.3095816277093,0.49489289736138103,0.30530832840765537,0.2720817583445392,0.7479407763319833,549.0510712878232,144.71656837516298,433.4330421306563,659.2881352085955,9.21560640677404,7.667294472937599,4.0423785407833055,15.629788598988373
architecture,late_heavy,HHB,enc1,hebbian_raw,0.7960968098131682,0.2414983343743623,0.5841351370887278,0.9618693604048982,35.083581652755996,38.037423694312395,6.1321785329393075,64.53892773200278,0.13835586910881506,0.17821536380689254,0.017897956185427853,0.29574336198849405,0.4951379145637166,0.3049818803485776,0.2726046637919812,0.7478307477491148,632.5207915651415,229.42273856105467,460.35426742681904,818.809258538337,9.21560640677404,7.667294472937599,4.0423785407833055,15.629788598988373
architecture,late_heavy,HHB,enc2,hebbian_effective,0.344341433506111,0.3026863363600432,0.11059093399337663,0.5780919330188455,0.03722443463875901,0.023839895520811755,0.018846530614889456,0.05464091768958863,43.430096380406255,79.7333844742852,2.9062099032953226,114.82713153673694,0.8934794761320533,0.11083515597903838,0.8094090101914571,0.9775499420726492,174.85932740780325,133.54002082826278,72.4322626253788,277.6655630556544,0.9874828833423954,0.19392600164550167,0.8461765323346508,1.146962066386227
architecture,late_heavy,HHB,enc2,hebbian_raw,0.3443385146296086,0.3027297970558602,0.11056807640048441,0.5781089528587329,74.44888787759605,47.68005023513484,37.69294523432848,109.28222659266116,0.021733319638814856,0.03990712905374167,0.0014525595690621728,0.05746835981687511,0.8934677432199791,0.11084964202393202,0.8093948756760068,0.9775406107639515,179.64649960194657,133.51362417622977,76.25940504252972,283.03359416136345,0.9874828833423954,0.19392600164550167,0.8461765323346508,1.146962066386227
architecture,late_heavy,HHB,enc3,bp_raw,1.0,0.0,1.0,1.0,1.0,0.0,1.0,1.0,1.0,0.0,1.0,1.0,0.0,0.0,0.0,0.0,2.3602490852927187,1.502527288378277,1.1932413376723865,3.527256832913051,2.3602490852927187,1.502527288378277,1.1932413376723865,3.527256832913051
architecture,late_heavy,HHH,enc1,hebbian_effective,0.7961097731002559,0.24165757424516943,0.5840551769773146,0.9620004443738104,0.017541869932313804,0.019018740132748103,0.0030661295318611622,0.03226949775386444,276.64171631780846,356.31804415788685,35.789105289945915,591.3095816277093,0.49489289736138103,0.30530832840765537,0.2720817583445392,0.7479407763319833,549.0510712878232,144.71656837516298,433.4330421306563,659.2881352085955,9.21560640677404,7.667294472937599,4.0423785407833055,15.629788598988373
architecture,late_heavy,HHH,enc1,hebbian_raw,0.7960968098131682,0.2414983343743623,0.5841351370887278,0.9618693604048982,35.083581652755996,38.037423694312395,6.1321785329393075,64.53892773200278,0.13835586910881506,0.17821536380689254,0.017897956185427853,0.29574336198849405,0.4951379145637166,0.3049818803485776,0.2726046637919812,0.7478307477491148,632.5207915651415,229.42273856105467,460.35426742681904,818.809258538337,9.21560640677404,7.667294472937599,4.0423785407833055,15.629788598988373
architecture,late_heavy,HHH,enc2,hebbian_effective,0.344341433506111,0.3026863363600432,0.11059093399337663,0.5780919330188455,0.03722443463875901,0.023839895520811755,0.018846530614889456,0.05464091768958863,43.430096380406255,79.7333844742852,2.9062099032953226,114.82713153673694,0.8934794761320533,0.11083515597903838,0.8094090101914571,0.9775499420726492,174.85932740780325,133.54002082826278,72.4322626253788,277.6655630556544,0.9874828833423954,0.19392600164550167,0.8461765323346508,1.146962066386227
architecture,late_heavy,HHH,enc2,hebbian_raw,0.3443385146296086,0.3027297970558602,0.11056807640048441,0.5781089528587329,74.44888787759605,47.68005023513484,37.69294523432848,109.28222659266116,0.021733319638814856,0.03990712905374167,0.0014525595690621728,0.05746835981687511,0.8934677432199791,0.11084964202393202,0.8093948756760068,0.9775406107639515,179.64649960194657,133.51362417622977,76.25940504252972,283.03359416136345,0.9874828833423954,0.19392600164550167,0.8461765323346508,1.146962066386227
architecture,late_heavy,HHH,enc3,hebbian_effective,-0.0001456631479174652,0.0009587862411390837,-0.0008997294606373727,0.00054738771543189,0.0926385169979708,0.1329302589334279,0.006413966855447588,0.21286862815238208,-0.10071287572060492,0.33210408981300127,-0.4036262598714238,0.08681081259833122,0.9999996216694322,5.216586896713671e-07,0.9999991568608513,0.9999999281486831,0.13572198766813443,0.14937991417689794,0.0360735060712533,0.2693708619227822,1.231422369511435,0.47413703588547806,0.8271063141004188,1.5806934308503064
architecture,late_heavy,HHH,enc3,hebbian_raw,-0.00014966137737474554,0.000982171497130222,-0.0009062333216729843,0.0005828966630778195,185.2847856814323,265.87969334941704,12.827812552486568,425.76420498723894,-4.9294615159108134e-05,0.00016749815437171753,-0.00020222488560156957,4.696854206069048e-05,0.9999996029232212,5.179604546913959e-07,0.9999991392747386,0.9999999162190484,0.13566281864256877,0.1492763470209763,0.036072822316788225,0.2692126661728874,1.231422369511435,0.47413703588547806,0.8271063141004188,1.5806934308503064
