sweep,case,method,noise_type,accuracy_mean,accuracy_sd,accuracy_ci_low,accuracy_ci_high,accuracy_absolute_degradation_mean,accuracy_absolute_degradation_sd,accuracy_absolute_degradation_ci_low,accuracy_absolute_degradation_ci_high,system_reconstruction_mse_increase_mean,system_reconstruction_mse_increase_sd,system_reconstruction_mse_increase_ci_low,system_reconstruction_mse_increase_ci_high,standardized_reconstruction_mse_increase_mean,standardized_reconstruction_mse_increase_sd,standardized_reconstruction_mse_increase_ci_low,standardized_reconstruction_mse_increase_ci_high,representation_cosine_mean,representation_cosine_sd,representation_cosine_ci_low,representation_cosine_ci_high,prediction_js_divergence_mean,prediction_js_divergence_sd,prediction_js_divergence_ci_low,prediction_js_divergence_ci_high
architecture,balanced,BBB,gaussian,0.59344,0.06559788868553622,0.5446,0.64388,0.3224,0.06739929524854096,0.27138,0.37277999999999994,0.030363823951750385,0.0018499801907297378,0.028867672595637182,0.03176502214422031,0.03018314378028013,0.0019033648043238786,0.028750411560340798,0.03169406363934887,0.9280662655830383,0.01018159185312372,0.9193586587905884,0.9346435070037842,0.20266295671463014,0.03937236328572672,0.17338388562202453,0.23289862871170045
architecture,balanced,BBB,pixel_masking,0.84526,0.013563849011250486,0.8351,0.8557400000000002,0.07058000000000002,0.013279005986895258,0.059820000000000054,0.08106000000000005,0.024808106879750075,0.002005112661451537,0.023212593386416534,0.02640362037308362,0.026577339460703786,0.0026521621459093475,0.024845204809928422,0.028843169202366653,0.973806631565094,0.002837098098891418,0.9718374490737915,0.9760877966880799,0.05024620294570923,0.006397830226796323,0.04533693939447403,0.05515546649694443
architecture,balanced,BBB,salt_pepper,0.3562,0.0749090114739208,0.29864000000000007,0.41376,0.5596400000000001,0.07432568869509384,0.5024,0.61688,0.05738937523077945,0.0021557697818907957,0.05590458745927227,0.059182358123428966,0.05762233668375989,0.0026312926520539745,0.055575173570574544,0.059669499796945226,0.8851604223251343,0.013949775567409502,0.8730165839195252,0.895105528831482,0.3603508293628693,0.05961889025700252,0.3141552686691284,0.4065463900566101
architecture,balanced,HBB,gaussian,0.67516,0.03255953009488925,0.64988,0.70012,0.24122,0.031704763049106646,0.21703999999999998,0.26575999999999994,0.029048188658003904,0.0014076010298093593,0.02796446679305057,0.030131910522957238,0.028708221731575168,0.001816038223538387,0.02715265038334594,0.030033604202465137,0.9341599464416503,0.005679877798022754,0.9298725366592407,0.938693106174469,0.15505194365978242,0.014447778534537966,0.1442200005054474,0.16598861217498778
architecture,balanced,HBB,pixel_masking,0.84752,0.009719927983272337,0.8390600000000001,0.85538,0.06885999999999999,0.009975119046908662,0.06172,0.07748,0.0275888919760743,0.0007875354994921818,0.02705080067824344,0.02825810818497016,0.029475752484263207,0.0015925161582331427,0.028263987198070606,0.030687517770455808,0.9727904438972473,0.002470270243443935,0.9708539009094238,0.9747484564781189,0.05067480504512787,0.0050019239079954715,0.047226646542549135,0.05523565784096718
architecture,balanced,HBB,salt_pepper,0.4015600000000001,0.09255605328664353,0.32904000000000005,0.48084,0.51482,0.09169333127332653,0.437,0.5859599999999999,0.05610331153874495,0.002320932556778777,0.05425812088912848,0.0578795333800024,0.056986248437725776,0.00349787477695519,0.05419802314855614,0.059564073157991684,0.895839536190033,0.008280236084429926,0.88869149684906,0.9016608357429504,0.33091185986995697,0.06591820418171661,0.27551369965076444,0.38215285539627075
architecture,balanced,HHB,gaussian,0.49168,0.06088264941672626,0.44728,0.5436799999999999,0.42817999999999995,0.061962262708845625,0.3756,0.47386,0.04750289347736203,0.0029073477244657463,0.04523221056724082,0.049581229370467515,0.05355925853242679,0.00632641966060799,0.049456268217514976,0.05913354365037412,0.9102998733520508,0.010521065224520409,0.9009638547897338,0.9160312175750732,0.2709861546754837,0.043755790576949866,0.23261859118938447,0.301893538236618
architecture,balanced,HHB,pixel_masking,0.8270800000000001,0.010600566022623508,0.8188599999999999,0.8352999999999999,0.09277999999999997,0.010808653940246236,0.08423999999999998,0.101,0.02859697769388861,0.001361195662329492,0.02761124544912455,0.029717161230846324,0.028316838641069368,0.0009512078659624593,0.027589567810369996,0.029044109471768748,0.9737095713615418,0.0008116431016958115,0.973233437538147,0.9744371175765991,0.0637996718287468,0.00525883288760003,0.05966278463602066,0.06793655902147293
architecture,balanced,HHB,salt_pepper,0.35302,0.04561010852870228,0.31692,0.38682,0.56684,0.047915373315878494,0.53268,0.60488,0.07130634225173874,0.00304069176533182,0.06898244827017494,0.07372624535171353,0.0784105404108398,0.005841368707057837,0.07529172388952607,0.0836493172631945,0.8786177635192871,0.008449593048904438,0.870884358882904,0.8833271741867066,0.3800286591053009,0.03226416685558611,0.353591775894165,0.40430145859718325
architecture,balanced,HHH,gaussian,0.37901999999999997,0.08976002450980056,0.31758000000000003,0.45402,0.51508,0.09656964844090506,0.43552,0.5840799999999999,0.05300173214114441,0.006836894276848836,0.04879917784204289,0.059099839221020134,0.05139116678666096,0.0078795889036415,0.04614155711894132,0.05816695352748948,0.9997284889221192,7.182564227963113e-05,0.9996671676635742,0.9997798442840576,0.34637546837329863,0.06863028495937315,0.2896973878145218,0.39825342297554017
architecture,balanced,HHH,pixel_masking,0.8023,0.008826947377208018,0.79552,0.8089999999999999,0.09179999999999999,0.006614378277661458,0.08660000000000001,0.09699999999999998,0.021220813138533613,0.0015009315850851273,0.020069334204926785,0.022372292072140438,0.02144621682536845,0.0007265987593465881,0.020809164666934894,0.0219261810435081,0.9999394893646241,6.207244991888687e-06,0.999934196472168,0.9999438643455505,0.0711817428469658,0.0015522529011621012,0.07010514438152313,0.07240034192800522
architecture,balanced,HHH,salt_pepper,0.28472,0.060835285813415886,0.23992,0.33112,0.60938,0.06815505850632074,0.55808,0.6613999999999999,0.08135996836681755,0.00853080001694017,0.07578867572005914,0.08862921222608915,0.07981991257492377,0.0100819475570249,0.07277369838558898,0.08807823346429941,0.9995957851409912,0.0001008144916446164,0.9995108723640442,0.999669885635376,0.4243484318256378,0.05297934524348366,0.38484365344047544,0.464745956659317
architecture,early_heavy,BBB,gaussian,0.488,0.06727454942249705,0.44876000000000005,0.5487599999999999,0.43078000000000005,0.06794823029336379,0.3691,0.47067999999999993,0.03646201251720895,0.003301113414851563,0.033551128975712524,0.03860143260566555,0.0376713178254147,0.0047854413068689015,0.03372147785215962,0.041191358701160974,0.9170074343681336,0.008095015982138375,0.9128043293952942,0.9243360996246338,0.2689327925443649,0.04361505829317988,0.23089787662029265,0.29684869647026063
architecture,early_heavy,BBB,pixel_masking,0.8593599999999999,0.011157194987988698,0.85076,0.8679600000000001,0.05941999999999996,0.011465905982520523,0.05077999999999996,0.06883999999999994,0.02355997175459959,0.002985910164426278,0.021365083366462166,0.02610199689869978,0.026724257457596916,0.002877359434396246,0.024222626903203072,0.02877697113212274,0.9720871090888977,0.0032897251182914945,0.9695938110351563,0.974808645248413,0.0434400700032711,0.007391926253014341,0.0380614772439003,0.04951444715261459
architecture,early_heavy,BBB,salt_pepper,0.24011999999999997,0.06756990454336902,0.18515999999999996,0.28722000000000003,0.67866,0.06833906642616654,0.6317,0.73424,0.07283409491217865,0.00520859333935556,0.068596715973494,0.07664547016669292,0.0756918782519321,0.007795780156620881,0.06995204514036374,0.08177352071693966,0.8646075367927551,0.011919239959692182,0.8568819880485534,0.8751619696617127,0.45863754153251646,0.0652513288637681,0.41566661596298216,0.5140651226043701
architecture,early_heavy,HBB,gaussian,0.5235000000000001,0.0861069102917995,0.45915999999999996,0.5964600000000001,0.39526,0.08811114004483203,0.32075999999999993,0.4622,0.03893515355567543,0.0062474605873809866,0.03555913696084704,0.044541289952725785,0.03937411026925457,0.00931948961553718,0.033919957075897525,0.04773370949725715,0.9195127725601197,0.009269253574146432,0.9114815354347229,0.9259143590927124,0.2462264448404312,0.06025234333521169,0.19919736683368683,0.2962566077709198
architecture,early_heavy,HBB,pixel_masking,0.85904,0.0058067202446820355,0.85402,0.8632,0.059719999999999995,0.006354683312329584,0.05477999999999998,0.06466000000000001,0.02545109067109167,0.0016357321112272036,0.0241716352771253,0.026710047645666164,0.026281472213024994,0.0018372722313524917,0.02464525599499138,0.027529041886232335,0.9721590757369996,0.0021869142347356956,0.9705153107643127,0.973880124092102,0.04484371989965439,0.003835429290070542,0.04193749502301216,0.04774994477629661
architecture,early_heavy,HBB,salt_pepper,0.27302000000000004,0.050548511352956786,0.23535999999999996,0.31098,0.64574,0.05041768538915684,0.60822,0.6827,0.07125244884267144,0.006264393674680839,0.0678570766962791,0.07687149029439808,0.07239434899612349,0.005836485921277746,0.06798985001067726,0.07704202375655271,0.870050060749054,0.01335823772776315,0.85985107421875,0.8804477453231812,0.4326868116855621,0.043251067097370886,0.4007231771945953,0.46736469864845276
architecture,early_heavy,HHB,gaussian,0.52878,0.07126515277469064,0.47452000000000005,0.5858999999999999,0.39202,0.07114781795670196,0.33465999999999996,0.44610000000000005,0.058247419080247685,0.007099516908473117,0.0518611190444596,0.0621455527546941,0.06120422961711884,0.011253215269634655,0.05173065091094192,0.06934186593746652,0.9117988228797913,0.013564211069195158,0.901456069946289,0.9222441911697388,0.24911168217658997,0.0570555521935834,0.20255462527275087,0.2920947790145874
architecture,early_heavy,HHB,pixel_masking,0.8308,0.008472602905837132,0.8242800000000001,0.8371599999999999,0.09,0.007998124780221895,0.08380000000000001,0.09627999999999996,0.028068884352956496,0.0011585855134628891,0.02716128412577571,0.02896198496409825,0.027308234624181478,0.001974022201764978,0.025617853242037254,0.028672805465192207,0.9749690532684326,0.0016277753245943585,0.9736668348312378,0.9761728882789612,0.062209205329418184,0.002774091497498331,0.060135618597269055,0.06437799334526062
architecture,early_heavy,HHB,salt_pepper,0.3757400000000001,0.08491226648723964,0.31122,0.44026000000000004,0.54506,0.08461142357861616,0.48072,0.6093999999999999,0.08030414992361654,0.008742096833433414,0.07242916109016964,0.08546325264093826,0.08176384091192362,0.009836430321315537,0.07283676988163773,0.0881368169138383,0.8825339078903198,0.01491198992852253,0.8709368586540223,0.8941309571266174,0.36031081080436705,0.06808671802884989,0.30782942175865174,0.4127921998500824
architecture,early_heavy,HHH,gaussian,0.34594,0.11674008737361816,0.26568,0.45005999999999996,0.5513199999999999,0.12278838300099892,0.44159999999999994,0.6346199999999999,0.05861860499012227,0.013224185220247224,0.04871329938382519,0.06938604763653813,0.0560876508019895,0.01617532296646829,0.04381112883742975,0.06917836050928856,0.9996090531349182,0.00013092695814540323,0.9995079517364502,0.9997117400169373,0.375721749663353,0.09629110723782615,0.2914544492959976,0.44543126225471497
architecture,early_heavy,HHH,pixel_masking,0.8095000000000001,0.010207105368320616,0.8032400000000001,0.81878,0.08775999999999999,0.011073526990078613,0.07918000000000003,0.09617999999999997,0.015248445485951948,0.004105824831070979,0.012270770696523239,0.01875371236528669,0.01465230079183773,0.0025817239958566486,0.013107691299282775,0.01690262708469313,0.9999428272247315,1.1339648558630072e-05,0.9999332189559936,0.9999512076377869,0.06627721711993217,0.004200719419721351,0.0631469652056694,0.06970228850841523
architecture,early_heavy,HHH,salt_pepper,0.25934,0.07431563092647468,0.20804,0.32558000000000004,0.6379199999999999,0.08042699795466697,0.56608,0.6922599999999999,0.08557596056879783,0.015818044512366507,0.07340953571630984,0.09774238542128583,0.08376093974989288,0.019242191259346265,0.06877197127205985,0.09874990822772592,0.9994084358215332,0.00019662952315756981,0.9992567300796509,0.9995622754096984,0.44858479499816895,0.07236247968198233,0.384243106842041,0.49816579818725587
architecture,late_heavy,BBB,gaussian,0.49223999999999996,0.22194042669148853,0.30138000000000004,0.64676,0.36834,0.1352059281244724,0.26522,0.47219999999999995,0.03295920625959124,0.010694543336769271,0.026147195817207803,0.042323127043003936,0.032520781071526665,0.010869742649265999,0.025520934383528576,0.041917340458558536,0.9158811330795288,0.020619074781190343,0.897636079788208,0.9288055777549744,0.23507930040359498,0.08105570331612885,0.174600687623024,0.2970990061759949
architecture,late_heavy,BBB,pixel_masking,0.77066,0.16809914633929585,0.61952,0.85092,0.08992000000000001,0.047549626707262344,0.06518000000000004,0.13233999999999999,0.020811774974745147,0.008785768165029231,0.01332931304308833,0.026808445563413656,0.021859748137921704,0.00953591774648515,0.01359864509621445,0.02848842606203896,0.9801216840744018,0.009408745903725358,0.9727318525314331,0.9875115156173706,0.05806013122200966,0.009822353665983207,0.05207581669092178,0.06671037599444389
architecture,late_heavy,BBB,salt_pepper,0.33166,0.13828008894992802,0.22131999999999996,0.43342,0.52892,0.08658675995785962,0.47198,0.60678,0.05054914431202169,0.015655854063660914,0.03946899542769607,0.06402620526352708,0.050725416595108666,0.016048947743163122,0.03944020489254777,0.06498790081374499,0.8727784395217896,0.028234095474363227,0.8480523705482483,0.8910208940505981,0.3459613025188446,0.06787673140847052,0.2973116934299469,0.4047510623931885
architecture,late_heavy,HBB,gaussian,0.453,0.07343357542704834,0.3923,0.51502,0.44396,0.08250816929250099,0.38220000000000004,0.51156,0.042986164160747915,0.011628812115623931,0.03360333302926044,0.05172508552512345,0.04330807899173424,0.01189708450695975,0.03373934557068105,0.05232557642566914,0.9147892951965332,0.019063449272542395,0.9010379314422607,0.9303256511688233,0.2775678843259811,0.0553439534970057,0.23588723838329315,0.3220753312110901
architecture,late_heavy,HBB,pixel_masking,0.7830600000000001,0.07423262759730384,0.7221599999999999,0.83794,0.11389999999999997,0.04655147688312364,0.07716000000000003,0.15063999999999994,0.024409734138955873,0.0049803815844602145,0.020667516474431873,0.028151951803479874,0.024843141211782185,0.005724096561895376,0.020474015873889535,0.029212266549674838,0.9727048277854919,0.022944305826162196,0.9541701078414917,0.9895657420158386,0.07431036233901978,0.024101272172044115,0.05524820014834404,0.09228461906313896
architecture,late_heavy,HBB,salt_pepper,0.26988,0.03236969261516086,0.24638,0.29772,0.62708,0.05646996546837978,0.5773399999999999,0.66744,0.07122664883594124,0.019167223800883596,0.05440738881013831,0.08423510842498468,0.07172323952509432,0.01914493673858328,0.055487735413142614,0.08451379003145257,0.8717944741249084,0.025045143011609972,0.8535851001739502,0.8916732668876648,0.41449480652809145,0.051475693868460265,0.37081536650657654,0.45129373073577883
architecture,late_heavy,HHB,gaussian,0.37361999999999995,0.12223300290837986,0.27765999999999996,0.46692,0.42139999999999994,0.18216836992189395,0.26794,0.5456,0.05295317936897278,0.031466183282119004,0.02621531196477462,0.07468837498567542,0.05387885192462376,0.031279764902546685,0.026960738466029265,0.07560123177469993,0.9148681998252869,0.056210052543225794,0.8732121706008911,0.9622304320335389,0.2718025267124176,0.12635913391851566,0.16331263780593872,0.36008875370025634
architecture,late_heavy,HHB,pixel_masking,0.66782,0.2401352993626718,0.4553,0.80228,0.1272,0.05255002378686426,0.08804000000000001,0.16636,0.021614700809595534,0.010727882550982785,0.012060296084734856,0.028446543942665565,0.02199466007991713,0.01078413987964177,0.012267974185943603,0.028792853487948983,0.9694585800170898,0.027680149207821372,0.9474376559257507,0.9906614661216736,0.08387591540813447,0.03431695615244633,0.05828248709440231,0.11023289561271668
architecture,late_heavy,HHB,salt_pepper,0.22444000000000003,0.06811441110367175,0.17176,0.27726000000000006,0.57058,0.23273694807657846,0.36292,0.70922,0.08279549684582924,0.04552353690160694,0.04359080460451087,0.11544346985816956,0.08336488277571542,0.04489217908046344,0.044371071684701106,0.11435197791858595,0.878809905052185,0.07725168951630576,0.8222034335136413,0.9451442003250122,0.4037782818078995,0.14868608446877413,0.2723174899816513,0.4995535731315613
architecture,late_heavy,HHH,gaussian,0.3062,0.08087839637381541,0.24500000000000002,0.37035999999999997,0.53136,0.04261405871305851,0.4981,0.56646,0.05004144700381219,0.011057893546259209,0.04260673821780146,0.060104347859985974,0.051026550290243965,0.012842408195031399,0.04303373427060185,0.06284435690510029,0.9991104483604432,0.0007194512389885584,0.998499870300293,0.9996148347854614,0.36692250370979307,0.04293488835925973,0.3329667866230011,0.40106655955314635
architecture,late_heavy,HHH,pixel_masking,0.65728,0.12514857969629542,0.56194,0.7526200000000001,0.18028,0.0691268182401013,0.12718,0.23338,0.021239445441499045,0.0013177851363886759,0.020253167921572314,0.022413195900041226,0.02126212224726774,0.002244071114315056,0.019746452163384883,0.023275281277481387,0.9994501352310181,0.0005594987574116184,0.9989798307418823,0.999845027923584,0.13467516601085663,0.05156028994701725,0.09502642750740051,0.17432390451431273
architecture,late_heavy,HHH,salt_pepper,0.20874,0.07276202993320073,0.15332000000000004,0.2669,0.62882,0.03325683388418085,0.60278,0.65432,0.07978486989430018,0.013796537772752386,0.0690327381764626,0.09115063776794745,0.08037161094548753,0.016331798850684653,0.06900433140345982,0.09430014950538168,0.9986352801322937,0.0010663359369060103,0.9977520823478698,0.9993982195854187,0.46699969172477723,0.05007446317907878,0.4233351409435272,0.5032249212265014
dimension,L128,BBB,gaussian,0.33327999999999997,0.06379511736802435,0.28174,0.38173999999999997,0.5912999999999999,0.06682087997026076,0.54096,0.64594,0.027522426197090926,0.0019269645783656002,0.026198242428983963,0.02917098349488511,0.028543457717360284,0.002747692358222698,0.02660271642548697,0.03099271704284512,0.9008347392082214,0.012059622764072624,0.8916476845741272,0.9098539710044861,0.3912081241607666,0.05059617345672632,0.35237640142440796,0.4311380684375763
dimension,L128,BBB,pixel_masking,0.8411199999999999,0.008870569316565886,0.83384,0.8469999999999999,0.08346,0.008198963349107021,0.07765999999999999,0.08993999999999999,0.028432431832722253,0.0017406466192519834,0.027002665219939485,0.029741657014720296,0.0318843957996855,0.0009702052467659015,0.03115021393931642,0.032654270042594594,0.9585764169692993,0.0027861585512554163,0.9565526604652405,0.9609314918518066,0.06087147817015648,0.004537807040783037,0.05719522535800934,0.06415152624249458
dimension,L128,BBB,salt_pepper,0.21738,0.039420514963658206,0.18724,0.24752000000000002,0.7072,0.04239528275645771,0.67518,0.7392200000000001,0.05694393243653434,0.0028488699039155643,0.054966899777821134,0.059276914762088226,0.05862902918236597,0.0038035968588554722,0.05597841785839626,0.06199379585285576,0.8530260443687439,0.01357849372952098,0.8418822765350342,0.8632067441940308,0.4915375292301178,0.03314714520943007,0.46615474820137026,0.5167084455490112
dimension,L128,HBB,gaussian,0.32582,0.08927553976314005,0.2599,0.3996,0.60046,0.08947811464263199,0.52396,0.66564,0.025869799618331753,0.0012017324972618997,0.024922308198237906,0.0268172910384256,0.025975171367489565,0.0012223636586075528,0.02510207859185277,0.026969960637822442,0.9090594053268433,0.004732861509485169,0.905040156841278,0.9125413060188293,0.39824482798576355,0.07484169154146297,0.3426310896873474,0.4566422402858734
dimension,L128,HBB,pixel_masking,0.84182,0.01484425814919698,0.82996,0.85368,0.08446000000000001,0.013795397783318895,0.07384000000000002,0.09494,0.029576904598644798,0.002815889452631796,0.027446583666606822,0.03183661140826284,0.03196907828700786,0.0014923511855413508,0.03094316403680918,0.03326639655473281,0.9590451836585998,0.0027408286113318786,0.9570890069007874,0.9613760352134705,0.06053750738501549,0.007948743736146962,0.05434743762016296,0.06672757714986802
dimension,L128,HBB,salt_pepper,0.20092000000000004,0.036453079430961655,0.1706,0.22692,0.72536,0.037040693837993896,0.6988399999999999,0.75586,0.05421347209511971,0.0021621258316188506,0.05237180877403337,0.05562590842850355,0.05518280491926233,0.0017892932646746684,0.05382644787253166,0.05661425498777506,0.863033390045166,0.0075713680271038706,0.8566504955291748,0.8682214856147766,0.5050480306148529,0.036210883741421264,0.47770164608955384,0.5341263830661773
dimension,L128,HHB,gaussian,0.19749999999999998,0.039798052716181975,0.16629999999999998,0.2273,0.7366999999999999,0.04039201653792495,0.7049,0.7679600000000001,0.047470020277451494,0.0035136909123571784,0.044742140463323005,0.05019790009157998,0.05039471613407135,0.0019171886409390937,0.04880653826995771,0.05184809662653476,0.8708785533905029,0.012442977450237069,0.8600916504859925,0.8789730906486511,0.5138678133487702,0.035050832740287974,0.48670422434806826,0.5423633575439453
dimension,L128,HHB,pixel_masking,0.8375199999999999,0.010664755037036696,0.8304199999999999,0.8463,0.09667999999999999,0.010469813751925105,0.08811999999999993,0.10438,0.02879246623097633,0.0003061568250104778,0.02855826036764651,0.029027770901894085,0.030079045054863907,0.0009754039682385869,0.029399973214791743,0.03089344547602595,0.9625824451446533,0.0036451072703195084,0.9595905303955078,0.9652598857879638,0.07025745213031769,0.005969154146250346,0.0659758672118187,0.07516884952783584
dimension,L128,HHB,salt_pepper,0.15678,0.02783751066456913,0.13419999999999999,0.17776000000000003,0.77742,0.028421857785866204,0.7546199999999998,0.80012,0.07087195618960322,0.003684201507949549,0.06813954231651462,0.07382976388269541,0.07539192733813306,0.002004520960098033,0.07380257807167209,0.07698127660459402,0.8315295577049255,0.012211077051277185,0.8210818290710449,0.8402311325073242,0.5514759659767151,0.025387742373709374,0.5325334548950196,0.5733018040657043
dimension,L128,HHH,gaussian,0.36688,0.0699192891840299,0.30446,0.41004000000000007,0.56212,0.06790719402243035,0.52112,0.62256,0.06215411437910431,0.012675834826125531,0.052363355535001176,0.07198911010158307,0.06323822714980767,0.007343815480571454,0.057620875925336566,0.06885557837427878,0.9996451139450073,3.9634287706512735e-05,0.999615204334259,0.9996756434440612,0.3832890748977661,0.04593922023056394,0.35720027089118955,0.42476882338523864
dimension,L128,HHH,pixel_masking,0.84202,0.008638113219910926,0.8352999999999999,0.8487399999999999,0.08698000000000002,0.009188960768226194,0.0809,0.09526000000000001,0.023195372602501693,0.001557177290573307,0.021934696974073138,0.02434988847810395,0.022706359745726296,0.0013981474566618468,0.021523407527378628,0.02378026220049177,0.9999351978302002,6.173096262132151e-06,0.999929678440094,0.9999389052391052,0.06781966835260392,0.0043020393356188544,0.06450908035039901,0.07113025635480881
dimension,L128,HHH,salt_pepper,0.26058000000000003,0.0451275636390887,0.21974,0.2855,0.66842,0.04355142936804717,0.6446999999999999,0.7077399999999999,0.09635625071545037,0.014266014837409463,0.08557272205080305,0.10805650359679242,0.09781356427718182,0.007706863586470648,0.09197139493903336,0.10365573361533027,0.9994628310203553,5.677223360760759e-05,0.9994183540344238,0.9995073080062866,0.46851842403411864,0.03441024035951721,0.45195295810699465,0.49941262006759646
dimension,L16,BBB,gaussian,0.284,0.09393063930369047,0.20528,0.35300000000000004,0.5964400000000001,0.04110867305082957,0.5717800000000001,0.63246,0.04578885607291241,0.005762772651663239,0.041391854230919664,0.05034171651879136,0.04459625752721514,0.004899203781945164,0.040910725600768104,0.04850773105076381,0.9263700485229492,0.017219852677622997,0.9112841725349426,0.9368855237960816,0.37213521599769595,0.04754420297402888,0.34369632601737976,0.41460145711898805
dimension,L16,BBB,pixel_masking,0.77348,0.14586419025929565,0.6403000000000001,0.8565200000000001,0.10695999999999999,0.05805400933613456,0.07342,0.15965999999999997,0.02011704601385155,0.0037634709997585152,0.016860061332352305,0.02261407165721971,0.02105105410264463,0.0042929832637679565,0.017196744891575404,0.023690303085093598,0.9876515507698059,0.0045508571906073,0.9843180060386658,0.9913865923881531,0.06844354197382926,0.026328611834872197,0.05347555875778198,0.09227865785360337
dimension,L16,BBB,salt_pepper,0.18031999999999998,0.016892809121043188,0.16794000000000003,0.19476,0.7001200000000001,0.08322623985258495,0.6249600000000001,0.74528,0.0717523608018914,0.021267272779565752,0.05342084345739715,0.08571894414765494,0.0705149064206104,0.020736920315630576,0.052475123160615256,0.0844554156503872,0.8716099619865417,0.027713633259041387,0.847623097896576,0.8933476209640503,0.47353569269180296,0.07523632228809063,0.4053415715694427,0.5170428276062011
dimension,L16,HBB,gaussian,0.35658,0.15614810917843353,0.23628,0.47620000000000007,0.51016,0.09747144710118959,0.43811999999999995,0.58888,0.039108114429201396,0.004657537324344722,0.03499528462565675,0.042275963850994504,0.03773913186053841,0.003561406632183889,0.03491743102832716,0.04064410528182984,0.9305413722991943,0.008235988797029092,0.9232307434082031,0.9368745923042298,0.31516988277435304,0.06083999284631547,0.27143036127090453,0.3665554702281952
dimension,L16,HBB,pixel_masking,0.7757,0.17641437016297737,0.61694,0.8603200000000001,0.09103999999999997,0.04725058729793737,0.06527999999999998,0.13341999999999998,0.020063575156659498,0.004494718896653628,0.015956353700015014,0.022759753170402686,0.02063777106927366,0.0046608907401382,0.01639052841595241,0.023024788617698515,0.9886613488197327,0.0033719941640984203,0.9861010551452637,0.9915587425231933,0.058847620338201526,0.015170658888772072,0.04976390227675438,0.07260278835892678
dimension,L16,HBB,salt_pepper,0.21322000000000002,0.0664820802923615,0.16016000000000002,0.26627999999999996,0.65352,0.10321309025506406,0.56732,0.7226600000000001,0.05995228691081611,0.015637789976306837,0.04571514142503543,0.06829419520670053,0.059079798977910256,0.014783928600517325,0.04568897715782632,0.0674604809311458,0.8810771465301513,0.02052440570605814,0.8650424122810364,0.8980979561805725,0.4322234809398651,0.06964259685474161,0.3786007106304169,0.4890127956867218
dimension,L16,HHB,gaussian,0.30508,0.1105102800647976,0.20670000000000002,0.37017999999999995,0.42862,0.240408853830303,0.21028000000000002,0.55062,0.06228756011709875,0.03584649266940128,0.029493883389258867,0.08375678592098001,0.0625479203010092,0.035509542215376874,0.030029358238298064,0.08232725388157125,0.9328058004379273,0.03948983923085922,0.9082382440567016,0.9674307584762574,0.28831138610839846,0.16178884487841239,0.1428157925605774,0.3697182655334473
dimension,L16,HHB,pixel_masking,0.66368,0.30934318644508724,0.3848,0.8211600000000001,0.07002,0.04093704923415951,0.03406,0.09491999999999998,0.017202920948534595,0.009629111454187312,0.008539217007306157,0.021823070836943022,0.017554322465390577,0.009838063618287074,0.008722943967313183,0.02237586451355292,0.9924044132232666,0.0045125704278024216,0.9895988702774048,0.9965146064758301,0.047895117104053496,0.027076321083589143,0.023292305320501326,0.06245369985699654
dimension,L16,HHB,salt_pepper,0.22510000000000002,0.06617163289507068,0.16534,0.26802000000000004,0.5086,0.28559116758051184,0.24926000000000004,0.65408,0.0846170936232197,0.04877706844325186,0.03991083288640392,0.113687554528178,0.0849758942966072,0.04818108438655863,0.040986599290419604,0.1115194301040805,0.9066322088241577,0.05493559213944434,0.8720592141151429,0.9551494359970093,0.3524958312511444,0.19770938452595263,0.17467191219329833,0.45123531222343444
dimension,L16,HHH,gaussian,0.29002,0.10437141371084326,0.21586,0.38109999999999994,0.39008000000000004,0.09036372059626584,0.3137600000000001,0.45511999999999997,0.035840418937838806,0.010408138423841591,0.028619029685818413,0.04487657825547822,0.037488728650929976,0.008990642506029498,0.03089395941286671,0.0449824373541073,0.9997158050537109,0.00013083232426691323,0.9996019840240479,0.9998049378395081,0.2925270050764084,0.06743465648184552,0.23508684933185578,0.34385772943496706
dimension,L16,HHH,pixel_masking,0.5335,0.05626290962970187,0.49354,0.58002,0.1466,0.007975274289953926,0.1403,0.15290000000000004,0.01618614268555933,0.0015112000813373343,0.014948233818521306,0.01717792091058225,0.015551876939267528,0.0011503509408528033,0.014706043399110132,0.0165653902131684,0.9999485015869141,7.1352759844347e-06,0.9999428987503052,0.999954104423523,0.09924130439758301,0.009863798504137747,0.09148931205272674,0.10699329674243926
dimension,L16,HHH,salt_pepper,0.20396,0.05775537204451202,0.16658,0.25118,0.47614,0.06449490677565167,0.42878,0.53264,0.05715663660166215,0.011147457762693044,0.04931904762268067,0.06643881471283582,0.05938944817757119,0.009596752208266028,0.052277372562642,0.06676939396683051,0.9995752096176147,0.0001863446606825804,0.9994095802307129,0.9996945023536682,0.38949544429779054,0.050768868257332386,0.3495076596736908,0.43040544986724855
dimension,L32,BBB,gaussian,0.48762,0.11790927444437949,0.38029999999999997,0.55722,0.43662,0.11774808703329322,0.3663,0.54298,0.037898933695287115,0.0050976792006457135,0.03422212910379683,0.0418970460304922,0.03690212886528093,0.004285942359364901,0.03371469928566291,0.040089558444898955,0.928823447227478,0.007829697857797325,0.9217424154281616,0.934257698059082,0.27685924172401427,0.07216236487781875,0.2344106376171112,0.34247090220451354
dimension,L32,BBB,pixel_masking,0.84364,0.011586543919564648,0.8346199999999999,0.8526,0.0806,0.01509950330308919,0.06981999999999997,0.09370000000000005,0.022779940477974558,0.0020624291360400024,0.021250100905749265,0.02433352277415139,0.023976955186785488,0.0016189809223573805,0.02278222729021189,0.025240420263835363,0.9835415244102478,0.0062461571694204234,0.9796917080879212,0.9890156745910644,0.05810521915555,0.0055978468598693746,0.053390420973300934,0.06206951960921288
dimension,L32,BBB,salt_pepper,0.27832,0.08860951980458985,0.20942,0.34174,0.64592,0.09033923289468423,0.5802400000000001,0.71384,0.0700810503493523,0.007217761419600626,0.06481955332366787,0.07591974400160263,0.06813823318354936,0.0050985234207182,0.0643615007600979,0.07215960727672187,0.866549301147461,0.018360190898861765,0.8508933901786804,0.8798378467559814,0.4232052743434906,0.06831365449292338,0.37507476210594176,0.4787399470806122
dimension,L32,HBB,gaussian,0.41374000000000005,0.10974802048328708,0.33178,0.5009600000000001,0.5044199999999999,0.10383620274258878,0.42138,0.58178,0.03815882043332469,0.0026891012348815545,0.036053489768553756,0.040264151098095634,0.03818162166021307,0.0019549568425038465,0.036677387895000226,0.039685855425425944,0.9271828055381774,0.007357100569183553,0.9216787576675415,0.9330032706260681,0.31658868193626405,0.06139823548908761,0.268646651506424,0.3621043682098389
dimension,L32,HBB,pixel_masking,0.83862,0.01562168364805792,0.82524,0.84932,0.07953999999999997,0.011623596689493337,0.07037999999999996,0.08869999999999997,0.023339091645844127,0.0026229877339659733,0.02147076041104842,0.025597446220748277,0.023293155445663297,0.0023963462258085764,0.021525044912805363,0.025149695690699986,0.9841226696968078,0.0063915504312513985,0.9798004508018494,0.9895527839660645,0.056495829671621325,0.008989506189477695,0.0494595542550087,0.06353210508823395
dimension,L32,HBB,salt_pepper,0.2612,0.07401236383199768,0.20457999999999998,0.31782,0.65696,0.06841317855501233,0.6035,0.70898,0.0654049416413599,0.005032503843680337,0.061364101648525314,0.06911149340532265,0.06570156534593934,0.003156581508497764,0.06295655449682354,0.0682435371910796,0.8776408910751343,0.0028313046955501793,0.8753220796585083,0.8797393679618836,0.43560458421707154,0.0543177324082149,0.3941044270992279,0.4769496858119965
dimension,L32,HHB,gaussian,0.44576000000000005,0.11925008595384741,0.34883999999999993,0.5449599999999999,0.46264000000000005,0.11374888131318035,0.36846,0.55238,0.07553677250005761,0.014853100533042042,0.06408655261098122,0.08684612638648675,0.07275601409230914,0.01405601140544255,0.06181864017836901,0.08339530917050887,0.9191253662109375,0.01207773545446283,0.9094777345657349,0.928121280670166,0.2972098648548126,0.08280732143737826,0.23191835284233092,0.36271231174468993
dimension,L32,HHB,pixel_masking,0.8232199999999998,0.012398467647253842,0.8149599999999999,0.83338,0.08517999999999996,0.008500999941183428,0.07795999999999995,0.09097999999999999,0.022647545620859886,0.0022024561829931274,0.02100283149758164,0.024439017668354268,0.02375888511832879,0.0018142739658695384,0.022348206702641076,0.02516956353401651,0.9868245005607605,0.003837085963598998,0.9836758017539978,0.9897216081619262,0.059521840512752534,0.003729875102220127,0.05650279074907303,0.062330656498670575
dimension,L32,HHB,salt_pepper,0.29884000000000005,0.08792504193914268,0.22610000000000002,0.36524,0.60956,0.08165009491727489,0.54552,0.67594,0.1041698713732739,0.017540191559491936,0.08984026194475137,0.11731546612934189,0.10178486605371748,0.01736511499053022,0.08792427264155174,0.11463553740151075,0.8902766823768615,0.012715815260886715,0.8805330157279968,0.9002809047698974,0.40902031064033506,0.07427643492581622,0.3526842176914215,0.46992098689079287
dimension,L32,HHH,gaussian,0.38408,0.061545649724411865,0.33736,0.43098000000000003,0.42607999999999996,0.07501811114657576,0.36804,0.48446,0.04523302337646484,0.00882497878100228,0.03821346810165717,0.05197352311037025,0.04657676973498598,0.01122173512268207,0.038252255041161365,0.05561576090326115,0.9997511625289917,0.00012512510928337395,0.9996415495872497,0.9998282790184021,0.30058349668979645,0.058621720691590724,0.25712124109268186,0.34404575228691103
dimension,L32,HHH,pixel_masking,0.6859200000000001,0.02895871198793209,0.6663,0.7119,0.12423999999999999,0.00468433559856682,0.12007999999999999,0.12728000000000003,0.018429310737921267,0.0011286699441109807,0.017597882711449447,0.01935706401902802,0.018477354244699283,0.0013848017031699285,0.01753140237535749,0.019624969646298156,0.9999464631080628,5.742096293066132e-06,0.9999416828155517,0.9999506950378418,0.08643583208322525,0.001217790323355428,0.08545804172754287,0.08734165579080581
dimension,L32,HHH,salt_pepper,0.2754,0.03944749675201204,0.24931999999999999,0.30958,0.53476,0.05443388650463974,0.4906,0.57592,0.06964762218397491,0.011100523945283523,0.060912834694531494,0.07838240967341832,0.07168906599122651,0.014427258201912974,0.06060506729515232,0.08278498038506021,0.9996275186538697,0.00016948308709005482,0.9994767785072327,0.9997275590896606,0.39354113340377805,0.03846151614253424,0.36069337725639344,0.4196455478668213
dimension,L64,BBB,gaussian,0.59344,0.06559788868553622,0.5446,0.64388,0.3224,0.06739929524854096,0.27138,0.37277999999999994,0.030363823951750385,0.0018499801907297378,0.028867672595637182,0.03176502214422031,0.03018314378028013,0.0019033648043238786,0.028750411560340798,0.03169406363934887,0.9280662655830383,0.01018159185312372,0.9193586587905884,0.9346435070037842,0.20266295671463014,0.03937236328572672,0.17338388562202453,0.23289862871170045
dimension,L64,BBB,pixel_masking,0.84526,0.013563849011250486,0.8351,0.8557400000000002,0.07058000000000002,0.013279005986895258,0.059820000000000054,0.08106000000000005,0.024808106879750075,0.002005112661451537,0.023212593386416534,0.02640362037308362,0.026577339460703786,0.0026521621459093475,0.024845204809928422,0.028843169202366653,0.973806631565094,0.002837098098891418,0.9718374490737915,0.9760877966880799,0.05024620294570923,0.006397830226796323,0.04533693939447403,0.05515546649694443
dimension,L64,BBB,salt_pepper,0.3562,0.0749090114739208,0.29864000000000007,0.41376,0.5596400000000001,0.07432568869509384,0.5024,0.61688,0.05738937523077945,0.0021557697818907957,0.05590458745927227,0.059182358123428966,0.05762233668375989,0.0026312926520539745,0.055575173570574544,0.059669499796945226,0.8851604223251343,0.013949775567409502,0.8730165839195252,0.895105528831482,0.3603508293628693,0.05961889025700252,0.3141552686691284,0.4065463900566101
dimension,L64,HBB,gaussian,0.67516,0.03255953009488925,0.64988,0.70012,0.24122,0.031704763049106646,0.21703999999999998,0.26575999999999994,0.029048188658003904,0.0014076010298093593,0.02796446679305057,0.030131910522957238,0.028708221731575168,0.001816038223538387,0.02715265038334594,0.030033604202465137,0.9341599464416503,0.005679877798022754,0.9298725366592407,0.938693106174469,0.15505194365978242,0.014447778534537966,0.1442200005054474,0.16598861217498778
dimension,L64,HBB,pixel_masking,0.84752,0.009719927983272337,0.8390600000000001,0.85538,0.06885999999999999,0.009975119046908662,0.06172,0.07748,0.0275888919760743,0.0007875354994921818,0.02705080067824344,0.02825810818497016,0.029475752484263207,0.0015925161582331427,0.028263987198070606,0.030687517770455808,0.9727904438972473,0.002470270243443935,0.9708539009094238,0.9747484564781189,0.05067480504512787,0.0050019239079954715,0.047226646542549135,0.05523565784096718
dimension,L64,HBB,salt_pepper,0.4015600000000001,0.09255605328664353,0.32904000000000005,0.48084,0.51482,0.09169333127332653,0.437,0.5859599999999999,0.05610331153874495,0.002320932556778777,0.05425812088912848,0.0578795333800024,0.056986248437725776,0.00349787477695519,0.05419802314855614,0.059564073157991684,0.895839536190033,0.008280236084429926,0.88869149684906,0.9016608357429504,0.33091185986995697,0.06591820418171661,0.27551369965076444,0.38215285539627075
dimension,L64,HHB,gaussian,0.49168,0.06088264941672626,0.44728,0.5436799999999999,0.42817999999999995,0.061962262708845625,0.3756,0.47386,0.04750289347736203,0.0029073477244657463,0.04523221056724082,0.049581229370467515,0.05355925853242679,0.00632641966060799,0.049456268217514976,0.05913354365037412,0.9102998733520508,0.010521065224520409,0.9009638547897338,0.9160312175750732,0.2709861546754837,0.043755790576949866,0.23261859118938447,0.301893538236618
dimension,L64,HHB,pixel_masking,0.8270800000000001,0.010600566022623508,0.8188599999999999,0.8352999999999999,0.09277999999999997,0.010808653940246236,0.08423999999999998,0.101,0.02859697769388861,0.001361195662329492,0.02761124544912455,0.029717161230846324,0.028316838641069368,0.0009512078659624593,0.027589567810369996,0.029044109471768748,0.9737095713615418,0.0008116431016958115,0.973233437538147,0.9744371175765991,0.0637996718287468,0.00525883288760003,0.05966278463602066,0.06793655902147293
dimension,L64,HHB,salt_pepper,0.35302,0.04561010852870228,0.31692,0.38682,0.56684,0.047915373315878494,0.53268,0.60488,0.07130634225173874,0.00304069176533182,0.06898244827017494,0.07372624535171353,0.0784105404108398,0.005841368707057837,0.07529172388952607,0.0836493172631945,0.8786177635192871,0.008449593048904438,0.870884358882904,0.8833271741867066,0.3800286591053009,0.03226416685558611,0.353591775894165,0.40430145859718325
dimension,L64,HHH,gaussian,0.37901999999999997,0.08976002450980056,0.31758000000000003,0.45402,0.51508,0.09656964844090506,0.43552,0.5840799999999999,0.05300173214114441,0.006836894276848836,0.04879917784204289,0.059099839221020134,0.05139116678666096,0.0078795889036415,0.04614155711894132,0.05816695352748948,0.9997284889221192,7.182564227963113e-05,0.9996671676635742,0.9997798442840576,0.34637546837329863,0.06863028495937315,0.2896973878145218,0.39825342297554017
dimension,L64,HHH,pixel_masking,0.8023,0.008826947377208018,0.79552,0.8089999999999999,0.09179999999999999,0.006614378277661458,0.08660000000000001,0.09699999999999998,0.021220813138533613,0.0015009315850851273,0.020069334204926785,0.022372292072140438,0.02144621682536845,0.0007265987593465881,0.020809164666934894,0.0219261810435081,0.9999394893646241,6.207244991888687e-06,0.999934196472168,0.9999438643455505,0.0711817428469658,0.0015522529011621012,0.07010514438152313,0.07240034192800522
dimension,L64,HHH,salt_pepper,0.28472,0.060835285813415886,0.23992,0.33112,0.60938,0.06815505850632074,0.55808,0.6613999999999999,0.08135996836681755,0.00853080001694017,0.07578867572005914,0.08862921222608915,0.07981991257492377,0.0100819475570249,0.07277369838558898,0.08807823346429941,0.9995957851409912,0.0001008144916446164,0.9995108723640442,0.999669885635376,0.4243484318256378,0.05297934524348366,0.38484365344047544,0.464745956659317
