sweep,case,contrast,metric,mean_paired_difference,sd_paired_difference,ci_low,ci_high
dimension,L16,HHB_minus_HHH,accuracy,0.05360000000000002,0.39370116205060907,-0.30085999999999996,0.25949999999999995
dimension,L16,HHB_minus_HHH,macro_f1,0.0397945739152197,0.4358628744670043,-0.3530356714224557,0.26521599161233755
dimension,L16,HHB_minus_HHH,classification_ce,-0.23019762635231017,1.003399939185845,-0.7596254348754883,0.6704165875911713
dimension,L16,HHB_minus_HHH,system_reconstruction_mse,-0.007781166714064929,0.035105507749727136,-0.026546831350910415,0.0239275370652335
dimension,L16,HHB_minus_HHH,standardized_reconstruction_mse,-0.0056772598795988135,0.03976511909251583,-0.026474565801425858,0.030187566834663858
dimension,L16,HHB_minus_HHH,system_training_samples_seen,-500000.0,0.0,-500000.0,-500000.0
dimension,L16,HHB_minus_HHH,system_training_wall_time_sec,-10.00614798000097,94.10336335051169,-77.54964275999956,67.72022313999915
dimension,L16,HHB_minus_HHH,standardized_decoder_samples_seen,0.0,0.0,0.0,0.0
dimension,L16,HHB_minus_HHH,standardized_decoder_wall_time_sec,17.10325440000015,96.56493276971796,-50.35389472000243,96.61212936000302
dimension,L16,HHB_minus_HHH,total_training_samples_seen,-500000.0,0.0,-500000.0,-500000.0
dimension,L16,HHB_minus_HHH,total_training_wall_time_sec,7.097106419999181,167.397464242085,-80.47879253999854,159.72698759999693
dimension,L16,HBB_minus_HHB,accuracy,0.13303999999999996,0.218101646027718,0.02317999999999998,0.33077999999999996
dimension,L16,HBB_minus_HHB,macro_f1,0.1478303928086208,0.24931246306068652,0.02359288982047376,0.3736932706086532
dimension,L16,HBB_minus_HHB,classification_ce,-0.334316098690033,0.5084738616933144,-0.7974352180957794,-0.07234168946743011
dimension,L16,HBB_minus_HHB,system_reconstruction_mse,-0.010770679846783074,0.016846593236634004,-0.026078536641451776,-0.0023287138205158467
dimension,L16,HBB_minus_HHB,standardized_reconstruction_mse,-0.01287185236483204,0.021891711016904382,-0.03269957768381858,-0.002136225703297829
dimension,L16,HBB_minus_HHB,system_training_samples_seen,-500000.0,0.0,-500000.0,-500000.0
dimension,L16,HBB_minus_HHB,system_training_wall_time_sec,-65.89860084000102,67.50773413979104,-109.47250090000016,-4.889569299999129
dimension,L16,HBB_minus_HHB,standardized_decoder_samples_seen,0.0,0.0,0.0,0.0
dimension,L16,HBB_minus_HHB,standardized_decoder_wall_time_sec,11.783167300000787,35.49139329432056,-14.46052167999951,42.041987060000245
dimension,L16,HBB_minus_HHB,total_training_samples_seen,-500000.0,0.0,-500000.0,-500000.0
dimension,L16,HBB_minus_HHB,total_training_wall_time_sec,-54.11543354000023,100.2945797580193,-118.17231521999929,33.748545459999875
dimension,L16,BBB_minus_HHB,accuracy,0.14673999999999998,0.2609068665252028,0.025360000000000004,0.38133999999999996
dimension,L16,BBB_minus_HHB,macro_f1,0.16474994410031665,0.3000037986722226,0.025812406666504438,0.43430200454592605
dimension,L16,BBB_minus_HHB,classification_ce,-0.3596323162317276,0.6166755590161126,-0.9129069745540619,-0.07652892768383027
dimension,L16,BBB_minus_HHB,system_reconstruction_mse,-0.011408004870122793,0.01975970002318083,-0.029152640474864416,-0.002164433142214405
dimension,L16,BBB_minus_HHB,standardized_reconstruction_mse,-0.013465962701719634,0.024954819001914416,-0.03584356487215781,-0.002008003575850506
dimension,L16,BBB_minus_HHB,system_training_samples_seen,-1000000.0,0.0,-1000000.0,-1000000.0
dimension,L16,BBB_minus_HHB,system_training_wall_time_sec,-202.23208078000025,104.97104552217753,-278.8782654799987,-111.99682012000267
dimension,L16,BBB_minus_HHB,standardized_decoder_samples_seen,0.0,0.0,0.0,0.0
dimension,L16,BBB_minus_HHB,standardized_decoder_wall_time_sec,-31.827800759999082,59.07965609673168,-78.09121084000216,10.615206300003047
dimension,L16,BBB_minus_HHB,total_training_samples_seen,-1000000.0,0.0,-1000000.0,-1000000.0
dimension,L16,BBB_minus_HHB,total_training_wall_time_sec,-234.05988153999934,156.98300683294914,-354.7276430399994,-106.23234419999935
dimension,L32,HHB_minus_HHH,accuracy,0.09824,0.02714033898093384,0.07406000000000004,0.11705999999999994
dimension,L32,HHB_minus_HHH,macro_f1,0.10024639134826067,0.02839138577605726,0.07493848498093361,0.12000203385155779
dimension,L32,HHB_minus_HHH,classification_ce,-0.3049206495285034,0.0790377866281783,-0.3613157093524933,-0.23634930849075317
dimension,L32,HHB_minus_HHH,system_reconstruction_mse,-0.017636297274414375,0.0016592502004547124,-0.018887386806254482,-0.016404903143863288
dimension,L32,HHB_minus_HHH,standardized_reconstruction_mse,-0.017772045628100027,0.0019155177502383446,-0.019173875578276968,-0.01624072355036833
dimension,L32,HHB_minus_HHH,system_training_samples_seen,-500000.0,0.0,-500000.0,-500000.0
dimension,L32,HHB_minus_HHH,system_training_wall_time_sec,-1.2948062999945251,97.6758461763742,-66.27196345998964,84.61221088000602
dimension,L32,HHB_minus_HHH,standardized_decoder_samples_seen,0.0,0.0,0.0,0.0
dimension,L32,HHB_minus_HHH,standardized_decoder_wall_time_sec,2.675151319995348,15.674759768379019,-9.958760039998742,14.472411819995614
dimension,L32,HHB_minus_HHH,total_training_samples_seen,-500000.0,0.0,-500000.0,-500000.0
dimension,L32,HHB_minus_HHH,total_training_wall_time_sec,1.380345020000823,89.52323958215088,-61.9209167999943,75.57393338000256
dimension,L32,HBB_minus_HHB,accuracy,0.009759999999999991,0.007235537298639292,0.005159999999999942,0.01636000000000002
dimension,L32,HBB_minus_HHB,macro_f1,0.009764083254390288,0.007371453583588439,0.005054769638202461,0.01635564454175
dimension,L32,HBB_minus_HHB,classification_ce,-0.02825775146484375,0.02248144544403068,-0.04798482060432434,-0.01411513090133667
dimension,L32,HBB_minus_HHB,system_reconstruction_mse,-0.0004972960801027255,0.0032582936933630044,-0.0022258041354588096,0.0024562980869838177
dimension,L32,HBB_minus_HHB,standardized_reconstruction_mse,-0.00024109465336313098,0.0032654108823149124,-0.0019245151188908801,0.0027044992302875125
dimension,L32,HBB_minus_HHB,system_training_samples_seen,-500000.0,0.0,-500000.0,-500000.0
dimension,L32,HBB_minus_HHB,system_training_wall_time_sec,-132.78576312000513,143.1198148821539,-260.69027440000355,-54.89196976001112
dimension,L32,HBB_minus_HHB,standardized_decoder_samples_seen,0.0,0.0,0.0,0.0
dimension,L32,HBB_minus_HHB,standardized_decoder_wall_time_sec,11.010675460004132,15.575995177135352,-2.2768673399899853,22.217980380001244
dimension,L32,HBB_minus_HHB,total_training_samples_seen,-500000.0,0.0,-500000.0,-500000.0
dimension,L32,HBB_minus_HHB,total_training_wall_time_sec,-121.775087660001,139.20614368744447,-245.70012534000415,-37.84597906000708
dimension,L32,BBB_minus_HHB,accuracy,0.01584000000000003,0.009378059500770948,0.008460000000000023,0.02322000000000004
dimension,L32,BBB_minus_HHB,macro_f1,0.0160426441466087,0.009560032241102577,0.008510860992199287,0.023574427301018108
dimension,L32,BBB_minus_HHB,classification_ce,-0.04845241010189057,0.030991698788581393,-0.07259641289710998,-0.024308407306671144
dimension,L32,BBB_minus_HHB,system_reconstruction_mse,-0.001584071933493322,0.0018763420287764689,-0.0028347931653626107,0.0001010827063541022
dimension,L32,BBB_minus_HHB,standardized_reconstruction_mse,-0.001258039768082755,0.0018548253648558984,-0.0024392889990125393,0.0003835786378626922
dimension,L32,BBB_minus_HHB,system_training_samples_seen,-1000000.0,0.0,-1000000.0,-1000000.0
dimension,L32,BBB_minus_HHB,system_training_wall_time_sec,-225.79945160000497,125.12112995421946,-335.5534232000049,-146.9934495200112
dimension,L32,BBB_minus_HHB,standardized_decoder_samples_seen,0.0,0.0,0.0,0.0
dimension,L32,BBB_minus_HHB,standardized_decoder_wall_time_sec,6.830062340000586,27.237191981200947,-16.427321019998637,27.955709319999734
dimension,L32,BBB_minus_HHB,total_training_samples_seen,-1000000.0,0.0,-1000000.0,-1000000.0
dimension,L32,BBB_minus_HHB,total_training_wall_time_sec,-218.9693892600044,114.64975598639029,-320.56583747999684,-138.03165080001054
dimension,L64,HHB_minus_HHH,accuracy,0.025759999999999984,0.010491091458947437,0.01664000000000001,0.03328
dimension,L64,HHB_minus_HHH,macro_f1,0.025888351761389462,0.01062186219231368,0.016668275889768002,0.03351611797807079
dimension,L64,HHB_minus_HHH,classification_ce,-0.07791888117790222,0.029439310324900488,-0.09634326100349426,-0.05137677192687988
dimension,L64,HHB_minus_HHH,system_reconstruction_mse,-0.01385297492270567,0.0017816332429896312,-0.015248216785411444,-0.012457733059999896
dimension,L64,HHB_minus_HHH,standardized_reconstruction_mse,-0.014120287969744936,0.001746770034764499,-0.015455072770216025,-0.012754110284532822
dimension,L64,HHB_minus_HHH,system_training_samples_seen,-500000.0,0.0,-500000.0,-500000.0
dimension,L64,HHB_minus_HHH,system_training_wall_time_sec,-116.08816157999426,70.77840670318463,-169.37850838001978,-58.6155044799958
dimension,L64,HHB_minus_HHH,standardized_decoder_samples_seen,0.0,0.0,0.0,0.0
dimension,L64,HHB_minus_HHH,standardized_decoder_wall_time_sec,15.193682840008478,41.783854750198955,-9.034705679980107,52.54848270000984
dimension,L64,HHB_minus_HHH,total_training_samples_seen,-500000.0,0.0,-500000.0,-500000.0
dimension,L64,HHB_minus_HHH,total_training_wall_time_sec,-100.89447873998579,108.95142087755043,-177.16669845997822,-10.634832339999775
dimension,L64,HBB_minus_HHB,accuracy,-0.0034799999999999944,0.0028682747427678373,-0.005399999999999983,-0.0010399999999999964
dimension,L64,HBB_minus_HHB,macro_f1,-0.003467427997961314,0.003012848217314636,-0.005469984656953275,-0.0008912331091363468
dimension,L64,HBB_minus_HHB,classification_ce,0.00586390495300293,0.008511270144406913,0.0004798233509063721,0.01323704719543457
dimension,L64,HBB_minus_HHB,system_reconstruction_mse,-0.0013770486778629067,0.00035498925704201105,-0.001633390210404688,-0.0010839008572636815
dimension,L64,HBB_minus_HHB,standardized_reconstruction_mse,-0.00125641448702131,0.0003432415343193984,-0.0015096106889296548,-0.0009692545610544632
dimension,L64,HBB_minus_HHB,system_training_samples_seen,-500000.0,0.0,-500000.0,-500000.0
dimension,L64,HBB_minus_HHB,system_training_wall_time_sec,-143.38524533999316,41.121495913603795,-174.82897955998777,-110.53263965999341
dimension,L64,HBB_minus_HHB,standardized_decoder_samples_seen,0.0,0.0,0.0,0.0
dimension,L64,HBB_minus_HHB,standardized_decoder_wall_time_sec,-11.102397240000027,30.616781992801624,-37.43573910000432,10.07086732001153
dimension,L64,HBB_minus_HHB,total_training_samples_seen,-500000.0,0.0,-500000.0,-500000.0
dimension,L64,HBB_minus_HHB,total_training_wall_time_sec,-154.48764257999318,48.99519429836023,-187.28945288000432,-111.7710121399883
dimension,L64,BBB_minus_HHB,accuracy,-0.004019999999999979,0.004655856526999108,-0.008160000000000011,-0.001059999999999972
dimension,L64,BBB_minus_HHB,macro_f1,-0.004126338691049813,0.00476261075816972,-0.008376566542927821,-0.0010702655483455948
dimension,L64,BBB_minus_HHB,classification_ce,0.00531238317489624,0.0048768481878906905,0.0014801025390625,0.009219753742218017
dimension,L64,BBB_minus_HHB,system_reconstruction_mse,-0.001445945775995449,0.0003137721515043761,-0.0016714772209829212,-0.001160822482595638
dimension,L64,BBB_minus_HHB,standardized_reconstruction_mse,-0.0013341779565811157,0.00024192852402812664,-0.0015044108326094491,-0.00113201966310034
dimension,L64,BBB_minus_HHB,system_training_samples_seen,-1000000.0,0.0,-1000000.0,-1000000.0
dimension,L64,BBB_minus_HHB,system_training_wall_time_sec,-266.27820475999505,69.74384160387959,-308.374826100007,-206.0669454199946
dimension,L64,BBB_minus_HHB,standardized_decoder_samples_seen,0.0,0.0,0.0,0.0
dimension,L64,BBB_minus_HHB,standardized_decoder_wall_time_sec,-9.37541168000116,47.80544908523064,-51.876577919981536,20.354112979979256
dimension,L64,BBB_minus_HHB,total_training_samples_seen,-1000000.0,0.0,-1000000.0,-1000000.0
dimension,L64,BBB_minus_HHB,total_training_wall_time_sec,-275.6536164399962,91.68592883209293,-351.02596105997037,-204.66484214000047
dimension,L128,HHB_minus_HHH,accuracy,0.005200000000000005,0.0035993054885630677,0.0029799999999999827,0.008440000000000048
dimension,L128,HHB_minus_HHH,macro_f1,0.005186456213248825,0.003655445866446583,0.0030178034651075158,0.00848836101519863
dimension,L128,HHB_minus_HHH,classification_ce,-0.019361609220504762,0.022235920803792695,-0.035765531659126285,-0.0029576867818832397
dimension,L128,HHB_minus_HHH,system_reconstruction_mse,-0.010800245038635876,0.001063184067981299,-0.011662929610427544,-0.009995323579068089
dimension,L128,HHB_minus_HHH,standardized_reconstruction_mse,-0.01067348441503486,0.0009474569970031397,-0.01137230113000286,-0.00996042981011527
dimension,L128,HHB_minus_HHH,system_training_samples_seen,-500000.0,0.0,-500000.0,-500000.0
dimension,L128,HHB_minus_HHH,system_training_wall_time_sec,-90.86647036000213,56.32749331891641,-134.99138526000897,-46.74155545999529
dimension,L128,HHB_minus_HHH,standardized_decoder_samples_seen,0.0,0.0,0.0,0.0
dimension,L128,HHB_minus_HHH,standardized_decoder_wall_time_sec,11.412896380000166,54.90794633109354,-31.603130579998833,56.408828940006785
dimension,L128,HHB_minus_HHH,total_training_samples_seen,-500000.0,0.0,-500000.0,-500000.0
dimension,L128,HHB_minus_HHH,total_training_wall_time_sec,-79.45357398000196,33.1208166849879,-104.35067181999912,-54.55647614000482
dimension,L128,HBB_minus_HHB,accuracy,-0.007920000000000016,0.0030268795813510507,-0.01010000000000002,-0.005339999999999989
dimension,L128,HBB_minus_HHB,macro_f1,-0.007997269774949722,0.003065807121776063,-0.010183845494074317,-0.005390153065584347
dimension,L128,HBB_minus_HHB,classification_ce,0.02633673548698425,0.007478768888979676,0.02048707604408264,0.03201150000095367
dimension,L128,HBB_minus_HHB,system_reconstruction_mse,-0.0014027506794248308,0.00014716317129582048,-0.0015191293223050174,-0.001286372036544644
dimension,L128,HBB_minus_HHB,standardized_reconstruction_mse,-0.001250858088804751,0.00016893140472216186,-0.001381572256672139,-0.001120143920937363
dimension,L128,HBB_minus_HHB,system_training_samples_seen,-500000.0,0.0,-500000.0,-500000.0
dimension,L128,HBB_minus_HHB,system_training_wall_time_sec,-77.18575148000382,166.2157761479579,-203.96160650000675,54.00760659999796
dimension,L128,HBB_minus_HHB,standardized_decoder_samples_seen,0.0,0.0,0.0,0.0
dimension,L128,HBB_minus_HHB,standardized_decoder_wall_time_sec,8.793405519999215,39.87626751392101,-16.737347780002164,44.69595144000486
dimension,L128,HBB_minus_HHB,total_training_samples_seen,-500000.0,0.0,-500000.0,-500000.0
dimension,L128,HBB_minus_HHB,total_training_wall_time_sec,-68.3923459600046,192.59835301663645,-206.48085426000762,92.56117304000072
dimension,L128,BBB_minus_HHB,accuracy,-0.009620000000000007,0.0032135649985646497,-0.012039999999999985,-0.007120000000000015
dimension,L128,BBB_minus_HHB,macro_f1,-0.009745526965064522,0.0032435915634693633,-0.012185491974928997,-0.007236163565750187
dimension,L128,BBB_minus_HHB,classification_ce,0.030227544903755187,0.006637289820053191,0.024102607369422914,0.03459710776805878
dimension,L128,BBB_minus_HHB,system_reconstruction_mse,-0.0014988009100544211,0.0001575414689499838,-0.0016167480950939413,-0.0013675888949997571
dimension,L128,BBB_minus_HHB,standardized_reconstruction_mse,-0.0013448591619121784,0.00013328599070375476,-0.0014448526413100107,-0.0012457557079743366
dimension,L128,BBB_minus_HHB,system_training_samples_seen,-1000000.0,0.0,-1000000.0,-1000000.0
dimension,L128,BBB_minus_HHB,system_training_wall_time_sec,-256.10643100000163,96.10637732943262,-338.1216355200042,-185.8294366199989
dimension,L128,BBB_minus_HHB,standardized_decoder_samples_seen,0.0,0.0,0.0,0.0
dimension,L128,BBB_minus_HHB,standardized_decoder_wall_time_sec,-21.92321353999723,29.87639450580839,-46.18554360000125,0.18649724000133575
dimension,L128,BBB_minus_HHB,total_training_samples_seen,-1000000.0,0.0,-1000000.0,-1000000.0
dimension,L128,BBB_minus_HHB,total_training_wall_time_sec,-278.02964453999886,76.32281774137549,-338.9345550200087,-219.8249224799976
architecture,early_heavy,HHB_minus_HHH,accuracy,0.023540000000000005,0.006468616544517046,0.01888000000000003,0.02901999999999998
architecture,early_heavy,HHB_minus_HHH,macro_f1,0.023947911286222357,0.006479165626419033,0.01921510966455444,0.029406530016017295
architecture,early_heavy,HHB_minus_HHH,classification_ce,-0.06511990427970886,0.020515014300262868,-0.08187506198883057,-0.04968256950378418
architecture,early_heavy,HHB_minus_HHH,system_reconstruction_mse,-0.02241068463237918,0.005615788993481682,-0.026703924527557526,-0.0176804518195561
architecture,early_heavy,HHB_minus_HHH,standardized_reconstruction_mse,-0.02417539785180773,0.0045212371786161245,-0.027241124703348902,-0.020277591228679736
architecture,early_heavy,HHB_minus_HHH,system_training_samples_seen,-500000.0,0.0,-500000.0,-500000.0
architecture,early_heavy,HHB_minus_HHH,system_training_wall_time_sec,-289.85602998000104,454.730924709229,-698.2640406000195,-71.29604081998113
architecture,early_heavy,HHB_minus_HHH,standardized_decoder_samples_seen,0.0,0.0,0.0,0.0
architecture,early_heavy,HHB_minus_HHH,standardized_decoder_wall_time_sec,10.07320391999092,29.17101609829012,-15.669458439946174,28.938522999943235
architecture,early_heavy,HHB_minus_HHH,total_training_samples_seen,-500000.0,0.0,-500000.0,-500000.0
architecture,early_heavy,HHB_minus_HHH,total_training_wall_time_sec,-279.7828260600101,482.05894573707116,-713.8923625999596,-44.45295865996741
architecture,early_heavy,HBB_minus_HHB,accuracy,-0.0020400000000000197,0.002076776348093357,-0.0036000000000000255,-0.00040000000000004474
architecture,early_heavy,HBB_minus_HHB,macro_f1,-0.002117212632902965,0.002040967813162359,-0.0036572821887967287,-0.0004989915489133523
architecture,early_heavy,HBB_minus_HHB,classification_ce,-0.005869024991989135,0.008175920828091328,-0.012724840641021728,0.0002431333065032959
architecture,early_heavy,HBB_minus_HHB,system_reconstruction_mse,-0.0013816172447983102,0.0004773236792872123,-0.001676260824982001,-0.0009677656784836128
architecture,early_heavy,HBB_minus_HHB,standardized_reconstruction_mse,-0.0008108174094375298,0.0005869914492962042,-0.0012442081562353637,-0.0003232282784520362
architecture,early_heavy,HBB_minus_HHB,system_training_samples_seen,-500000.0,0.0,-500000.0,-500000.0
architecture,early_heavy,HBB_minus_HHB,system_training_wall_time_sec,-103.45636066002771,29.17170550938916,-127.08640391998924,-82.82272314003202
architecture,early_heavy,HBB_minus_HHB,standardized_decoder_samples_seen,0.0,0.0,0.0,0.0
architecture,early_heavy,HBB_minus_HHB,standardized_decoder_wall_time_sec,66.9757978399517,56.13773517688838,23.2941714999266,110.6574241799768
architecture,early_heavy,HBB_minus_HHB,total_training_samples_seen,-500000.0,0.0,-500000.0,-500000.0
architecture,early_heavy,HBB_minus_HHB,total_training_wall_time_sec,-36.48056282007601,83.92077385110318,-102.66103398003615,27.230265099951065
architecture,early_heavy,BBB_minus_HHB,accuracy,-0.0020200000000000218,0.002036418424587624,-0.0035599999999999855,-0.0004600000000000382
architecture,early_heavy,BBB_minus_HHB,macro_f1,-0.002166788597256231,0.002092733882284235,-0.0037261861730989664,-0.00048630952968733434
architecture,early_heavy,BBB_minus_HHB,classification_ce,-0.0032418549060821535,0.007053350396244349,-0.008708328008651733,0.0020871758460998535
architecture,early_heavy,BBB_minus_HHB,system_reconstruction_mse,-0.0017701529440587878,0.00026358530467263927,-0.0019685122544911447,-0.0015686141134281545
architecture,early_heavy,BBB_minus_HHB,standardized_reconstruction_mse,-0.0006521250232385128,0.0005353444478164993,-0.0009596543641966213,-0.00016554753974992368
architecture,early_heavy,BBB_minus_HHB,system_training_samples_seen,-1000000.0,0.0,-1000000.0,-1000000.0
architecture,early_heavy,BBB_minus_HHB,system_training_wall_time_sec,-125.30651714001434,112.48345497259484,-204.05927320001646,-26.202057760010938
architecture,early_heavy,BBB_minus_HHB,standardized_decoder_samples_seen,0.0,0.0,0.0,0.0
architecture,early_heavy,BBB_minus_HHB,standardized_decoder_wall_time_sec,161.38692951999548,256.9975230650525,31.308441979973576,392.5737026999501
architecture,early_heavy,BBB_minus_HHB,total_training_samples_seen,-1000000.0,0.0,-1000000.0,-1000000.0
architecture,early_heavy,BBB_minus_HHB,total_training_wall_time_sec,36.080412379981134,362.5419454720523,-172.7508312200429,361.7391977799678
architecture,balanced,HHB_minus_HHH,accuracy,0.025759999999999984,0.010491091458947437,0.01664000000000001,0.03328
architecture,balanced,HHB_minus_HHH,macro_f1,0.025888351761389462,0.01062186219231368,0.016668275889768002,0.03351611797807079
architecture,balanced,HHB_minus_HHH,classification_ce,-0.07791888117790222,0.029439310324900488,-0.09634326100349426,-0.05137677192687988
architecture,balanced,HHB_minus_HHH,system_reconstruction_mse,-0.01385297492270567,0.0017816332429896312,-0.015248216785411444,-0.012457733059999896
architecture,balanced,HHB_minus_HHH,standardized_reconstruction_mse,-0.014120287969744936,0.001746770034764499,-0.015455072770216025,-0.012754110284532822
architecture,balanced,HHB_minus_HHH,system_training_samples_seen,-500000.0,0.0,-500000.0,-500000.0
architecture,balanced,HHB_minus_HHH,system_training_wall_time_sec,-116.08816157999426,70.77840670318463,-169.37850838001978,-58.6155044799958
architecture,balanced,HHB_minus_HHH,standardized_decoder_samples_seen,0.0,0.0,0.0,0.0
architecture,balanced,HHB_minus_HHH,standardized_decoder_wall_time_sec,15.193682840008478,41.783854750198955,-9.034705679980107,52.54848270000984
architecture,balanced,HHB_minus_HHH,total_training_samples_seen,-500000.0,0.0,-500000.0,-500000.0
architecture,balanced,HHB_minus_HHH,total_training_wall_time_sec,-100.89447873998579,108.95142087755043,-177.16669845997822,-10.634832339999775
architecture,balanced,HBB_minus_HHB,accuracy,-0.0034799999999999944,0.0028682747427678373,-0.005399999999999983,-0.0010399999999999964
architecture,balanced,HBB_minus_HHB,macro_f1,-0.003467427997961314,0.003012848217314636,-0.005469984656953275,-0.0008912331091363468
architecture,balanced,HBB_minus_HHB,classification_ce,0.00586390495300293,0.008511270144406913,0.0004798233509063721,0.01323704719543457
architecture,balanced,HBB_minus_HHB,system_reconstruction_mse,-0.0013770486778629067,0.00035498925704201105,-0.001633390210404688,-0.0010839008572636815
architecture,balanced,HBB_minus_HHB,standardized_reconstruction_mse,-0.00125641448702131,0.0003432415343193984,-0.0015096106889296548,-0.0009692545610544632
architecture,balanced,HBB_minus_HHB,system_training_samples_seen,-500000.0,0.0,-500000.0,-500000.0
architecture,balanced,HBB_minus_HHB,system_training_wall_time_sec,-143.38524533999316,41.121495913603795,-174.82897955998777,-110.53263965999341
architecture,balanced,HBB_minus_HHB,standardized_decoder_samples_seen,0.0,0.0,0.0,0.0
architecture,balanced,HBB_minus_HHB,standardized_decoder_wall_time_sec,-11.102397240000027,30.616781992801624,-37.43573910000432,10.07086732001153
architecture,balanced,HBB_minus_HHB,total_training_samples_seen,-500000.0,0.0,-500000.0,-500000.0
architecture,balanced,HBB_minus_HHB,total_training_wall_time_sec,-154.48764257999318,48.99519429836023,-187.28945288000432,-111.7710121399883
architecture,balanced,BBB_minus_HHB,accuracy,-0.004019999999999979,0.004655856526999108,-0.008160000000000011,-0.001059999999999972
architecture,balanced,BBB_minus_HHB,macro_f1,-0.004126338691049813,0.00476261075816972,-0.008376566542927821,-0.0010702655483455948
architecture,balanced,BBB_minus_HHB,classification_ce,0.00531238317489624,0.0048768481878906905,0.0014801025390625,0.009219753742218017
architecture,balanced,BBB_minus_HHB,system_reconstruction_mse,-0.001445945775995449,0.0003137721515043761,-0.0016714772209829212,-0.001160822482595638
architecture,balanced,BBB_minus_HHB,standardized_reconstruction_mse,-0.0013341779565811157,0.00024192852402812664,-0.0015044108326094491,-0.00113201966310034
architecture,balanced,BBB_minus_HHB,system_training_samples_seen,-1000000.0,0.0,-1000000.0,-1000000.0
architecture,balanced,BBB_minus_HHB,system_training_wall_time_sec,-266.27820475999505,69.74384160387959,-308.374826100007,-206.0669454199946
architecture,balanced,BBB_minus_HHB,standardized_decoder_samples_seen,0.0,0.0,0.0,0.0
architecture,balanced,BBB_minus_HHB,standardized_decoder_wall_time_sec,-9.37541168000116,47.80544908523064,-51.876577919981536,20.354112979979256
architecture,balanced,BBB_minus_HHB,total_training_samples_seen,-1000000.0,0.0,-1000000.0,-1000000.0
architecture,balanced,BBB_minus_HHB,total_training_wall_time_sec,-275.6536164399962,91.68592883209293,-351.02596105997037,-204.66484214000047
architecture,late_heavy,HHB_minus_HHH,accuracy,-0.04254000000000002,0.28913388421283315,-0.2991800000000001,0.11598
architecture,late_heavy,HHB_minus_HHH,macro_f1,-0.0572721727554081,0.326162557140496,-0.3475544436764414,0.11860064988271415
architecture,late_heavy,HHB_minus_HHH,classification_ce,0.06239435076713562,0.7471402703428476,-0.36480081677436826,0.7259438097476959
architecture,late_heavy,HHB_minus_HHH,system_reconstruction_mse,-0.0044706451484135224,0.024623405966099732,-0.019538104498726984,0.017551722493074375
architecture,late_heavy,HHB_minus_HHH,standardized_reconstruction_mse,-0.004739126389367239,0.0243299501970505,-0.019685966734010345,0.016976459285969636
architecture,late_heavy,HHB_minus_HHH,system_training_samples_seen,-500000.0,0.0,-500000.0,-500000.0
architecture,late_heavy,HHB_minus_HHH,system_training_wall_time_sec,-100.0290787800448,98.47648937857626,-185.92022770005278,-41.38730018006172
architecture,late_heavy,HHB_minus_HHH,standardized_decoder_samples_seen,0.0,0.0,0.0,0.0
architecture,late_heavy,HHB_minus_HHH,standardized_decoder_wall_time_sec,17.349447560007683,49.95601059325748,-15.274961499962956,60.36428043995984
architecture,late_heavy,HHB_minus_HHH,total_training_samples_seen,-500000.0,0.0,-500000.0,-500000.0
architecture,late_heavy,HHB_minus_HHH,total_training_wall_time_sec,-82.67963122003712,59.41677957594065,-129.47244304008782,-38.808769119996576
architecture,late_heavy,HBB_minus_HHB,accuracy,0.10193999999999996,0.21989216220684174,-0.001460000000000039,0.2994799999999999
architecture,late_heavy,HBB_minus_HHB,macro_f1,0.11794478718149015,0.2556283913523822,-0.00146831459532748,0.34750301070701295
architecture,late_heavy,HBB_minus_HHB,classification_ce,-0.25477073192596433,0.5406604010192044,-0.7409437358379364,0.0023650705814361574
architecture,late_heavy,HBB_minus_HHB,system_reconstruction_mse,-0.007814789610687567,0.012175009857779586,-0.018758632645898936,-0.00184674599044177
architecture,late_heavy,HBB_minus_HHB,standardized_reconstruction_mse,-0.007497846875385362,0.01207124683783614,-0.018418361421604544,-0.0015892359389091024
architecture,late_heavy,HBB_minus_HHB,system_training_samples_seen,-500000.0,0.0,-500000.0,-500000.0
architecture,late_heavy,HBB_minus_HHB,system_training_wall_time_sec,-70.17619213995059,20.686325619005785,-86.54472751996946,-53.8076567599317
architecture,late_heavy,HBB_minus_HHB,standardized_decoder_samples_seen,0.0,0.0,0.0,0.0
architecture,late_heavy,HBB_minus_HHB,standardized_decoder_wall_time_sec,-23.39646773999557,53.98845472643888,-69.66214027998504,16.053253660001793
architecture,late_heavy,HBB_minus_HHB,total_training_samples_seen,-500000.0,0.0,-500000.0,-500000.0
architecture,late_heavy,HBB_minus_HHB,total_training_wall_time_sec,-93.57265987994614,48.796287672233476,-130.07962089991196,-57.218522739969195
architecture,late_heavy,BBB_minus_HHB,accuracy,0.06555999999999998,0.13501930602695303,9.999999999998899e-05,0.18737999999999996
architecture,late_heavy,BBB_minus_HHB,macro_f1,0.07876865409564472,0.16425183379314975,0.00018706847509131208,0.22682991641505829
architecture,late_heavy,BBB_minus_HHB,classification_ce,-0.14272469282150269,0.2854570475306006,-0.3996118724346161,0.000647592544555664
architecture,late_heavy,BBB_minus_HHB,system_reconstruction_mse,-0.0055977293277273375,0.003934904820870372,-0.009130897442953928,-0.003019231456445188
architecture,late_heavy,BBB_minus_HHB,standardized_reconstruction_mse,-0.005321075523532166,0.003997644281940958,-0.00875228176817602,-0.0028818333900218107
architecture,late_heavy,BBB_minus_HHB,system_training_samples_seen,-1000000.0,0.0,-1000000.0,-1000000.0
architecture,late_heavy,BBB_minus_HHB,system_training_wall_time_sec,-178.45794157993515,32.97420271414559,-202.78792573988903,-149.49238945995458
architecture,late_heavy,BBB_minus_HHB,standardized_decoder_samples_seen,0.0,0.0,0.0,0.0
architecture,late_heavy,BBB_minus_HHB,standardized_decoder_wall_time_sec,-9.680984840006568,24.250693265225564,-29.621572979958728,8.46626111997757
architecture,late_heavy,BBB_minus_HHB,total_training_samples_seen,-1000000.0,0.0,-1000000.0,-1000000.0
architecture,late_heavy,BBB_minus_HHB,total_training_wall_time_sec,-188.1389264199417,47.72479990007384,-225.07565207986627,-152.6510162999388
