sweep,method,metric,baseline_case,baseline_value,minimum,maximum,sensitivity,layer,noise_type,rule
architecture,BBB,accuracy,balanced,0.91584,0.8605799999999999,0.9187799999999999,0.06354821802928075,,,
architecture,BBB,macro_f1,balanced,0.9144916053430412,0.8559916089190714,0.9174681226816723,0.06722479835063416,,,
architecture,BBB,classification_ce,balanced,0.28265197277069093,0.27292335629463194,0.44969249367713926,0.6253950243088899,,,
architecture,BBB,system_reconstruction_mse,balanced,0.0032011022525417565,0.0030851331877221866,0.01423210497486348,3.4822292148924907,,,
architecture,BBB,standardized_reconstruction_mse,balanced,0.003234369178791435,0.003234369178791435,0.014367943679848496,3.4422707743508107,,,
architecture,BBB,system_training_samples_seen,balanced,500000.0,500000.0,500000.0,0.0,,,
architecture,BBB,system_training_wall_time_sec,balanced,312.9768771000319,175.30687844003552,445.5527640599932,0.8634691742213989,,,
architecture,BBB,standardized_decoder_samples_seen,balanced,500000.0,500000.0,500000.0,0.0,,,
architecture,BBB,standardized_decoder_wall_time_sec,balanced,248.2134587599907,158.75593185999895,422.3012874400098,1.061768998734449,,,
architecture,BBB,total_training_samples_seen,balanced,1000000.0,1000000.0,1000000.0,0.0,,,
architecture,BBB,total_training_wall_time_sec,balanced,561.1903358600226,334.06281030003447,867.8540515000029,0.9511768237810687,,,
architecture,HBB,accuracy,balanced,0.91638,0.89696,0.91876,0.023789257731482848,,,
architecture,HBB,macro_f1,balanced,0.9151505160361297,0.8951677420049169,0.9175176986460256,0.024422164714380096,,,
architecture,HBB,classification_ce,balanced,0.2832034945487976,0.270296186208725,0.3376464545726776,0.23781580969195978,,,
architecture,HBB,system_reconstruction_mse,balanced,0.0032699993506742986,0.0032699993506742986,0.01201504469190325,2.67432632264937,,,
architecture,HBB,standardized_reconstruction_mse,balanced,0.003312132648351241,0.003312132648351241,0.012191172327995301,2.680762100933134,,,
architecture,HBB,system_training_samples_seen,balanced,1000000.0,1000000.0,1000000.0,0.0,,,
architecture,HBB,system_training_wall_time_sec,balanced,435.8698365200338,283.58862788002006,467.40292053997985,0.4217183141818779,,,
architecture,HBB,standardized_decoder_samples_seen,balanced,500000.0,500000.0,500000.0,0.0,,,
architecture,HBB,standardized_decoder_wall_time_sec,balanced,246.48647319999182,145.04044896000997,327.890155759966,0.7418245083639801,,,
architecture,HBB,total_training_samples_seen,balanced,1500000.0,1500000.0,1500000.0,0.0,,,
architecture,HBB,total_training_wall_time_sec,balanced,682.3563097200256,428.62907684003005,795.2930762999458,0.5373497602892533,,,
architecture,HHB,accuracy,balanced,0.9198599999999999,0.79502,0.9208000000000001,0.13673819929104797,,,
architecture,HHB,macro_f1,balanced,0.9186179440340909,0.7772229548234268,0.9196349112789285,0.15502849403305533,,,
architecture,HHB,classification_ce,balanced,0.2773395895957947,0.27616521120071413,0.592417186498642,1.1403059179459565,,,
architecture,HHB,system_reconstruction_mse,balanced,0.0046470480285372056,0.0046470480285372056,0.019829834302590818,3.2671894453317387,,,
architecture,HHB,standardized_reconstruction_mse,balanced,0.004568547135372551,0.004568547135372551,0.01968901920338066,3.3096894081766743,,,
architecture,HHB,system_training_samples_seen,balanced,1500000.0,1500000.0,1500000.0,0.0,,,
architecture,HHB,system_training_wall_time_sec,balanced,579.255081860027,353.76482001997067,579.255081860027,0.3892762772421288,,,
architecture,HHB,standardized_decoder_samples_seen,balanced,500000.0,500000.0,500000.0,0.0,,,
architecture,HHB,standardized_decoder_wall_time_sec,balanced,257.58887043999187,168.43691670000553,260.9143579200143,0.3590117890654443,,,
architecture,HHB,total_training_samples_seen,balanced,2000000.0,2000000.0,2000000.0,0.0,,,
architecture,HHB,total_training_wall_time_sec,balanced,836.8439523000188,522.2017367199762,836.8439523000188,0.37598672334939587,,,
architecture,HHH,accuracy,balanced,0.8940999999999999,0.8375600000000001,0.89726,0.06677105469179409,,,
architecture,HHH,macro_f1,balanced,0.8927295922727015,0.8344951275788348,0.8956869999927062,0.0685446891684426,,,
architecture,HHH,classification_ce,balanced,0.3552584707736969,0.34128511548042295,0.5300228357315063,0.5312687403048016,,,
architecture,HHH,system_reconstruction_mse,balanced,0.018500022951242874,0.018500022951242874,0.02726597076416016,0.47383442904618317,,,
architecture,HHH,standardized_reconstruction_mse,balanced,0.018688835105117485,0.018688835105117485,0.02982157151981276,0.5956891561984597,,,
architecture,HHH,system_training_samples_seen,balanced,2000000.0,2000000.0,2000000.0,0.0,,,
architecture,HHH,system_training_wall_time_sec,balanced,695.3432434400213,453.7938988000154,860.7153111800086,0.585209414514276,,,
architecture,HHH,standardized_decoder_samples_seen,balanced,500000.0,500000.0,500000.0,0.0,,,
architecture,HHH,standardized_decoder_wall_time_sec,balanced,242.39518759998336,151.08746913999784,250.84115400002338,0.4115332727836383,,,
architecture,HHH,total_training_samples_seen,balanced,2500000.0,2500000.0,2500000.0,0.0,,,
architecture,HHH,total_training_wall_time_sec,balanced,937.7384310400046,604.8813679400133,1111.5564651800319,0.5403160204046312,,,
dimension,BBB,accuracy,L64,0.91584,0.8804400000000001,0.92458,0.04819619147444057,,,
dimension,BBB,macro_f1,L64,0.9144916053430412,0.8784582626665538,0.9235338700989086,0.04929034577129544,,,
dimension,BBB,classification_ce,L64,0.28265197277069093,0.25476747155189516,0.39279532730579375,0.488331478462346,,,
dimension,BBB,system_reconstruction_mse,L64,0.0032011022525417565,0.0021745337577741973,0.018334824630386975,5.048351971491303,,,
dimension,BBB,standardized_reconstruction_mse,L64,0.003234369178791435,0.0020935477857687034,0.018269237486586275,5.001188423969784,,,
dimension,BBB,system_training_samples_seen,L64,500000.0,500000.0,500000.0,0.0,,,
dimension,BBB,system_training_wall_time_sec,L64,312.9768771000319,194.38975467999845,312.9768771000319,0.3789005869022424,,,
dimension,BBB,standardized_decoder_samples_seen,L64,500000.0,500000.0,500000.0,0.0,,,
dimension,BBB,standardized_decoder_wall_time_sec,L64,248.2134587599907,167.44293054000082,248.2134587599907,0.3254075287597132,,,
dimension,BBB,total_training_samples_seen,L64,1000000.0,1000000.0,1000000.0,0.0,,,
dimension,BBB,total_training_wall_time_sec,L64,561.1903358600226,362.1113429599951,561.1903358600226,0.3547441575146499,,,
dimension,HBB,accuracy,L64,0.91638,0.8667399999999998,0.92628,0.06497304611616925,,,
dimension,HBB,macro_f1,L64,0.9151505160361297,0.861538711374858,0.9252821272890236,0.06965347753962184,,,
dimension,HBB,classification_ce,L64,0.2832034945487976,0.2508766621351242,0.4181115448474884,0.5905113670232559,,,
dimension,HBB,system_reconstruction_mse,L64,0.0032699993506742986,0.0022705839884037877,0.018972149653726695,5.107513448518393,,,
dimension,HBB,standardized_reconstruction_mse,L64,0.003312132648351241,0.002187548858876131,0.018863347823473868,5.034761807581615,,,
dimension,HBB,system_training_samples_seen,L64,1000000.0,1000000.0,1000000.0,0.0,,,
dimension,HBB,system_training_wall_time_sec,L64,435.8698365200338,287.4034431599983,449.525742639997,0.371951178761017,,,
dimension,HBB,standardized_decoder_samples_seen,L64,500000.0,500000.0,500000.0,0.0,,,
dimension,HBB,standardized_decoder_wall_time_sec,L64,246.48647319999182,171.9022014000002,246.62007809999923,0.30313175295171213,,,
dimension,HBB,total_training_samples_seen,L64,1500000.0,1500000.0,1500000.0,0.0,,,
dimension,HBB,total_training_wall_time_sec,L64,682.3563097200256,459.3056445599985,696.1458207399962,0.3470916481701095,,,
dimension,HHB,accuracy,L64,0.9198599999999999,0.7337,0.9342,0.2179679516445786,,,
dimension,HHB,macro_f1,L64,0.9186179440340909,0.7137083185662372,0.9332793970639731,0.23902328484163424,,,
dimension,HHB,classification_ce,L64,0.2773395895957947,0.22453992664813996,0.7524276435375213,1.9033983487782677,,,
dimension,HHB,system_reconstruction_mse,L64,0.0046470480285372056,0.0036733346678286182,0.029742829500509764,5.609904323557718,,,
dimension,HHB,standardized_reconstruction_mse,L64,0.004568547135372551,0.003438406947680882,0.03173520018830592,6.1938275771174,,,
dimension,HHB,system_training_samples_seen,L64,1500000.0,1500000.0,1500000.0,0.0,,,
dimension,HHB,system_training_wall_time_sec,L64,579.255081860027,408.9273675000004,579.255081860027,0.29404612871602703,,,
dimension,HHB,standardized_decoder_samples_seen,L64,500000.0,500000.0,500000.0,0.0,,,
dimension,HHB,standardized_decoder_wall_time_sec,L64,257.58887043999187,160.89152593999606,257.58887043999187,0.3753941089722746,,,
dimension,HHB,total_training_samples_seen,L64,2000000.0,2000000.0,2000000.0,0.0,,,
dimension,HHB,total_training_wall_time_sec,L64,836.8439523000188,581.0807322199995,836.8439523000188,0.30562833055920174,,,
dimension,HHH,accuracy,L64,0.8940999999999999,0.6800999999999999,0.929,0.27838049435155104,,,
dimension,HHH,macro_f1,L64,0.8927295922727015,0.6739137446510176,0.9280929408507242,0.2847213740863403,,,
dimension,HHH,classification_ce,L64,0.3552584707736969,0.24390153586864471,0.9826252698898316,2.079397944854865,,,
dimension,HHH,system_reconstruction_mse,L64,0.018500022951242874,0.014473579706464493,0.0375239962145747,1.2459669140743237,,,
dimension,HHH,standardized_reconstruction_mse,L64,0.018688835105117485,0.014111891362715743,0.03741246006790473,1.246764101287508,,,
dimension,HHH,system_training_samples_seen,L64,2000000.0,2000000.0,2000000.0,0.0,,,
dimension,HHH,system_training_wall_time_sec,L64,695.3432434400213,418.93351548000135,695.3432434400213,0.39751551563592924,,,
dimension,HHH,standardized_decoder_samples_seen,L64,500000.0,500000.0,500000.0,0.0,,,
dimension,HHH,standardized_decoder_wall_time_sec,L64,242.39518759998336,158.21637462000072,242.39518759998336,0.3472792253569809,,,
dimension,HHH,total_training_samples_seen,L64,2500000.0,2500000.0,2500000.0,0.0,,,
dimension,HHH,total_training_wall_time_sec,L64,937.7384310400046,579.7003871999987,937.7384310400046,0.3818101423473934,,,
architecture,BBB,effective_rank,balanced,1.882369806551793,1.3043698674140012,2.553561223867199,0.6636269621965821,h1,,
architecture,BBB,stable_rank,balanced,1.4005715885134244,1.1472389181133191,1.6562554012703274,0.3634348199915423,h1,,
architecture,BBB,winner_coverage_ratio,balanced,0.9875,0.9875,1.0,0.012658227848088403,h1,,
architecture,BBB,winner_entropy,balanced,0.7702586229804895,0.6618790836152718,0.8549428599980136,0.2506479909766377,h1,,
architecture,BBB,max_winner_share,balanced,0.2736962314427103,0.09915801112984211,0.6740800659814743,2.1005844757854235,h1,,
architecture,BBB,linear_probe_cv_accuracy,balanced,0.9004,0.8844000000000001,0.9055,0.023434029320275947,h1,,
architecture,BBB,knn_cv_accuracy,balanced,0.8427999999999999,0.8176,0.8427999999999999,0.029900332225878016,h1,,
architecture,BBB,between_within_scatter_ratio,balanced,0.11004322856452134,0.10932189079017536,0.11176379054227192,0.02219036813012643,h1,,
architecture,BBB,silhouette_score,balanced,-0.028580419717087226,-0.033131488319773125,-0.02586052414772209,0.25440368769145744,h1,,
architecture,BBB,effective_rank,balanced,4.30995940156323,4.30995940156323,5.127396188759374,0.1896622940112775,h2,,
architecture,BBB,stable_rank,balanced,2.253398276366468,2.253398276366468,2.665950326307468,0.1830799527396656,h2,,
architecture,BBB,winner_coverage_ratio,balanced,1.0,0.9928571428571429,1.0,0.007142857142849974,h2,,
architecture,BBB,winner_entropy,balanced,0.941798478730635,0.9146520351683763,0.941798478730635,0.028824046943480005,h2,,
architecture,BBB,max_winner_share,balanced,0.08038516938848046,0.08038516938848046,0.09863129867619456,0.22698377606581077,h2,,
architecture,BBB,linear_probe_cv_accuracy,balanced,0.9190000000000002,0.9190000000000002,0.9207000000000001,0.0018498367791056297,h2,,
architecture,BBB,knn_cv_accuracy,balanced,0.8748000000000001,0.8718999999999999,0.8793,0.00845907636030134,h2,,
architecture,BBB,between_within_scatter_ratio,balanced,0.12101574330868219,0.12101574330868219,0.12426573233365176,0.026855919205923288,h2,,
architecture,BBB,silhouette_score,balanced,-0.016027557329648136,-0.016027557329648136,-0.006071010431300167,0.6212142432527077,h2,,
architecture,BBB,effective_rank,balanced,20.268654129908928,15.5331006678574,20.268654129908928,0.23363926542430827,z,,
architecture,BBB,stable_rank,balanced,7.11449822093279,5.868803570621895,7.11449822093279,0.17509241152742813,z,,
architecture,BBB,winner_coverage_ratio,balanced,0.85,0.5625,0.85,0.3382352941172491,z,,
architecture,BBB,winner_entropy,balanced,0.8938356231243503,0.7004845545648769,0.8938356231243503,0.21631613638692276,z,,
architecture,BBB,max_winner_share,balanced,0.06735714285714287,0.06492857142857142,0.15498402670775552,1.3369844898089707,z,,
architecture,BBB,linear_probe_cv_accuracy,balanced,0.8605,0.8122999999999999,0.8708,0.06798373038922965,z,,
architecture,BBB,knn_cv_accuracy,balanced,0.9241999999999999,0.8607000000000001,0.9257,0.0703310971650395,z,,
architecture,BBB,between_within_scatter_ratio,balanced,0.1097315847650618,0.09138216268449492,0.1104180515962192,0.17347684308312086,z,,
architecture,BBB,silhouette_score,balanced,-0.02641349345245143,-0.029308196576537725,-0.011126638314324432,0.6883435655436757,z,,
architecture,HBB,effective_rank,balanced,1.3607151779211093,1.3607151779211093,1.4856594820161466,0.09182252547945742,h1,,
architecture,HBB,stable_rank,balanced,1.1726882926573663,1.1726882926573663,1.2336205893137573,0.05195949941502665,h1,,
architecture,HBB,winner_coverage_ratio,balanced,0.9,0.88125,0.95,0.07638888888880399,h1,,
architecture,HBB,winner_entropy,balanced,0.6196834921396143,0.6196834921396143,0.7342161103982943,0.18482438165819504,h1,,
architecture,HBB,max_winner_share,balanced,0.34213377109503873,0.10769889607917778,0.6168575984944121,1.4881860413373542,h1,,
architecture,HBB,linear_probe_cv_accuracy,balanced,0.8919,0.8743000000000001,0.9,0.028814889561577677,h1,,
architecture,HBB,knn_cv_accuracy,balanced,0.807,0.7677,0.8183,0.06270136307303256,h1,,
architecture,HBB,between_within_scatter_ratio,balanced,0.1087670037049759,0.1071840404958142,0.10917918870428105,0.018343322335698627,h1,,
architecture,HBB,silhouette_score,balanced,-0.032309748389203544,-0.039055324927503535,-0.032309748389203544,0.20877836796603713,h1,,
architecture,HBB,effective_rank,balanced,4.170892713952386,3.782469625310859,5.762051942976616,0.47461837391386835,h2,,
architecture,HBB,stable_rank,balanced,2.2165277120756777,2.08267289664648,2.8436182582143736,0.343305142282638,h2,,
architecture,HBB,winner_coverage_ratio,balanced,1.0,1.0,1.0,0.0,h2,,
architecture,HBB,winner_entropy,balanced,0.9434841335084247,0.9067239610410611,0.9434841335084247,0.0389621522628355,h2,,
architecture,HBB,max_winner_share,balanced,0.08360177338795668,0.0752805937954587,0.1190726502921351,0.5238173153688277,h2,,
architecture,HBB,linear_probe_cv_accuracy,balanced,0.9138,0.9138,0.921,0.00787918581745701,h2,,
architecture,HBB,knn_cv_accuracy,balanced,0.8763,0.8506,0.8800000000000001,0.033550154056791674,h2,,
architecture,HBB,between_within_scatter_ratio,balanced,0.11942287554109395,0.11942287554109395,0.12460246106278258,0.04337180375348563,h2,,
architecture,HBB,silhouette_score,balanced,-0.018165186745625457,-0.01995661485508572,-0.014118632168559835,0.32138302611231917,h2,,
architecture,HBB,effective_rank,balanced,19.449515534707405,14.839699244568711,19.449515534707405,0.23701445323469886,z,,
architecture,HBB,stable_rank,balanced,6.834292415616733,5.430264844573179,6.834292415616733,0.20543861539126837,z,,
architecture,HBB,winner_coverage_ratio,balanced,0.859375,0.55625,0.859375,0.3527272727268623,z,,
architecture,HBB,winner_entropy,balanced,0.8872519699420677,0.7442510001988276,0.8872519699420677,0.16117289629958895,z,,
architecture,HBB,max_winner_share,balanced,0.07105714285714286,0.06962857142857143,0.09553674369532406,0.3646103857352555,z,,
architecture,HBB,linear_probe_cv_accuracy,balanced,0.8633999999999998,0.8512000000000001,0.8739000000000001,0.026291406068999035,z,,
architecture,HBB,knn_cv_accuracy,balanced,0.9232999999999999,0.9048999999999999,0.9268000000000001,0.023719267843578928,z,,
architecture,HBB,between_within_scatter_ratio,balanced,0.1091692078256417,0.09533311717986673,0.11027633046508793,0.13688121021223035,z,,
architecture,HBB,silhouette_score,balanced,-0.02840319284014838,-0.02840319284014838,0.006950451470056203,1.2447066957552364,z,,
architecture,HHB,effective_rank,balanced,1.3607151779211093,1.3607151779211093,1.4856594820161466,0.09182252547945742,h1,,
architecture,HHB,stable_rank,balanced,1.1726882926573663,1.1726882926573663,1.2336205893137573,0.05195949941502665,h1,,
architecture,HHB,winner_coverage_ratio,balanced,0.9,0.88125,0.95,0.07638888888880399,h1,,
architecture,HHB,winner_entropy,balanced,0.6196834921396143,0.6196834921396143,0.7342161103982943,0.18482438165819504,h1,,
architecture,HHB,max_winner_share,balanced,0.34213377109503873,0.10769889607917778,0.6168575984944121,1.4881860413373542,h1,,
architecture,HHB,linear_probe_cv_accuracy,balanced,0.8919,0.8743000000000001,0.9,0.028814889561577677,h1,,
architecture,HHB,knn_cv_accuracy,balanced,0.807,0.7677,0.8183,0.06270136307303256,h1,,
architecture,HHB,between_within_scatter_ratio,balanced,0.1087670037049759,0.1071840404958142,0.10917918870428105,0.018343322335698627,h1,,
architecture,HHB,silhouette_score,balanced,-0.032309748389203544,-0.039055324927503535,-0.032309748389203544,0.20877836796603713,h1,,
architecture,HHB,effective_rank,balanced,1.0451430234971932,1.0141958288365602,2.0416892075820003,0.9831126990699529,h2,,
architecture,HHB,stable_rank,balanced,1.0223699472966077,1.0070782175859854,1.4259465561502638,0.4097032973939203,h2,,
architecture,HHB,winner_coverage_ratio,balanced,0.34375,0.10714285714285714,0.9454545454545455,2.43872491144509,h2,,
architecture,HHB,winner_entropy,balanced,0.4228846285137669,0.32969533691986563,0.7344084698932606,0.9570296617183913,h2,,
architecture,HHB,max_winner_share,balanced,0.24969882335334942,0.18121936785264853,0.3333333333333333,0.6091897568328496,h2,,
architecture,HHB,linear_probe_cv_accuracy,balanced,0.9000999999999999,0.885,0.9000999999999999,0.016775913787338205,h2,,
architecture,HHB,knn_cv_accuracy,balanced,0.8524,0.8208,0.8524,0.03707179727822971,h2,,
architecture,HHB,between_within_scatter_ratio,balanced,0.11064869100343344,0.10847987868939231,0.11064869100343344,0.01960088541810434,h2,,
architecture,HHB,silhouette_score,balanced,-0.040718942986231764,-0.04867645043445461,-0.040718942986231764,0.19542519683573512,h2,,
architecture,HHB,effective_rank,balanced,11.541122599872722,9.956353319850072,11.541122599872722,0.13731500261854857,z,,
architecture,HHB,stable_rank,balanced,4.198815970361601,3.740394906994753,4.2261900855307815,0.11569813537078559,z,,
architecture,HHB,winner_coverage_ratio,balanced,0.76875,0.5,0.76875,0.3495934959345046,z,,
architecture,HHB,winner_entropy,balanced,0.8521405378856649,0.6394867005155827,0.8521405378856649,0.249552541999082,z,,
architecture,HHB,max_winner_share,balanced,0.07287142857142856,0.06472857142857143,0.2658285714285714,2.7596549695759314,z,,
architecture,HHB,linear_probe_cv_accuracy,balanced,0.8778,0.7539,0.8854,0.1498063340166896,z,,
architecture,HHB,knn_cv_accuracy,balanced,0.9183,0.7843000000000001,0.9183,0.14592181204383534,z,,
architecture,HHB,between_within_scatter_ratio,balanced,0.1094812449793292,0.08647037255400382,0.1099151231965992,0.2141439901127153,z,,
architecture,HHB,silhouette_score,balanced,-0.026370457594369602,-0.026370457594369602,-0.01016492007194584,0.6145338003262143,z,,
architecture,HHH,effective_rank,balanced,1.3607151779211093,1.3607151779211093,1.4856594820161466,0.09182252547945742,h1,,
architecture,HHH,stable_rank,balanced,1.1726882926573663,1.1726882926573663,1.2336205893137573,0.05195949941502665,h1,,
architecture,HHH,winner_coverage_ratio,balanced,0.9,0.88125,0.95,0.07638888888880399,h1,,
architecture,HHH,winner_entropy,balanced,0.6196834921396143,0.6196834921396143,0.7342161103982943,0.18482438165819504,h1,,
architecture,HHH,max_winner_share,balanced,0.34213377109503873,0.10769889607917778,0.6168575984944121,1.4881860413373542,h1,,
architecture,HHH,linear_probe_cv_accuracy,balanced,0.8919,0.8743000000000001,0.9,0.028814889561577677,h1,,
architecture,HHH,knn_cv_accuracy,balanced,0.807,0.7677,0.8183,0.06270136307303256,h1,,
architecture,HHH,between_within_scatter_ratio,balanced,0.1087670037049759,0.1071840404958142,0.10917918870428105,0.018343322335698627,h1,,
architecture,HHH,silhouette_score,balanced,-0.032309748389203544,-0.039055324927503535,-0.032309748389203544,0.20877836796603713,h1,,
architecture,HHH,effective_rank,balanced,1.0451430234971932,1.0141958288365602,2.0416892075820003,0.9831126990699529,h2,,
architecture,HHH,stable_rank,balanced,1.0223699472966077,1.0070782175859854,1.4259465561502638,0.4097032973939203,h2,,
architecture,HHH,winner_coverage_ratio,balanced,0.34375,0.10714285714285714,0.9454545454545455,2.43872491144509,h2,,
architecture,HHH,winner_entropy,balanced,0.4228846285137669,0.32969533691986563,0.7344084698932606,0.9570296617183913,h2,,
architecture,HHH,max_winner_share,balanced,0.24969882335334942,0.18121936785264853,0.3333333333333333,0.6091897568328496,h2,,
architecture,HHH,linear_probe_cv_accuracy,balanced,0.9000999999999999,0.885,0.9000999999999999,0.016775913787338205,h2,,
architecture,HHH,knn_cv_accuracy,balanced,0.8524,0.8208,0.8524,0.03707179727822971,h2,,
architecture,HHH,between_within_scatter_ratio,balanced,0.11064869100343344,0.10847987868939231,0.11064869100343344,0.01960088541810434,h2,,
architecture,HHH,silhouette_score,balanced,-0.040718942986231764,-0.04867645043445461,-0.040718942986231764,0.19542519683573512,h2,,
architecture,HHH,effective_rank,balanced,1.0156637284425485,1.0156637284425485,1.0361015627795194,0.020122638787436854,z,,
architecture,HHH,stable_rank,balanced,1.0078044760494689,1.0078044760494689,1.0178510605964397,0.00996878341555184,z,,
architecture,HHH,winner_coverage_ratio,balanced,0.109375,0.109375,0.109375,0.0,z,,
architecture,HHH,winner_entropy,balanced,0.46789248700960073,0.46789248700960073,0.46789248700960073,0.0,z,,
architecture,HHH,max_winner_share,balanced,0.14285714285714285,0.14285714285714285,0.14285714285714285,0.0,z,,
architecture,HHH,linear_probe_cv_accuracy,balanced,0.8459999999999999,0.7667,0.8515,0.10023640661926686,z,,
architecture,HHH,knn_cv_accuracy,balanced,0.8242,0.7622,0.8242,0.07522446008241304,z,,
architecture,HHH,between_within_scatter_ratio,balanced,0.10483942096942958,0.08878643154683569,0.10483942096942958,0.15311978332197876,z,,
architecture,HHH,silhouette_score,balanced,-0.04264248287751565,-0.05060613815638924,-0.04264248287751565,0.18675402418666087,z,,
dimension,BBB,effective_rank,L64,1.882369806551793,1.7919024856687877,2.284233689026454,0.26154860837854094,h1,,
dimension,BBB,stable_rank,L64,1.4005715885134244,1.3620831796503547,1.5663266882752356,0.14582868187517664,h1,,
dimension,BBB,winner_coverage_ratio,L64,0.9875,0.9875,1.0,0.012658227848088403,h1,,
dimension,BBB,winner_entropy,L64,0.7702586229804895,0.766438541157192,0.8148533615331205,0.06285527864462734,h1,,
dimension,BBB,max_winner_share,L64,0.2736962314427103,0.244635039969547,0.2736962314427103,0.10618045897040491,h1,,
dimension,BBB,linear_probe_cv_accuracy,L64,0.9004,0.9,0.9007,0.0007774322523313478,h1,,
dimension,BBB,knn_cv_accuracy,L64,0.8427999999999999,0.8364,0.8439,0.008898908400558915,h1,,
dimension,BBB,between_within_scatter_ratio,L64,0.11004322856452134,0.10990228503563984,0.1120159639046006,0.019207714063952996,h1,,
dimension,BBB,silhouette_score,L64,-0.028580419717087226,-0.02884153058037866,-0.024995282638790833,0.13457632811297426,h1,,
dimension,BBB,effective_rank,L64,4.30995940156323,3.945244656664406,6.440885540883795,0.579040462263667,h2,,
dimension,BBB,stable_rank,L64,2.253398276366468,2.1165054810017674,3.192318883084742,0.47741822356286323,h2,,
dimension,BBB,winner_coverage_ratio,L64,1.0,1.0,1.0,0.0,h2,,
dimension,BBB,winner_entropy,L64,0.941798478730635,0.9342092826429033,0.9491215635594055,0.015833834151638564,h2,,
dimension,BBB,max_winner_share,L64,0.08038516938848046,0.0689731934077857,0.10180595300503345,0.4084429982123591,h2,,
dimension,BBB,linear_probe_cv_accuracy,L64,0.9190000000000002,0.9099,0.9345000000000001,0.026768226332941562,h2,,
dimension,BBB,knn_cv_accuracy,L64,0.8748000000000001,0.865,0.8839,0.02160493827158027,h2,,
dimension,BBB,between_within_scatter_ratio,L64,0.12101574330868219,0.11581337289167468,0.1387017011876944,0.18913512961241696,h2,,
dimension,BBB,silhouette_score,L64,-0.016027557329648136,-0.022325497081734036,0.009559713015901937,1.989399222841312,h2,,
dimension,BBB,effective_rank,L64,20.268654129908928,7.078434934731213,28.36242563335612,1.0500939313586035,z,,
dimension,BBB,stable_rank,L64,7.11449822093279,3.755379281152846,8.706292201127216,0.6958906680736444,z,,
dimension,BBB,winner_coverage_ratio,L64,0.85,0.7,0.85,0.17647058823508655,z,,
dimension,BBB,winner_entropy,L64,0.8938356231243503,0.750827516404893,0.8975761510054301,0.16417854782674876,z,,
dimension,BBB,max_winner_share,L64,0.06735714285714287,0.03659230769230769,0.2350997740396686,2.9470885777537577,z,,
dimension,BBB,linear_probe_cv_accuracy,L64,0.8605,0.843,0.8964000000000001,0.062056943637348115,z,,
dimension,BBB,knn_cv_accuracy,L64,0.9241999999999999,0.8882,0.9381,0.0539926422851613,z,,
dimension,BBB,between_within_scatter_ratio,L64,0.1097315847650618,0.1097315847650618,0.4610770400130453,3.201862581288892,z,,
dimension,BBB,silhouette_score,L64,-0.02641349345245143,-0.026499329300135255,0.08879098429823948,4.36482640213992,z,,
dimension,HBB,effective_rank,L64,1.3607151779211093,1.3607151779211093,1.3607151779211093,0.0,h1,,
dimension,HBB,stable_rank,L64,1.1726882926573663,1.1726882926573663,1.1726882926573663,0.0,h1,,
dimension,HBB,winner_coverage_ratio,L64,0.9,0.9,0.9,0.0,h1,,
dimension,HBB,winner_entropy,L64,0.6196834921396143,0.6196834921396143,0.6196834921396143,0.0,h1,,
dimension,HBB,max_winner_share,L64,0.34213377109503873,0.34213377109503873,0.34213377109503873,0.0,h1,,
dimension,HBB,linear_probe_cv_accuracy,L64,0.8919,0.8919,0.8919,0.0,h1,,
dimension,HBB,knn_cv_accuracy,L64,0.807,0.807,0.807,0.0,h1,,
dimension,HBB,between_within_scatter_ratio,L64,0.1087670037049759,0.1087670037049759,0.1087670037049759,0.0,h1,,
dimension,HBB,silhouette_score,L64,-0.032309748389203544,-0.032309748389203544,-0.032309748389203544,0.0,h1,,
dimension,HBB,effective_rank,L64,4.170892713952386,4.002512143864978,6.312779896957877,0.5539024644206464,h2,,
dimension,HBB,stable_rank,L64,2.2165277120756777,2.1436269909145125,3.2127909985510272,0.4823598648513213,h2,,
dimension,HBB,winner_coverage_ratio,L64,1.0,1.0,1.0,0.0,h2,,
dimension,HBB,winner_entropy,L64,0.9434841335084247,0.9318869215069382,0.9531044116639423,0.02248844405902475,h2,,
dimension,HBB,max_winner_share,L64,0.08360177338795668,0.07072506874684326,0.10022984581791675,0.35292046896903384,h2,,
dimension,HBB,linear_probe_cv_accuracy,L64,0.9138,0.9055,0.9303000000000001,0.02713941781568507,h2,,
dimension,HBB,knn_cv_accuracy,L64,0.8763,0.867,0.8834,0.01871505192283608,h2,,
dimension,HBB,between_within_scatter_ratio,L64,0.11942287554109395,0.11443797578162992,0.13628323025591954,0.1829235343323285,h2,,
dimension,HBB,silhouette_score,L64,-0.018165186745625457,-0.025074325419273336,0.005919624358740033,1.7062279738891817,h2,,
dimension,HBB,effective_rank,L64,19.449515534707405,7.208321514842919,26.238961847326415,0.9784634634483615,z,,
dimension,HBB,stable_rank,L64,6.834292415616733,3.8411493199393947,8.113554000231499,0.6251422123128358,z,,
dimension,HBB,winner_coverage_ratio,L64,0.859375,0.675,0.859375,0.21454545454520485,z,,
dimension,HBB,winner_entropy,L64,0.8872519699420677,0.7470676326292874,0.8926646630423857,0.16409885280101522,z,,
dimension,HBB,max_winner_share,L64,0.07105714285714286,0.03906153846153847,0.22655962621607784,2.6386944396125944,z,,
dimension,HBB,linear_probe_cv_accuracy,L64,0.8633999999999998,0.8301000000000001,0.8903000000000001,0.06972434561029688,z,,
dimension,HBB,knn_cv_accuracy,L64,0.9232999999999999,0.873,0.9347999999999999,0.06693382432571529,z,,
dimension,HBB,between_within_scatter_ratio,L64,0.1091692078256417,0.1091692078256417,0.5104608483331272,3.675868392713152,z,,
dimension,HBB,silhouette_score,L64,-0.02840319284014838,-0.030418571304206533,0.08478281065376006,4.055930704771741,z,,
dimension,HHB,effective_rank,L64,1.3607151779211093,1.3607151779211093,1.3607151779211093,0.0,h1,,
dimension,HHB,stable_rank,L64,1.1726882926573663,1.1726882926573663,1.1726882926573663,0.0,h1,,
dimension,HHB,winner_coverage_ratio,L64,0.9,0.9,0.9,0.0,h1,,
dimension,HHB,winner_entropy,L64,0.6196834921396143,0.6196834921396143,0.6196834921396143,0.0,h1,,
dimension,HHB,max_winner_share,L64,0.34213377109503873,0.34213377109503873,0.34213377109503873,0.0,h1,,
dimension,HHB,linear_probe_cv_accuracy,L64,0.8919,0.8919,0.8919,0.0,h1,,
dimension,HHB,knn_cv_accuracy,L64,0.807,0.807,0.807,0.0,h1,,
dimension,HHB,between_within_scatter_ratio,L64,0.1087670037049759,0.1087670037049759,0.1087670037049759,0.0,h1,,
dimension,HHB,silhouette_score,L64,-0.032309748389203544,-0.032309748389203544,-0.032309748389203544,0.0,h1,,
dimension,HHB,effective_rank,L64,1.0451430234971932,1.0451430234971932,1.0451430234971932,0.0,h2,,
dimension,HHB,stable_rank,L64,1.0223699472966077,1.0223699472966077,1.0223699472966077,0.0,h2,,
dimension,HHB,winner_coverage_ratio,L64,0.34375,0.34375,0.34375,0.0,h2,,
dimension,HHB,winner_entropy,L64,0.4228846285137669,0.4228846285137669,0.4228846285137669,0.0,h2,,
dimension,HHB,max_winner_share,L64,0.24969882335334942,0.24969882335334942,0.24969882335334942,0.0,h2,,
dimension,HHB,linear_probe_cv_accuracy,L64,0.9000999999999999,0.9000999999999999,0.9000999999999999,0.0,h2,,
dimension,HHB,knn_cv_accuracy,L64,0.8524,0.8524,0.8524,0.0,h2,,
dimension,HHB,between_within_scatter_ratio,L64,0.11064869100343344,0.11064869100343344,0.11064869100343344,0.0,h2,,
dimension,HHB,silhouette_score,L64,-0.040718942986231764,-0.040718942986231764,-0.040718942986231764,0.0,h2,,
dimension,HHB,effective_rank,L64,11.541122599872722,5.524315042566636,15.614826625831938,0.8743093660035903,z,,
dimension,HHB,stable_rank,L64,4.198815970361601,2.750758026159635,5.145133005785834,0.5702500410894231,z,,
dimension,HHB,winner_coverage_ratio,L64,0.76875,0.6,0.76875,0.21951219512166575,z,,
dimension,HHB,winner_entropy,L64,0.8521405378856649,0.675171822469856,0.8521405378856649,0.20767550368475238,z,,
dimension,HHB,max_winner_share,L64,0.07287142857142856,0.040030769230769224,0.1347,1.2991268680170975,z,,
dimension,HHB,linear_probe_cv_accuracy,L64,0.8778,0.7098,0.8819999999999999,0.19617224880360418,z,,
dimension,HHB,knn_cv_accuracy,L64,0.9183,0.7438,0.9202999999999999,0.19220298377415623,z,,
dimension,HHB,between_within_scatter_ratio,L64,0.1094812449793292,0.1094812449793292,0.3251188823694561,1.9696308479947506,z,,
dimension,HHB,silhouette_score,L64,-0.026370457594369602,-0.034594914217828586,0.06356342429494788,3.7222842325653134,z,,
dimension,HHH,effective_rank,L64,1.3607151779211093,1.3607151779211093,1.3607151779211093,0.0,h1,,
dimension,HHH,stable_rank,L64,1.1726882926573663,1.1726882926573663,1.1726882926573663,0.0,h1,,
dimension,HHH,winner_coverage_ratio,L64,0.9,0.9,0.9,0.0,h1,,
dimension,HHH,winner_entropy,L64,0.6196834921396143,0.6196834921396143,0.6196834921396143,0.0,h1,,
dimension,HHH,max_winner_share,L64,0.34213377109503873,0.34213377109503873,0.34213377109503873,0.0,h1,,
dimension,HHH,linear_probe_cv_accuracy,L64,0.8919,0.8919,0.8919,0.0,h1,,
dimension,HHH,knn_cv_accuracy,L64,0.807,0.807,0.807,0.0,h1,,
dimension,HHH,between_within_scatter_ratio,L64,0.1087670037049759,0.1087670037049759,0.1087670037049759,0.0,h1,,
dimension,HHH,silhouette_score,L64,-0.032309748389203544,-0.032309748389203544,-0.032309748389203544,0.0,h1,,
dimension,HHH,effective_rank,L64,1.0451430234971932,1.0451430234971932,1.0451430234971932,0.0,h2,,
dimension,HHH,stable_rank,L64,1.0223699472966077,1.0223699472966077,1.0223699472966077,0.0,h2,,
dimension,HHH,winner_coverage_ratio,L64,0.34375,0.34375,0.34375,0.0,h2,,
dimension,HHH,winner_entropy,L64,0.4228846285137669,0.4228846285137669,0.4228846285137669,0.0,h2,,
dimension,HHH,max_winner_share,L64,0.24969882335334942,0.24969882335334942,0.24969882335334942,0.0,h2,,
dimension,HHH,linear_probe_cv_accuracy,L64,0.9000999999999999,0.9000999999999999,0.9000999999999999,0.0,h2,,
dimension,HHH,knn_cv_accuracy,L64,0.8524,0.8524,0.8524,0.0,h2,,
dimension,HHH,between_within_scatter_ratio,L64,0.11064869100343344,0.11064869100343344,0.11064869100343344,0.0,h2,,
dimension,HHH,silhouette_score,L64,-0.040718942986231764,-0.040718942986231764,-0.040718942986231764,0.0,h2,,
dimension,HHH,effective_rank,L64,1.0156637284425485,1.0129289324295203,1.017459227893663,0.0044604285230162456,z,,
dimension,HHH,stable_rank,L64,1.0078044760494689,1.006447705394641,1.008695555358234,0.0022304425282988955,z,,
dimension,HHH,winner_coverage_ratio,L64,0.109375,0.1015625,0.125,0.2142857142837551,z,,
dimension,HHH,winner_entropy,L64,0.46789248700960073,0.25,0.5286342454487276,0.5955091248182722,z,,
dimension,HHH,max_winner_share,L64,0.14285714285714285,0.07692307692307693,0.5,2.9615384615177307,z,,
dimension,HHH,linear_probe_cv_accuracy,L64,0.8459999999999999,0.6195,0.8779,0.30543735224550184,z,,
dimension,HHH,knn_cv_accuracy,L64,0.8242,0.6443,0.8523,0.2523659305990628,z,,
dimension,HHH,between_within_scatter_ratio,L64,0.10483942096942958,0.10483942096942958,0.189489863329357,0.8074295105445445,z,,
dimension,HHH,silhouette_score,L64,-0.04264248287751565,-0.04264248287751565,-0.013966775988532975,0.6724680401626008,z,,
architecture,BBB,accuracy,balanced,0.59344,0.488,0.59344,0.17767592342919641,,gaussian,
architecture,BBB,accuracy_absolute_degradation,balanced,0.3224,0.3224,0.43078000000000005,0.33616625310069437,,gaussian,
architecture,BBB,system_reconstruction_mse_increase,balanced,0.030363823951750385,0.030363823951750385,0.03646201251720895,0.20083730477913625,,gaussian,
architecture,BBB,standardized_reconstruction_mse_increase,balanced,0.03018314378028013,0.03018314378028013,0.0376713178254147,0.24809125581473732,,gaussian,
architecture,BBB,representation_cosine,balanced,0.9280662655830383,0.9158811330795288,0.9280662655830383,0.013129593171713137,,gaussian,
architecture,BBB,prediction_js_divergence,balanced,0.20266295671463014,0.20266295671463014,0.2689327925443649,0.32699530739957766,,gaussian,
architecture,BBB,accuracy,balanced,0.84526,0.77066,0.8593599999999999,0.10493812554704464,,pixel_masking,
architecture,BBB,accuracy_absolute_degradation,balanced,0.07058000000000002,0.05941999999999996,0.08992000000000001,0.43213374893125406,,pixel_masking,
architecture,BBB,system_reconstruction_mse_increase,balanced,0.024808106879750075,0.020811774974745147,0.024808106879750075,0.16108975683694324,,pixel_masking,
architecture,BBB,standardized_reconstruction_mse_increase,balanced,0.026577339460703786,0.021859748137921704,0.026724257457596916,0.18303221534588343,,pixel_masking,
architecture,BBB,representation_cosine,balanced,0.973806631565094,0.9720871090888977,0.9801216840744018,0.008250688304086337,,pixel_masking,
architecture,BBB,prediction_js_divergence,balanced,0.05024620294570923,0.0434400700032711,0.05806013122200966,0.2909684784389478,,pixel_masking,
architecture,BBB,accuracy,balanced,0.3562,0.24011999999999997,0.3562,0.32588433464254396,,salt_pepper,
architecture,BBB,accuracy_absolute_degradation,balanced,0.5596400000000001,0.52892,0.67866,0.2675648631258175,,salt_pepper,
architecture,BBB,system_reconstruction_mse_increase,balanced,0.05738937523077945,0.05054914431202169,0.07283409491217865,0.38831143413139374,,salt_pepper,
architecture,BBB,standardized_reconstruction_mse_increase,balanced,0.05762233668375989,0.050725416595108666,0.0756918782519321,0.4332774943406041,,salt_pepper,
architecture,BBB,representation_cosine,balanced,0.8851604223251343,0.8646075367927551,0.8851604223251343,0.02321939053529719,,salt_pepper,
architecture,BBB,prediction_js_divergence,balanced,0.3603508293628693,0.3459613025188446,0.45863754153251646,0.3126848333125257,,salt_pepper,
architecture,HBB,accuracy,balanced,0.67516,0.453,0.67516,0.3290479293792152,,gaussian,
architecture,HBB,accuracy_absolute_degradation,balanced,0.24122,0.24122,0.44396,0.8404775723371178,,gaussian,
architecture,HBB,system_reconstruction_mse_increase,balanced,0.029048188658003904,0.029048188658003904,0.042986164160747915,0.47982253442242556,,gaussian,
architecture,HBB,standardized_reconstruction_mse_increase,balanced,0.028708221731575168,0.028708221731575168,0.04330807899173424,0.5085601398846883,,gaussian,
architecture,HBB,representation_cosine,balanced,0.9341599464416503,0.9147892951965332,0.9341599464416503,0.020735904294421986,,gaussian,
architecture,HBB,prediction_js_divergence,balanced,0.15505194365978242,0.15505194365978242,0.2775678843259811,0.7901606247144832,,gaussian,
architecture,HBB,accuracy,balanced,0.84752,0.7830600000000001,0.85904,0.08964980177448353,,pixel_masking,
architecture,HBB,accuracy_absolute_degradation,balanced,0.06885999999999999,0.059719999999999995,0.11389999999999997,0.7868138251410567,,pixel_masking,
architecture,HBB,system_reconstruction_mse_increase,balanced,0.0275888919760743,0.024409734138955873,0.0275888919760743,0.11523325546238784,,pixel_masking,
architecture,HBB,standardized_reconstruction_mse_increase,balanced,0.029475752484263207,0.024843141211782185,0.029475752484263207,0.1571668534941443,,pixel_masking,
architecture,HBB,representation_cosine,balanced,0.9727904438972473,0.9721590757369996,0.9727904438972473,0.0006490279219003315,,pixel_masking,
architecture,HBB,prediction_js_divergence,balanced,0.05067480504512787,0.04484371989965439,0.07431036233901978,0.5814850676296183,,pixel_masking,
architecture,HBB,accuracy,balanced,0.4015600000000001,0.26988,0.4015600000000001,0.3279211076792313,,salt_pepper,
architecture,HBB,accuracy_absolute_degradation,balanced,0.51482,0.51482,0.64574,0.2543024746508403,,salt_pepper,
architecture,HBB,system_reconstruction_mse_increase,balanced,0.05610331153874495,0.05610331153874495,0.07125244884267144,0.27002215890936276,,salt_pepper,
architecture,HBB,standardized_reconstruction_mse_increase,balanced,0.056986248437725776,0.056986248437725776,0.07239434899612349,0.2703827849795237,,salt_pepper,
architecture,HBB,representation_cosine,balanced,0.895839536190033,0.870050060749054,0.895839536190033,0.02878805232311104,,salt_pepper,
architecture,HBB,prediction_js_divergence,balanced,0.33091185986995697,0.33091185986995697,0.4326868116855621,0.3075590939995125,,salt_pepper,
architecture,HHB,accuracy,balanced,0.49168,0.37361999999999995,0.52878,0.31557110315588294,,gaussian,
architecture,HHB,accuracy_absolute_degradation,balanced,0.42817999999999995,0.39202,0.42817999999999995,0.08445046475761485,,gaussian,
architecture,HHB,system_reconstruction_mse_increase,balanced,0.04750289347736203,0.04750289347736203,0.058247419080247685,0.2261867607660548,,gaussian,
architecture,HHB,standardized_reconstruction_mse_increase,balanced,0.05355925853242679,0.05355925853242679,0.06120422961711884,0.1427385534084786,,gaussian,
architecture,HHB,representation_cosine,balanced,0.9102998733520508,0.9102998733520508,0.9148681998252869,0.0050184852343315095,,gaussian,
architecture,HHB,prediction_js_divergence,balanced,0.2709861546754837,0.24911168217658997,0.2718025267124176,0.08373433160419974,,gaussian,
architecture,HHB,accuracy,balanced,0.8270800000000001,0.66782,0.8308,0.19705469845698473,,pixel_masking,
architecture,HHB,accuracy_absolute_degradation,balanced,0.09277999999999997,0.09,0.1272,0.40094848027160024,,pixel_masking,
architecture,HHB,system_reconstruction_mse_increase,balanced,0.02859697769388861,0.021614700809595534,0.02859697769388861,0.24416135714723028,,pixel_masking,
architecture,HHB,standardized_reconstruction_mse_increase,balanced,0.028316838641069368,0.02199466007991713,0.028316838641069368,0.22326569152248482,,pixel_masking,
architecture,HHB,representation_cosine,balanced,0.9737095713615418,0.9694585800170898,0.9749690532684326,0.005659257558320825,,pixel_masking,
architecture,HHB,prediction_js_divergence,balanced,0.0637996718287468,0.062209205329418184,0.08387591540813447,0.33960535308920053,,pixel_masking,
architecture,HHB,accuracy,balanced,0.35302,0.22444000000000003,0.3757400000000001,0.4285876154313395,,salt_pepper,
architecture,HHB,accuracy_absolute_degradation,balanced,0.56684,0.54506,0.57058,0.045021522828231894,,salt_pepper,
architecture,HHB,system_reconstruction_mse_increase,balanced,0.07130634225173874,0.07130634225173874,0.08279549684582924,0.1611238808655793,,salt_pepper,
architecture,HHB,standardized_reconstruction_mse_increase,balanced,0.0784105404108398,0.0784105404108398,0.08336488277571542,0.06318464761055947,,salt_pepper,
architecture,HHB,representation_cosine,balanced,0.8786177635192871,0.8786177635192871,0.8825339078903198,0.004457165030834586,,salt_pepper,
architecture,HHB,prediction_js_divergence,balanced,0.3800286591053009,0.36031081080436705,0.4037782818078995,0.11437945523833189,,salt_pepper,
architecture,HHH,accuracy,balanced,0.37901999999999997,0.3062,0.37901999999999997,0.192127064534346,,gaussian,
architecture,HHH,accuracy_absolute_degradation,balanced,0.51508,0.51508,0.5513199999999999,0.07035800264022983,,gaussian,
architecture,HHH,system_reconstruction_mse_increase,balanced,0.05300173214114441,0.05004144700381219,0.05861860499012227,0.16182788070599557,,gaussian,
architecture,HHH,standardized_reconstruction_mse_increase,balanced,0.05139116678666096,0.051026550290243965,0.0560876508019895,0.09848191485235369,,gaussian,
architecture,HHH,representation_cosine,balanced,0.9997284889221192,0.9991104483604432,0.9997284889221192,0.0006182084121077335,,gaussian,
architecture,HHH,prediction_js_divergence,balanced,0.34637546837329863,0.34637546837329863,0.375721749663353,0.08472390215101003,,gaussian,
architecture,HHH,accuracy,balanced,0.8023,0.65728,0.8095000000000001,0.18972952760789033,,pixel_masking,
architecture,HHH,accuracy_absolute_degradation,balanced,0.09179999999999999,0.08775999999999999,0.18028,1.0078431372439234,,pixel_masking,
architecture,HHH,system_reconstruction_mse_increase,balanced,0.021220813138533613,0.015248445485951948,0.021239445441499045,0.28231717211561885,,pixel_masking,
architecture,HHH,standardized_reconstruction_mse_increase,balanced,0.02144621682536845,0.01465230079183773,0.02144621682536845,0.31678855476167234,,pixel_masking,
architecture,HHH,representation_cosine,balanced,0.9999394893646241,0.9994501352310181,0.9999428272247315,0.0004927218086225896,,pixel_masking,
architecture,HHH,prediction_js_divergence,balanced,0.0711817428469658,0.06627721711993217,0.13467516601085663,0.9608917421003987,,pixel_masking,
architecture,HHH,accuracy,balanced,0.28472,0.20874,0.28472,0.2668586681642776,,salt_pepper,
architecture,HHH,accuracy_absolute_degradation,balanced,0.60938,0.60938,0.6379199999999999,0.046834487511820316,,salt_pepper,
architecture,HHH,system_reconstruction_mse_increase,balanced,0.08135996836681755,0.07978486989430018,0.08557596056879783,0.07117862495124018,,salt_pepper,
architecture,HHH,standardized_reconstruction_mse_increase,balanced,0.07981991257492377,0.07981991257492377,0.08376093974989288,0.04937398510954831,,salt_pepper,
architecture,HHH,representation_cosine,balanced,0.9995957851409912,0.9986352801322937,0.9995957851409912,0.0009608934160932353,,salt_pepper,
architecture,HHH,prediction_js_divergence,balanced,0.4243484318256378,0.4243484318256378,0.46699969172477723,0.100509997681726,,salt_pepper,
dimension,BBB,accuracy,L64,0.59344,0.284,0.59344,0.5214343488802214,,gaussian,
dimension,BBB,accuracy_absolute_degradation,L64,0.3224,0.3224,0.5964400000000001,0.8499999999973638,,gaussian,
dimension,BBB,system_reconstruction_mse_increase,L64,0.030363823951750385,0.027522426197090926,0.04578885607291241,0.6015852912415167,,gaussian,
dimension,BBB,standardized_reconstruction_mse_increase,L64,0.03018314378028013,0.028543457717360284,0.04459625752721514,0.5318465142723454,,gaussian,
dimension,BBB,representation_cosine,L64,0.9280662655830383,0.9008347392082214,0.928823447227478,0.030158092215153504,,gaussian,
dimension,BBB,prediction_js_divergence,L64,0.20266295671463014,0.20266295671463014,0.3912081241607666,0.9303385803785381,,gaussian,
dimension,BBB,accuracy,L64,0.84526,0.77348,0.84526,0.08492061614167848,,pixel_masking,
dimension,BBB,accuracy_absolute_degradation,L64,0.07058000000000002,0.07058000000000002,0.10695999999999999,0.5154434683973436,,pixel_masking,
dimension,BBB,system_reconstruction_mse_increase,L64,0.024808106879750075,0.02011704601385155,0.028432431832722253,0.33518824547321874,,pixel_masking,
dimension,BBB,standardized_reconstruction_mse_increase,L64,0.026577339460703786,0.02105105410264463,0.0318843957996855,0.4076157326677116,,pixel_masking,
dimension,BBB,representation_cosine,L64,0.973806631565094,0.9585764169692993,0.9876515507698059,0.029857194290972805,,pixel_masking,
dimension,BBB,prediction_js_divergence,L64,0.05024620294570923,0.05024620294570923,0.06844354197382926,0.3621634663104793,,pixel_masking,
dimension,BBB,accuracy,L64,0.3562,0.18031999999999998,0.3562,0.49376754632090475,,salt_pepper,
dimension,BBB,accuracy_absolute_degradation,L64,0.5596400000000001,0.5596400000000001,0.7072,0.2636695018221289,,salt_pepper,
dimension,BBB,system_reconstruction_mse_increase,L64,0.05738937523077945,0.05694393243653434,0.0717523608018914,0.2580343191670934,,salt_pepper,
dimension,BBB,standardized_reconstruction_mse_increase,L64,0.05762233668375989,0.05762233668375989,0.0705149064206104,0.22374257065247347,,salt_pepper,
dimension,BBB,representation_cosine,L64,0.8851604223251343,0.8530260443687439,0.8851604223251343,0.03630345092920411,,salt_pepper,
dimension,BBB,prediction_js_divergence,L64,0.3603508293628693,0.3603508293628693,0.4915375292301178,0.3640527207855568,,salt_pepper,
dimension,HBB,accuracy,L64,0.67516,0.32582,0.67516,0.5174180934881845,,gaussian,
dimension,HBB,accuracy_absolute_degradation,L64,0.24122,0.24122,0.60046,1.4892629135167512,,gaussian,
dimension,HBB,system_reconstruction_mse_increase,L64,0.029048188658003904,0.025869799618331753,0.039108114429201396,0.45573632718631624,,gaussian,
dimension,HBB,standardized_reconstruction_mse_increase,L64,0.028708221731575168,0.025975171367489565,0.03818162166021307,0.42519005204954474,,gaussian,
dimension,HBB,representation_cosine,L64,0.9341599464416503,0.9090594053268433,0.9341599464416503,0.02686963962690949,,gaussian,
dimension,HBB,prediction_js_divergence,L64,0.15505194365978242,0.15505194365978242,0.39824482798576355,1.568460727316199,,gaussian,
dimension,HBB,accuracy,L64,0.84752,0.7757,0.84752,0.0847413630355807,,pixel_masking,
dimension,HBB,accuracy_absolute_degradation,L64,0.06885999999999999,0.06885999999999999,0.09103999999999997,0.3221028173058071,,pixel_masking,
dimension,HBB,system_reconstruction_mse_increase,L64,0.0275888919760743,0.020063575156659498,0.029576904598644798,0.34482462905326705,,pixel_masking,
dimension,HBB,standardized_reconstruction_mse_increase,L64,0.029475752484263207,0.02063777106927366,0.03196907828700786,0.3844280896102462,,pixel_masking,
dimension,HBB,representation_cosine,L64,0.9727904438972473,0.9590451836585998,0.9886613488197327,0.030444547792279373,,pixel_masking,
dimension,HBB,prediction_js_divergence,L64,0.05067480504512787,0.05067480504512787,0.06053750738501549,0.19462733662043444,,pixel_masking,
dimension,HBB,accuracy,L64,0.4015600000000001,0.20092000000000004,0.4015600000000001,0.49965135969593677,,salt_pepper,
dimension,HBB,accuracy_absolute_degradation,L64,0.51482,0.51482,0.72536,0.4089584709210811,,salt_pepper,
dimension,HBB,system_reconstruction_mse_increase,L64,0.05610331153874495,0.05421347209511971,0.0654049416413599,0.199479660631296,,salt_pepper,
dimension,HBB,standardized_reconstruction_mse_increase,L64,0.056986248437725776,0.05518280491926233,0.06570156534593934,0.18458418855186198,,salt_pepper,
dimension,HBB,representation_cosine,L64,0.895839536190033,0.863033390045166,0.895839536190033,0.036620560736081706,,salt_pepper,
dimension,HBB,prediction_js_divergence,L64,0.33091185986995697,0.33091185986995697,0.5050480306148529,0.5262312774549768,,salt_pepper,
dimension,HHB,accuracy,L64,0.49168,0.19749999999999998,0.49168,0.5983159778705697,,gaussian,
dimension,HHB,accuracy_absolute_degradation,L64,0.42817999999999995,0.42817999999999995,0.7366999999999999,0.7205380914551812,,gaussian,
dimension,HHB,system_reconstruction_mse_increase,L64,0.04750289347736203,0.047470020277451494,0.07553677250005761,0.590843002761311,,gaussian,
dimension,HHB,standardized_reconstruction_mse_increase,L64,0.05355925853242679,0.05039471613407135,0.07275601409230914,0.4175057416876284,,gaussian,
dimension,HHB,representation_cosine,L64,0.9102998733520508,0.8708785533905029,0.9328058004379273,0.06802950199181945,,gaussian,
dimension,HHB,prediction_js_divergence,L64,0.2709861546754837,0.2709861546754837,0.5138678133487702,0.8962880740650765,,gaussian,
dimension,HHB,accuracy,L64,0.8270800000000001,0.66368,0.8375199999999999,0.21018522996540803,,pixel_masking,
dimension,HHB,accuracy_absolute_degradation,L64,0.09277999999999997,0.07002,0.09667999999999999,0.2873464108613133,,pixel_masking,
dimension,HHB,system_reconstruction_mse_increase,L64,0.02859697769388861,0.017202920948534595,0.02879246623097633,0.4052716831161231,,pixel_masking,
dimension,HHB,standardized_reconstruction_mse_increase,L64,0.028316838641069368,0.017554322465390577,0.030079045054863907,0.4423065282035324,,pixel_masking,
dimension,HHB,representation_cosine,L64,0.9737095713615418,0.9625824451446533,0.9924044132232666,0.030627169492523795,,pixel_masking,
dimension,HHB,prediction_js_divergence,L64,0.0637996718287468,0.047895117104053496,0.07025745213031769,0.35050862151672824,,pixel_masking,
dimension,HHB,accuracy,L64,0.35302,0.15678,0.35302,0.5558891847471648,,salt_pepper,
dimension,HHB,accuracy_absolute_degradation,L64,0.56684,0.5086,0.77742,0.47424317267575633,,salt_pepper,
dimension,HHB,system_reconstruction_mse_increase,L64,0.07130634225173874,0.07087195618960322,0.1041698713732739,0.4669698954077505,,salt_pepper,
dimension,HHB,standardized_reconstruction_mse_increase,L64,0.0784105404108398,0.07539192733813306,0.10178486605371748,0.3365993726986117,,salt_pepper,
dimension,HHB,representation_cosine,L64,0.8786177635192871,0.8315295577049255,0.9066322088241577,0.08547818429976245,,salt_pepper,
dimension,HHB,prediction_js_divergence,L64,0.3800286591053009,0.3524958312511444,0.5514759659767151,0.5235924448264107,,salt_pepper,
dimension,HHH,accuracy,L64,0.37901999999999997,0.29002,0.38408,0.24816632367619604,,gaussian,
dimension,HHH,accuracy_absolute_degradation,L64,0.51508,0.39008000000000004,0.56212,0.33400636794219524,,gaussian,
dimension,HHH,system_reconstruction_mse_increase,L64,0.05300173214114441,0.035840418937838806,0.06215411437910431,0.4964685940960432,,gaussian,
dimension,HHH,standardized_reconstruction_mse_increase,L64,0.05139116678666096,0.037488728650929976,0.06323822714980767,0.501049112297255,,gaussian,
dimension,HHH,representation_cosine,L64,0.9997284889221192,0.9996451139450073,0.9997511625289917,0.00010607738516941064,,gaussian,
dimension,HHH,prediction_js_divergence,L64,0.34637546837329863,0.2925270050764084,0.3832890748977661,0.2620337700223008,,gaussian,
dimension,HHH,accuracy,L64,0.8023,0.5335,0.84202,0.3845444347496142,,pixel_masking,
dimension,HHH,accuracy_absolute_degradation,L64,0.09179999999999999,0.08698000000000002,0.1466,0.649455337683557,,pixel_masking,
dimension,HHH,system_reconstruction_mse_increase,L64,0.021220813138533613,0.01618614268555933,0.023195372602501693,0.33029978026074885,,pixel_masking,
dimension,HHH,standardized_reconstruction_mse_increase,L64,0.02144621682536845,0.015551876939267528,0.022706359745726296,0.333601159793471,,pixel_masking,
dimension,HHH,representation_cosine,L64,0.9999394893646241,0.9999351978302002,0.9999485015869141,1.3304561781296258e-05,,pixel_masking,
dimension,HHH,prediction_js_divergence,L64,0.0711817428469658,0.06781966835260392,0.09924130439758301,0.44142830433488106,,pixel_masking,
dimension,HHH,accuracy,L64,0.28472,0.20396,0.28472,0.2836470918787452,,salt_pepper,
dimension,HHH,accuracy_absolute_degradation,L64,0.60938,0.47614,0.66842,0.31553382126043594,,salt_pepper,
dimension,HHH,system_reconstruction_mse_increase,L64,0.08135996836681755,0.05715663660166215,0.09635625071545037,0.4818046872458455,,salt_pepper,
dimension,HHH,standardized_reconstruction_mse_increase,L64,0.07981991257492377,0.05938944817757119,0.09781356427718182,0.4813850937641915,,salt_pepper,
dimension,HHH,representation_cosine,L64,0.9995957851409912,0.9994628310203553,0.9996275186538697,0.00016475422962193727,,salt_pepper,
dimension,HHH,prediction_js_divergence,L64,0.4243484318256378,0.38949544429779054,0.46851842403411864,0.18622192002965135,,salt_pepper,
architecture,BBB,alignment,balanced,1.0,1.0,1.0,0.0,enc1,,bp_raw
architecture,BBB,norm_ratio,balanced,1.0,1.0,1.0,0.0,enc1,,bp_raw
architecture,BBB,alpha_star,balanced,1.0,1.0,1.0,0.0,enc1,,bp_raw
architecture,BBB,scale_matched_bias,balanced,0.0,0.0,0.0,0.0,enc1,,bp_raw
architecture,BBB,update_snr_linear,balanced,17.483897284288965,17.483897284288965,20.53954968692993,0.17476952380557634,enc1,,bp_raw
architecture,BBB,matched_bp_snr_linear,balanced,17.483897284288965,17.483897284288965,20.53954968692993,0.17476952380557634,enc1,,bp_raw
architecture,BBB,alignment,balanced,1.0,1.0,1.0,0.0,enc2,,bp_raw
architecture,BBB,norm_ratio,balanced,1.0,1.0,1.0,0.0,enc2,,bp_raw
architecture,BBB,alpha_star,balanced,1.0,1.0,1.0,0.0,enc2,,bp_raw
architecture,BBB,scale_matched_bias,balanced,0.0,0.0,0.0,0.0,enc2,,bp_raw
architecture,BBB,update_snr_linear,balanced,6.921942380439956,6.921942380439956,11.013988251676768,0.5911701725226052,enc2,,bp_raw
architecture,BBB,matched_bp_snr_linear,balanced,6.921942380439956,6.921942380439956,11.013988251676768,0.5911701725226052,enc2,,bp_raw
architecture,BBB,alignment,balanced,1.0,1.0,1.0,0.0,enc3,,bp_raw
architecture,BBB,norm_ratio,balanced,1.0,1.0,1.0,0.0,enc3,,bp_raw
architecture,BBB,alpha_star,balanced,1.0,1.0,1.0,0.0,enc3,,bp_raw
architecture,BBB,scale_matched_bias,balanced,0.0,0.0,0.0,0.0,enc3,,bp_raw
architecture,BBB,update_snr_linear,balanced,5.736492502147075,3.8627729602173893,5.883068641639554,0.3521830945766335,enc3,,bp_raw
architecture,BBB,matched_bp_snr_linear,balanced,5.736492502147075,3.8627729602173893,5.883068641639554,0.3521830945766335,enc3,,bp_raw
architecture,HBB,alignment,balanced,0.368008968796854,0.279680516205764,0.7961097731002559,1.403306170992166,enc1,,hebbian_effective
architecture,HBB,norm_ratio,balanced,0.045466787561505226,0.017541869932313804,0.07917983921922016,1.355670206569353,enc1,,hebbian_effective
architecture,HBB,alpha_star,balanced,8.2832925313338,3.7878465473791487,276.64171631780846,32.940267259456625,enc1,,hebbian_effective
architecture,HBB,scale_matched_bias,balanced,0.9213720664684695,0.49489289736138103,0.9579412804939078,0.5025639478162651,enc1,,hebbian_effective
architecture,HBB,update_snr_linear,balanced,453.0917662156218,453.0917662156218,549.0510712878232,0.2117877927327753,enc1,,hebbian_effective
architecture,HBB,matched_bp_snr_linear,balanced,1.4489482500719357,1.4489482500719357,9.21560640677404,5.360203966091372,enc1,,hebbian_effective
architecture,HBB,alignment,balanced,0.3679905119718899,0.27967926040668994,0.7960968098131682,1.4033447401614612,enc1,,hebbian_raw
architecture,HBB,norm_ratio,balanced,90.93345682411692,35.083581652755996,158.35916452942985,1.3556680586234786,enc1,,hebbian_raw
architecture,HBB,alpha_star,balanced,0.004141543933313947,0.0018940460000459625,0.13835586910881506,32.949505129751614,enc1,,hebbian_raw
architecture,HBB,scale_matched_bias,balanced,0.9213713643702464,0.4951379145637166,0.9579429608928273,0.5023002279270247,enc1,,hebbian_raw
architecture,HBB,update_snr_linear,balanced,459.96452632063085,459.96452632063085,632.5207915651415,0.3751512461728955,enc1,,hebbian_raw
architecture,HBB,matched_bp_snr_linear,balanced,1.4489482500719357,1.4489482500719357,9.21560640677404,5.360203966091372,enc1,,hebbian_raw
architecture,HBB,alignment,balanced,1.0,1.0,1.0,0.0,enc2,,bp_raw
architecture,HBB,norm_ratio,balanced,1.0,1.0,1.0,0.0,enc2,,bp_raw
architecture,HBB,alpha_star,balanced,1.0,1.0,1.0,0.0,enc2,,bp_raw
architecture,HBB,scale_matched_bias,balanced,0.0,0.0,0.0,0.0,enc2,,bp_raw
architecture,HBB,update_snr_linear,balanced,6.368264004861709,3.20111133901099,7.1258204236737175,0.6162918311278991,enc2,,bp_raw
architecture,HBB,matched_bp_snr_linear,balanced,6.368264004861709,3.20111133901099,7.1258204236737175,0.6162918311278991,enc2,,bp_raw
architecture,HBB,alignment,balanced,1.0,1.0,1.0,0.0,enc3,,bp_raw
architecture,HBB,norm_ratio,balanced,1.0,1.0,1.0,0.0,enc3,,bp_raw
architecture,HBB,alpha_star,balanced,1.0,1.0,1.0,0.0,enc3,,bp_raw
architecture,HBB,scale_matched_bias,balanced,0.0,0.0,0.0,0.0,enc3,,bp_raw
architecture,HBB,update_snr_linear,balanced,5.146659604481828,2.309912059898343,6.158250984718562,0.7477352730824184,enc3,,bp_raw
architecture,HBB,matched_bp_snr_linear,balanced,5.146659604481828,2.309912059898343,6.158250984718562,0.7477352730824184,enc3,,bp_raw
architecture,HHB,alignment,balanced,0.368008968796854,0.279680516205764,0.7961097731002559,1.403306170992166,enc1,,hebbian_effective
architecture,HHB,norm_ratio,balanced,0.045466787561505226,0.017541869932313804,0.07917983921922016,1.355670206569353,enc1,,hebbian_effective
architecture,HHB,alpha_star,balanced,8.2832925313338,3.7878465473791487,276.64171631780846,32.940267259456625,enc1,,hebbian_effective
architecture,HHB,scale_matched_bias,balanced,0.9213720664684695,0.49489289736138103,0.9579412804939078,0.5025639478162651,enc1,,hebbian_effective
architecture,HHB,update_snr_linear,balanced,453.0917662156218,453.0917662156218,549.0510712878232,0.2117877927327753,enc1,,hebbian_effective
architecture,HHB,matched_bp_snr_linear,balanced,1.4489482500719357,1.4489482500719357,9.21560640677404,5.360203966091372,enc1,,hebbian_effective
architecture,HHB,alignment,balanced,0.3679905119718899,0.27967926040668994,0.7960968098131682,1.4033447401614612,enc1,,hebbian_raw
architecture,HHB,norm_ratio,balanced,90.93345682411692,35.083581652755996,158.35916452942985,1.3556680586234786,enc1,,hebbian_raw
architecture,HHB,alpha_star,balanced,0.004141543933313947,0.0018940460000459625,0.13835586910881506,32.949505129751614,enc1,,hebbian_raw
architecture,HHB,scale_matched_bias,balanced,0.9213713643702464,0.4951379145637166,0.9579429608928273,0.5023002279270247,enc1,,hebbian_raw
architecture,HHB,update_snr_linear,balanced,459.96452632063085,459.96452632063085,632.5207915651415,0.3751512461728955,enc1,,hebbian_raw
architecture,HHB,matched_bp_snr_linear,balanced,1.4489482500719357,1.4489482500719357,9.21560640677404,5.360203966091372,enc1,,hebbian_raw
architecture,HHB,alignment,balanced,0.0356259011114371,0.02058866447146138,0.344341433506111,9.087567161118814,enc2,,hebbian_effective
architecture,HHB,norm_ratio,balanced,0.002242040328236028,0.002242040328236028,0.03722443463875901,15.60292821424991,enc2,,hebbian_effective
architecture,HHB,alpha_star,balanced,14.563299517331922,2.4622064377638773,43.430096380406255,2.8130912156193237,enc2,,hebbian_effective
architecture,HHB,scale_matched_bias,balanced,0.998687049986666,0.8934794761320533,0.9994399424990175,0.10609977006137493,enc2,,hebbian_effective
architecture,HHB,update_snr_linear,balanced,0.01806393224828931,0.01806393224828931,174.85932740780325,9679.025644177433,enc2,,hebbian_effective
architecture,HHB,matched_bp_snr_linear,balanced,0.8872811065814439,0.8872811065814439,1.4542124178889355,0.638953435502702,enc2,,hebbian_effective
architecture,HHB,alignment,balanced,0.0363428992533642,0.02057804380946844,0.3443385146296086,8.908493198468797,enc2,,hebbian_raw
architecture,HHB,norm_ratio,balanced,4.483744743227666,4.483744743227666,74.44888787759605,15.604176227924098,enc2,,hebbian_raw
architecture,HHB,alpha_star,balanced,0.007530789724061819,0.0012193925820503126,0.021733319638814856,2.7240074156493788,enc2,,hebbian_raw
architecture,HHB,scale_matched_bias,balanced,0.9986569993879296,0.8934677432199791,0.9994365255328445,0.10611128983996186,enc2,,hebbian_raw
architecture,HHB,update_snr_linear,balanced,0.018063520445803376,0.018063520445803376,179.64649960194657,9944.265106599907,enc2,,hebbian_raw
architecture,HHB,matched_bp_snr_linear,balanced,0.8872811065814439,0.8872811065814439,1.4542124178889355,0.638953435502702,enc2,,hebbian_raw
architecture,HHB,alignment,balanced,1.0,1.0,1.0,0.0,enc3,,bp_raw
architecture,HHB,norm_ratio,balanced,1.0,1.0,1.0,0.0,enc3,,bp_raw
architecture,HHB,alpha_star,balanced,1.0,1.0,1.0,0.0,enc3,,bp_raw
architecture,HHB,scale_matched_bias,balanced,0.0,0.0,0.0,0.0,enc3,,bp_raw
architecture,HHB,update_snr_linear,balanced,8.522779702007862,2.3602490852927187,10.573256786126379,0.9636536421207524,enc3,,bp_raw
architecture,HHB,matched_bp_snr_linear,balanced,8.522779702007862,2.3602490852927187,10.573256786126379,0.9636536421207524,enc3,,bp_raw
architecture,HHH,alignment,balanced,0.368008968796854,0.279680516205764,0.7961097731002559,1.403306170992166,enc1,,hebbian_effective
architecture,HHH,norm_ratio,balanced,0.045466787561505226,0.017541869932313804,0.07917983921922016,1.355670206569353,enc1,,hebbian_effective
architecture,HHH,alpha_star,balanced,8.2832925313338,3.7878465473791487,276.64171631780846,32.940267259456625,enc1,,hebbian_effective
architecture,HHH,scale_matched_bias,balanced,0.9213720664684695,0.49489289736138103,0.9579412804939078,0.5025639478162651,enc1,,hebbian_effective
architecture,HHH,update_snr_linear,balanced,453.0917662156218,453.0917662156218,549.0510712878232,0.2117877927327753,enc1,,hebbian_effective
architecture,HHH,matched_bp_snr_linear,balanced,1.4489482500719357,1.4489482500719357,9.21560640677404,5.360203966091372,enc1,,hebbian_effective
architecture,HHH,alignment,balanced,0.3679905119718899,0.27967926040668994,0.7960968098131682,1.4033447401614612,enc1,,hebbian_raw
architecture,HHH,norm_ratio,balanced,90.93345682411692,35.083581652755996,158.35916452942985,1.3556680586234786,enc1,,hebbian_raw
architecture,HHH,alpha_star,balanced,0.004141543933313947,0.0018940460000459625,0.13835586910881506,32.949505129751614,enc1,,hebbian_raw
architecture,HHH,scale_matched_bias,balanced,0.9213713643702464,0.4951379145637166,0.9579429608928273,0.5023002279270247,enc1,,hebbian_raw
architecture,HHH,update_snr_linear,balanced,459.96452632063085,459.96452632063085,632.5207915651415,0.3751512461728955,enc1,,hebbian_raw
architecture,HHH,matched_bp_snr_linear,balanced,1.4489482500719357,1.4489482500719357,9.21560640677404,5.360203966091372,enc1,,hebbian_raw
architecture,HHH,alignment,balanced,0.0356259011114371,0.02058866447146138,0.344341433506111,9.087567161118814,enc2,,hebbian_effective
architecture,HHH,norm_ratio,balanced,0.002242040328236028,0.002242040328236028,0.03722443463875901,15.60292821424991,enc2,,hebbian_effective
architecture,HHH,alpha_star,balanced,14.563299517331922,2.4622064377638773,43.430096380406255,2.8130912156193237,enc2,,hebbian_effective
architecture,HHH,scale_matched_bias,balanced,0.998687049986666,0.8934794761320533,0.9994399424990175,0.10609977006137493,enc2,,hebbian_effective
architecture,HHH,update_snr_linear,balanced,0.01806393224828931,0.01806393224828931,174.85932740780325,9679.025644177433,enc2,,hebbian_effective
architecture,HHH,matched_bp_snr_linear,balanced,0.8872811065814439,0.8872811065814439,1.4542124178889355,0.638953435502702,enc2,,hebbian_effective
architecture,HHH,alignment,balanced,0.0363428992533642,0.02057804380946844,0.3443385146296086,8.908493198468797,enc2,,hebbian_raw
architecture,HHH,norm_ratio,balanced,4.483744743227666,4.483744743227666,74.44888787759605,15.604176227924098,enc2,,hebbian_raw
architecture,HHH,alpha_star,balanced,0.007530789724061819,0.0012193925820503126,0.021733319638814856,2.7240074156493788,enc2,,hebbian_raw
architecture,HHH,scale_matched_bias,balanced,0.9986569993879296,0.8934677432199791,0.9994365255328445,0.10611128983996186,enc2,,hebbian_raw
architecture,HHH,update_snr_linear,balanced,0.018063520445803376,0.018063520445803376,179.64649960194657,9944.265106599907,enc2,,hebbian_raw
architecture,HHH,matched_bp_snr_linear,balanced,0.8872811065814439,0.8872811065814439,1.4542124178889355,0.638953435502702,enc2,,hebbian_raw
architecture,HHH,alignment,balanced,4.5907426600572196e-05,-0.0001456631479174652,6.395320882563088e-05,4.566066270733135,enc3,,hebbian_effective
architecture,HHH,norm_ratio,balanced,0.5687118577582264,0.0926385169979708,4.856594142487327,8.376747487312382,enc3,,hebbian_effective
architecture,HHH,alpha_star,balanced,0.000146210455023356,-0.10071287572060492,0.000146210455023356,689.821295403913,enc3,,hebbian_effective
architecture,HHH,scale_matched_bias,balanced,0.9999999685537009,0.9999996216694322,0.9999999685537009,3.4688427955059085e-07,enc3,,hebbian_effective
architecture,HHH,update_snr_linear,balanced,1.2933289955107004,0.13572198766813443,13.217316724629338,10.114669030354124,enc3,,hebbian_effective
architecture,HHH,matched_bp_snr_linear,balanced,3.5005385495500816,1.231422369511435,3.7816485516449037,0.7285239531101625,enc3,,hebbian_effective
architecture,HHH,alignment,balanced,-8.250900635166726e-05,-0.00014966137737474554,2.7574511764070836e-05,2.148079280403983,enc3,,hebbian_raw
architecture,HHH,norm_ratio,balanced,1138.3326435640477,185.2847856814323,10197.503234679985,8.795512019800224,enc3,,hebbian_raw
architecture,HHH,alpha_star,balanced,-1.6536644685081313e-08,-4.9294615159108134e-05,1.6386583874254048e-08,2981.742725883213,enc3,,hebbian_raw
architecture,HHH,scale_matched_bias,balanced,0.999999876328056,0.9999979525224993,0.999999876328056,1.923805794555061e-06,enc3,,hebbian_raw
architecture,HHH,update_snr_linear,balanced,1.2918032138889737,0.13566281864256877,12.528004204646658,9.593056630264412,enc3,,hebbian_raw
architecture,HHH,matched_bp_snr_linear,balanced,3.5005385495500816,1.231422369511435,3.7816485516449037,0.7285239531101625,enc3,,hebbian_raw
