contrast,left,right,noise_type,severity,metric,mean_paired_difference,sd_paired_difference,ci_low,ci_high
HHB_minus_HHH,HHB,HHH,clean,0.0,accuracy,0.025759999999999984,0.010491091458947437,0.01664000000000001,0.03328
HHB_minus_HHH,HHB,HHH,clean,0.0,macro_f1,0.025888351761389462,0.01062186219231368,0.016668275889768002,0.03351611797807079
HHB_minus_HHH,HHB,HHH,clean,0.0,classification_ce,-0.07791888117790222,0.029439310324900488,-0.09634326100349426,-0.05137677192687988
HHB_minus_HHH,HHB,HHH,clean,0.0,system_reconstruction_mse,-0.01385297492270567,0.0017816332429896312,-0.015248216785411444,-0.012457733059999896
HHB_minus_HHH,HHB,HHH,clean,0.0,standardized_reconstruction_mse,-0.014120287969744936,0.001746770034764499,-0.015455072770216025,-0.012754110284532822
HHB_minus_HHH,HHB,HHH,clean,0.0,representation_cosine,0.0,0.0,0.0,0.0
HHB_minus_HHH,HHB,HHH,clean,0.0,prediction_js_divergence,0.0,0.0,0.0,0.0
HHB_minus_HHH,HHB,HHH,clean,0.0,accuracy_absolute_degradation,0.0,0.0,0.0,0.0
HHB_minus_HHH,HHB,HHH,clean,0.0,accuracy_relative_degradation,0.0,0.0,0.0,0.0
HHB_minus_HHH,HHB,HHH,clean,0.0,macro_f1_absolute_degradation,0.0,0.0,0.0,0.0
HHB_minus_HHH,HHB,HHH,clean,0.0,system_reconstruction_mse_increase,0.0,0.0,0.0,0.0
HHB_minus_HHH,HHB,HHH,clean,0.0,standardized_reconstruction_mse_increase,0.0,0.0,0.0,0.0
HHB_minus_HHH,HHB,HHH,gaussian,0.1,accuracy,0.08443999999999999,0.04474033973943427,0.05586,0.12250000000000001
HHB_minus_HHH,HHB,HHH,gaussian,0.1,macro_f1,0.08244258371794666,0.04320092921791884,0.055520173601206,0.11942136516212179
HHB_minus_HHH,HHB,HHH,gaussian,0.1,classification_ce,-0.21507539749145507,0.12124812495328965,-0.31410529017448424,-0.12948870062828063
HHB_minus_HHH,HHB,HHH,gaussian,0.1,system_reconstruction_mse,-0.015133088323826694,0.0019009538698252304,-0.016580077718617962,-0.013636012373359837
HHB_minus_HHH,HHB,HHH,gaussian,0.1,standardized_reconstruction_mse,-0.014841135083023382,0.0019531167651263275,-0.01636892642702375,-0.013313343739023015
HHB_minus_HHH,HHB,HHH,gaussian,0.1,representation_cosine,-0.010867023468017578,0.00199259419843676,-0.01258169412612915,-0.009551382064819336
HHB_minus_HHH,HHB,HHH,gaussian,0.1,prediction_js_divergence,-0.03399083446711302,0.02247221261595209,-0.05213246922940016,-0.01533689685165882
HHB_minus_HHH,HHB,HHH,gaussian,0.1,accuracy_absolute_degradation,-0.058679999999999996,0.04164933372816425,-0.09537999999999999,-0.02737999999999998
HHB_minus_HHH,HHB,HHH,gaussian,0.1,accuracy_relative_degradation,-0.06663960316346886,0.046659343672164955,-0.10779504216043914,-0.03215936599679645
HHB_minus_HHH,HHB,HHH,gaussian,0.1,macro_f1_absolute_degradation,-0.0565542319565572,0.039697510147957624,-0.09197261835733975,-0.027546560484983627
HHB_minus_HHH,HHB,HHH,gaussian,0.1,system_reconstruction_mse_increase,-0.0012801134011210227,0.0010971832090388917,-0.0021528170047487535,-0.00040740979749329196
HHB_minus_HHH,HHB,HHH,gaussian,0.1,standardized_reconstruction_mse_increase,-0.0007208471132784472,0.0009451440364627288,-0.00144221903139231,5.248048354155113e-07
HHB_minus_HHH,HHB,HHH,gaussian,0.2,accuracy,0.1569,0.0675157759342215,0.1051,0.20560000000000006
HHB_minus_HHH,HHB,HHH,gaussian,0.2,macro_f1,0.16768972819588424,0.05728226284787082,0.1259109554943348,0.2102410404024823
HHB_minus_HHH,HHB,HHH,gaussian,0.2,classification_ce,-0.6808777630329133,0.33404033963445356,-0.9487494468688965,-0.43069030046463014
HHB_minus_HHH,HHB,HHH,gaussian,0.2,system_reconstruction_mse,-0.01759073990023866,0.003218673847909564,-0.02003673251249352,-0.015091759814048297
HHB_minus_HHH,HHB,HHH,gaussian,0.2,standardized_reconstruction_mse,-0.015751794152941024,0.002636386265245862,-0.017811362619983905,-0.013692225685898136
HHB_minus_HHH,HHB,HHH,gaussian,0.2,representation_cosine,-0.03478395938873291,0.005533207417222128,-0.03961259126663208,-0.03145253658294678
HHB_minus_HHH,HHB,HHH,gaussian,0.2,prediction_js_divergence,-0.08136843517422676,0.04339833531888017,-0.11339555382728576,-0.04492434188723564
HHB_minus_HHH,HHB,HHH,gaussian,0.2,accuracy_absolute_degradation,-0.13114000000000003,0.06947886729070939,-0.1815400000000001,-0.07623999999999997
HHB_minus_HHH,HHB,HHH,gaussian,0.2,accuracy_relative_degradation,-0.15071073824478626,0.0763744381101697,-0.2059041288158169,-0.09069354780383668
HHB_minus_HHH,HHB,HHH,gaussian,0.2,macro_f1_absolute_degradation,-0.14180137643449478,0.05890318548642846,-0.18460261137885617,-0.09444564118676335
HHB_minus_HHH,HHB,HHH,gaussian,0.2,system_reconstruction_mse_increase,-0.0037377649775329883,0.003284393220150262,-0.006617051927800081,-0.0013861565849732354
HHB_minus_HHH,HHB,HHH,gaussian,0.2,standardized_reconstruction_mse_increase,-0.0016315061831960857,0.0022443616310182293,-0.003405262031165917,0.00014224966477374563
HHB_minus_HHH,HHB,HHH,gaussian,0.3,accuracy,0.15058,0.0979113731902479,0.07728000000000002,0.23315999999999998
HHB_minus_HHH,HHB,HHH,gaussian,0.3,macro_f1,0.16779959689077367,0.10009912915343161,0.09212021360808773,0.24866483860218666
HHB_minus_HHH,HHB,HHH,gaussian,0.3,classification_ce,-1.1735653758049012,0.5733966586306383,-1.608390247821808,-0.7350937604904175
HHB_minus_HHH,HHB,HHH,gaussian,0.3,system_reconstruction_mse,-0.019282293608529226,0.004913052420160361,-0.023057188606262206,-0.015507398610796249
HHB_minus_HHH,HHB,HHH,gaussian,0.3,standardized_reconstruction_mse,-0.014772818098262863,0.0032665364814810065,-0.017177956050950648,-0.01224549199785505
HHB_minus_HHH,HHB,HHH,gaussian,0.3,representation_cosine,-0.06255277395248413,0.008558519270472081,-0.0700150489807129,-0.057689559459686277
HHB_minus_HHH,HHB,HHH,gaussian,0.3,prediction_js_divergence,-0.08900427967309951,0.06323682227618581,-0.13697091341018677,-0.0389835998415947
HHB_minus_HHH,HHB,HHH,gaussian,0.3,accuracy_absolute_degradation,-0.12482000000000001,0.10392211987830118,-0.21022,-0.04582000000000005
HHB_minus_HHH,HHB,HHH,gaussian,0.3,accuracy_relative_degradation,-0.1482355461944041,0.11236859298446591,-0.24276286736607933,-0.06089540055715661
HHB_minus_HHH,HHB,HHH,gaussian,0.3,macro_f1_absolute_degradation,-0.14191124512938422,0.10663444536905392,-0.22744130922626674,-0.06191831366086773
HHB_minus_HHH,HHB,HHH,gaussian,0.3,system_reconstruction_mse_increase,-0.005429318685823559,0.005397734564990128,-0.010172008874270385,-0.0017544617749233632
HHB_minus_HHH,HHB,HHH,gaussian,0.3,standardized_reconstruction_mse_increase,-0.0006525301285179273,0.0029098215643674798,-0.0028841265086738373,0.0015790662516379824
HHB_minus_HHH,HHB,HHH,gaussian,0.4,accuracy,0.11266000000000002,0.10237537789918039,0.041060000000000055,0.20415999999999998
HHB_minus_HHH,HHB,HHH,gaussian,0.4,macro_f1,0.1230634412011193,0.1174104306976845,0.03634983446386706,0.22293108116471352
HHB_minus_HHH,HHB,HHH,gaussian,0.4,classification_ce,-1.5348917961120605,0.9592241592579371,-2.2960833072662354,-0.7737002849578858
HHB_minus_HHH,HHB,HHH,gaussian,0.4,system_reconstruction_mse,-0.01935181358648806,0.006158733914314532,-0.02436928161776795,-0.01505039103605309
HHB_minus_HHH,HHB,HHH,gaussian,0.4,standardized_reconstruction_mse,-0.011952196223979092,0.004464235285775792,-0.015974563573720502,-0.009310029275076726
HHB_minus_HHH,HHB,HHH,gaussian,0.4,representation_cosine,-0.08942861557006836,0.010470821260894811,-0.09870306253433228,-0.08370915651321412
HHB_minus_HHH,HHB,HHH,gaussian,0.4,prediction_js_divergence,-0.07538931369781494,0.07669991173837325,-0.14156618118286132,-0.019369286298751832
HHB_minus_HHH,HHB,HHH,gaussian,0.4,accuracy_absolute_degradation,-0.08690000000000003,0.1099549680551088,-0.18336000000000005,-0.007780000000000042
HHB_minus_HHH,HHB,HHH,gaussian,0.4,accuracy_relative_degradation,-0.11003820436024905,0.11733774149320861,-0.21433163544257244,-0.026736092812217182
HHB_minus_HHH,HHB,HHH,gaussian,0.4,macro_f1_absolute_degradation,-0.09717508943972983,0.12560306861273315,-0.2023999989420509,-0.003907485785164311
HHB_minus_HHH,HHB,HHH,gaussian,0.4,system_reconstruction_mse_increase,-0.005498838663782387,0.00688086885564505,-0.011681281925707436,-0.0012974542001802064
HHB_minus_HHH,HHB,HHH,gaussian,0.4,standardized_reconstruction_mse_increase,0.002168091745765842,0.003969462296076889,-0.0009636013066038826,0.005151987160663221
HHB_minus_HHH,HHB,HHH,pixel_masking,0.1,accuracy,0.027959999999999985,0.011725954118961927,0.01811999999999998,0.03657999999999999
HHB_minus_HHH,HHB,HHH,pixel_masking,0.1,macro_f1,0.028145976984264597,0.011867923714969121,0.018262791406432832,0.03690623095310832
HHB_minus_HHH,HHB,HHH,pixel_masking,0.1,classification_ce,-0.0872866928577423,0.032480989665191105,-0.10776852965354919,-0.05818212628364563
HHB_minus_HHH,HHB,HHH,pixel_masking,0.1,system_reconstruction_mse,-0.01268852907647892,0.0016202620271631278,-0.013933511416376854,-0.011462328594752718
HHB_minus_HHH,HHB,HHH,pixel_masking,0.1,standardized_reconstruction_mse,-0.013111384912607622,0.001607184953418045,-0.014304544516777507,-0.011839489378831825
HHB_minus_HHH,HHB,HHH,pixel_masking,0.1,representation_cosine,-0.0040485143661499025,0.0002012681099800582,-0.0042135357856750485,-0.0038998961448669434
HHB_minus_HHH,HHB,HHH,pixel_masking,0.1,prediction_js_divergence,-0.0035786500200629236,0.0010380749965426077,-0.004330665059387684,-0.0026767786592245104
HHB_minus_HHH,HHB,HHH,pixel_masking,0.1,accuracy_absolute_degradation,-0.002200000000000002,0.0014212670403551794,-0.0032999999999999917,-0.001100000000000012
HHB_minus_HHH,HHB,HHH,pixel_masking,0.1,accuracy_relative_degradation,-0.002770025242219503,0.0016868958091529429,-0.004084309945049314,-0.001455740539389691
HHB_minus_HHH,HHB,HHH,pixel_masking,0.1,macro_f1_absolute_degradation,-0.002257625222875137,0.001500138777448786,-0.003425989596131429,-0.0011251374707127448
HHB_minus_HHH,HHB,HHH,pixel_masking,0.1,system_reconstruction_mse_increase,0.0011644458462267517,0.00035843010386910946,0.0008764635341994627,0.001424520756663109
HHB_minus_HHH,HHB,HHH,pixel_masking,0.1,standardized_reconstruction_mse_increase,0.0010089030571373136,0.0003879301051326693,0.0007101604307914262,0.0013215099903028829
HHB_minus_HHH,HHB,HHH,pixel_masking,0.2,accuracy,0.030359999999999963,0.011876573579951415,0.02011999999999996,0.038919999999999955
HHB_minus_HHH,HHB,HHH,pixel_masking,0.2,macro_f1,0.030880620910282562,0.012024456961703471,0.020544528060096434,0.039498040995210947
HHB_minus_HHH,HHB,HHH,pixel_masking,0.2,classification_ce,-0.09229775071144104,0.03340124541504994,-0.11297516226768493,-0.06281517744064331
HHB_minus_HHH,HHB,HHH,pixel_masking,0.2,system_reconstruction_mse,-0.010957552113046453,0.0016123469720440678,-0.012262313918288874,-0.009717490656716484
HHB_minus_HHH,HHB,HHH,pixel_masking,0.2,standardized_reconstruction_mse,-0.01154044639392775,0.0015473515467183234,-0.012650135305754992,-0.010184609045301166
HHB_minus_HHH,HHB,HHH,pixel_masking,0.2,representation_cosine,-0.00945441722869873,0.000314325543221377,-0.00970240831375122,-0.009206426143646241
HHB_minus_HHH,HHB,HHH,pixel_masking,0.2,prediction_js_divergence,-0.005971963703632355,0.0019959988995439317,-0.007475800067186356,-0.004295829311013221
HHB_minus_HHH,HHB,HHH,pixel_masking,0.2,accuracy_absolute_degradation,-0.004599999999999982,0.003865229618017553,-0.008120000000000016,-0.002119999999999922
HHB_minus_HHH,HHB,HHH,pixel_masking,0.2,accuracy_relative_degradation,-0.005958611881618247,0.00432324761515124,-0.009871140536020192,-0.0033749692668544767
HHB_minus_HHH,HHB,HHH,pixel_masking,0.2,macro_f1_absolute_degradation,-0.004992269148893102,0.004261383471665501,-0.008897634120898746,-0.0019740821099697436
HHB_minus_HHH,HHB,HHH,pixel_masking,0.2,system_reconstruction_mse_increase,0.0028954228096592185,0.0006357337395774633,0.00238027929033552,0.0033640700312049998
HHB_minus_HHH,HHB,HHH,pixel_masking,0.2,standardized_reconstruction_mse_increase,0.002579841575817186,0.000766093297948209,0.002022560263653192,0.003231814054372359
HHB_minus_HHH,HHB,HHH,pixel_masking,0.3,accuracy,0.03016000000000001,0.015347573098050363,0.016940000000000045,0.04134
HHB_minus_HHH,HHB,HHH,pixel_masking,0.3,macro_f1,0.03085601053958671,0.015603348762735919,0.01717072918566278,0.04194031132039731
HHB_minus_HHH,HHB,HHH,pixel_masking,0.3,classification_ce,-0.10176626443862916,0.03865953013716926,-0.12792164087295532,-0.06989954113960266
HHB_minus_HHH,HHB,HHH,pixel_masking,0.3,system_reconstruction_mse,-0.008722538767444844,0.0017478222504604464,-0.010101969869185467,-0.00733736376392598
HHB_minus_HHH,HHB,HHH,pixel_masking,0.3,standardized_reconstruction_mse,-0.00942688236937231,0.0016597902891328942,-0.01065212095542829,-0.007950677338424994
HHB_minus_HHH,HHB,HHH,pixel_masking,0.3,representation_cosine,-0.01673680543899536,0.0004453106451901302,-0.01703627109527588,-0.016374337673187255
HHB_minus_HHH,HHB,HHH,pixel_masking,0.3,prediction_js_divergence,-0.008486460894346237,0.003059057027174875,-0.010567847639322281,-0.005791234225034714
HHB_minus_HHH,HHB,HHH,pixel_masking,0.3,accuracy_absolute_degradation,-0.004400000000000026,0.006091387362497951,-0.00970000000000002,-0.00022000000000004237
HHB_minus_HHH,HHB,HHH,pixel_masking,0.3,accuracy_relative_degradation,-0.006507827952127461,0.007161422487506026,-0.012506499760677465,-0.0014855366651097574
HHB_minus_HHH,HHB,HHH,pixel_masking,0.3,macro_f1_absolute_degradation,-0.004967658778197248,0.006617581958169813,-0.010555866384009849,-0.0006270763911312427
HHB_minus_HHH,HHB,HHH,pixel_masking,0.3,system_reconstruction_mse_increase,0.005130436155260825,0.0007882680979964115,0.004469627311083736,0.0057146682926100135
HHB_minus_HHH,HHB,HHH,pixel_masking,0.3,standardized_reconstruction_mse_increase,0.004693405600372626,0.0011256708972623034,0.0039107995953851825,0.00565969391258395
HHB_minus_HHH,HHB,HHH,pixel_masking,0.4,accuracy,0.024780000000000003,0.015059946879056346,0.013520000000000022,0.03603999999999998
HHB_minus_HHH,HHB,HHH,pixel_masking,0.4,macro_f1,0.026291811439558832,0.01610375611807713,0.014416467234629993,0.039352513180237934
HHB_minus_HHH,HHB,HHH,pixel_masking,0.4,classification_ce,-0.09452301859855652,0.0375025976472818,-0.12060217261314392,-0.06255532503128051
HHB_minus_HHH,HHB,HHH,pixel_masking,0.4,system_reconstruction_mse,-0.006476810367350675,0.001910162171135016,-0.008064643534446251,-0.00490317497175567
HHB_minus_HHH,HHB,HHH,pixel_masking,0.4,standardized_reconstruction_mse,-0.007249666154044018,0.001819414081605503,-0.008586694383426593,-0.005633734731090313
HHB_minus_HHH,HHB,HHH,pixel_masking,0.4,representation_cosine,-0.026229918003082275,0.0008097985882438739,-0.026702249050140382,-0.025504839420318604
HHB_minus_HHH,HHB,HHH,pixel_masking,0.4,prediction_js_divergence,-0.0073820710182189945,0.003985912986650289,-0.010442359745502472,-0.004277817904949188
HHB_minus_HHH,HHB,HHH,pixel_masking,0.4,accuracy_absolute_degradation,0.0009799999999999809,0.009130553104823351,-0.005919999999999948,0.00757999999999992
HHB_minus_HHH,HHB,HHH,pixel_masking,0.4,accuracy_relative_degradation,-0.001805807735827647,0.010197784777767196,-0.00974045957002725,0.005498538118628746
HHB_minus_HHH,HHB,HHH,pixel_masking,0.4,macro_f1_absolute_degradation,-0.00040345967816937114,0.01084924366955763,-0.009108403386061092,0.007505649895696642
HHB_minus_HHH,HHB,HHH,pixel_masking,0.4,system_reconstruction_mse_increase,0.007376164555354994,0.0009439582218820881,0.006565295168818261,0.008064332626498475
HHB_minus_HHH,HHB,HHH,pixel_masking,0.4,standardized_reconstruction_mse_increase,0.006870621815700917,0.0014372494672335362,0.005862787940940074,0.008106575977169737
HHB_minus_HHH,HHB,HHH,salt_pepper,0.1,accuracy,0.0699,0.03052924827112516,0.04632000000000003,0.09347999999999998
HHB_minus_HHH,HHB,HHH,salt_pepper,0.1,macro_f1,0.06313574261834824,0.030485601992734732,0.04037783131758417,0.08606827126430272
HHB_minus_HHH,HHB,HHH,salt_pepper,0.1,classification_ce,-0.24266178607940675,0.17292964069956643,-0.3725329160690308,-0.11279065608978271
HHB_minus_HHH,HHB,HHH,salt_pepper,0.1,system_reconstruction_mse,-0.014682213713976804,0.001841667423775567,-0.01600050240030094,-0.013066530278653515
HHB_minus_HHH,HHB,HHH,salt_pepper,0.1,standardized_reconstruction_mse,-0.013588892882210869,0.00180367811973947,-0.01494017243677256,-0.01209320544690502
HHB_minus_HHH,HHB,HHH,salt_pepper,0.1,representation_cosine,-0.03600564002990723,0.0033940835861250625,-0.03854688405990601,-0.033385491371154784
HHB_minus_HHH,HHB,HHH,salt_pepper,0.1,prediction_js_divergence,-0.02935508042573929,0.02366792957848569,-0.04793999344110489,-0.010770167410373687
HHB_minus_HHH,HHB,HHH,salt_pepper,0.1,accuracy_absolute_degradation,-0.044140000000000026,0.03534951201926268,-0.07141999999999997,-0.016860000000000076
HHB_minus_HHH,HHB,HHH,salt_pepper,0.1,accuracy_relative_degradation,-0.054766891324940926,0.038023275071746715,-0.08433955844092549,-0.025194224208956374
HHB_minus_HHH,HHB,HHH,salt_pepper,0.1,macro_f1_absolute_degradation,-0.03724739085695879,0.034794942358509155,-0.06512991916701127,-0.010811908546421667
HHB_minus_HHH,HHB,HHH,salt_pepper,0.1,system_reconstruction_mse_increase,-0.0008292387912711325,0.0013853980599144906,-0.0018780913266357112,0.00021961374409344632
HHB_minus_HHH,HHB,HHH,salt_pepper,0.1,standardized_reconstruction_mse_increase,0.0005313950875340676,0.0010772844134677218,-0.00027276086009278485,0.0014247432549145764
HHB_minus_HHH,HHB,HHH,salt_pepper,0.2,accuracy,0.10407999999999999,0.064515943765863,0.05344000000000003,0.1526
HHB_minus_HHH,HHB,HHH,salt_pepper,0.2,macro_f1,0.10243653526112728,0.05763892794914328,0.05793426345833397,0.1469388070639206
HHB_minus_HHH,HHB,HHH,salt_pepper,0.2,classification_ce,-0.7084450960159302,0.5681277641863437,-1.1458274841308593,-0.2814407110214233
HHB_minus_HHH,HHB,HHH,salt_pepper,0.2,system_reconstruction_mse,-0.01899704032820098,0.003578815589270816,-0.021931212658784824,-0.016302319091485475
HHB_minus_HHH,HHB,HHH,salt_pepper,0.2,standardized_reconstruction_mse,-0.015463122108615173,0.001990692966755219,-0.016858568771518003,-0.0137885736699007
HHB_minus_HHH,HHB,HHH,salt_pepper,0.2,representation_cosine,-0.06721707582473754,0.005422935958547792,-0.07154290676116944,-0.06342021226882935
HHB_minus_HHH,HHB,HHH,salt_pepper,0.2,prediction_js_divergence,-0.05741227269172668,0.047737983421898396,-0.09427877962589264,-0.02054576575756073
HHB_minus_HHH,HHB,HHH,salt_pepper,0.2,accuracy_absolute_degradation,-0.07832000000000003,0.07253307521400149,-0.13336,-0.023280000000000033
HHB_minus_HHH,HHB,HHH,salt_pepper,0.2,accuracy_relative_degradation,-0.09786546070122613,0.07678497594900612,-0.1557784590126952,-0.03947057537510096
HHB_minus_HHH,HHB,HHH,salt_pepper,0.2,macro_f1_absolute_degradation,-0.07654818349973781,0.06574498287876067,-0.12760445221984443,-0.025491914779631197
HHB_minus_HHH,HHB,HHH,salt_pepper,0.2,system_reconstruction_mse_increase,-0.00514406540549531,0.0042469669278321995,-0.008900358471578478,-0.002438125578724605
HHB_minus_HHH,HHB,HHH,salt_pepper,0.2,standardized_reconstruction_mse_increase,-0.0013428341388702371,0.0022345252867764735,-0.0032613967907185433,0.00019794313127167738
HHB_minus_HHH,HHB,HHH,salt_pepper,0.3,accuracy,0.08694,0.09132547837268634,0.01682,0.15724000000000005
HHB_minus_HHH,HHB,HHH,salt_pepper,0.3,macro_f1,0.08883840497940548,0.08605592123486316,0.02291737690439736,0.15631770580494578
HHB_minus_HHH,HHB,HHH,salt_pepper,0.3,classification_ce,-1.1322961330413819,1.066989695931312,-2.0005725383758546,-0.32526535987854005
HHB_minus_HHH,HHB,HHH,salt_pepper,0.3,system_reconstruction_mse,-0.022125930368851642,0.005793537017475407,-0.027349770173053352,-0.018483807763858717
HHB_minus_HHH,HHB,HHH,salt_pepper,0.3,standardized_reconstruction_mse,-0.015859699632294322,0.003948147744890116,-0.018908652661381937,-0.012810746603206713
HHB_minus_HHH,HHB,HHH,salt_pepper,0.3,representation_cosine,-0.09559469223022461,0.007067979618049473,-0.10180777311325073,-0.09118586778640747
HHB_minus_HHH,HHB,HHH,salt_pepper,0.3,prediction_js_divergence,-0.05471212863922119,0.06912580282270889,-0.10761726498603821,-0.0018069922924041748
HHB_minus_HHH,HHB,HHH,salt_pepper,0.3,accuracy_absolute_degradation,-0.061180000000000026,0.10023550768066178,-0.13882000000000003,0.01646000000000001
HHB_minus_HHH,HHB,HHH,salt_pepper,0.3,accuracy_relative_degradation,-0.08277598511903303,0.10543462633019483,-0.16396389913774886,-0.001588071100317201
HHB_minus_HHH,HHB,HHH,salt_pepper,0.3,macro_f1_absolute_degradation,-0.06295005321801601,0.09511865066896968,-0.13649884750970548,0.010598741073673446
HHB_minus_HHH,HHB,HHH,salt_pepper,0.3,system_reconstruction_mse_increase,-0.00827295544614597,0.0067972524211201936,-0.014333532627942607,-0.0047326378587800606
HHB_minus_HHH,HHB,HHH,salt_pepper,0.3,standardized_reconstruction_mse_increase,-0.001739411662549388,0.004304801014539228,-0.004909622215348845,0.0018453220223407368
HHB_minus_HHH,HHB,HHH,salt_pepper,0.4,accuracy,0.0683,0.09380596995927284,-0.005880000000000008,0.14248
HHB_minus_HHH,HHB,HHH,salt_pepper,0.4,macro_f1,0.06236392456070139,0.09429973123818972,-0.012269949233809318,0.1369977983552121
HHB_minus_HHH,HHB,HHH,salt_pepper,0.4,classification_ce,-1.3668295860290527,1.637997770894347,-2.604932117462158,-0.12872705459594727
HHB_minus_HHH,HHB,HHH,salt_pepper,0.4,system_reconstruction_mse,-0.0239066010377845,0.007333497350956425,-0.030535899267391288,-0.019901062767768405
HHB_minus_HHH,HHB,HHH,salt_pepper,0.4,standardized_reconstruction_mse,-0.01552966013382892,0.006286543932348493,-0.019958155542490433,-0.010763695376649193
HHB_minus_HHH,HHB,HHH,salt_pepper,0.4,representation_cosine,-0.1209780216217041,0.008371733102004725,-0.12862422466278076,-0.11633836030960083
HHB_minus_HHH,HHB,HHH,salt_pepper,0.4,prediction_js_divergence,-0.044319772720336915,0.07716790171694912,-0.10495315790176392,0.016313612461090088
HHB_minus_HHH,HHB,HHH,salt_pepper,0.4,accuracy_absolute_degradation,-0.04254000000000002,0.10297430747521442,-0.12424000000000004,0.03915999999999999
HHB_minus_HHH,HHB,HHH,salt_pepper,0.4,accuracy_relative_degradation,-0.06497453897461161,0.10701381984118497,-0.14966766309492982,0.019718585145706614
HHB_minus_HHH,HHB,HHH,salt_pepper,0.4,macro_f1_absolute_degradation,-0.03647557279931193,0.10345357530016874,-0.11873721281050398,0.045786067211880124
HHB_minus_HHH,HHB,HHH,salt_pepper,0.4,system_reconstruction_mse_increase,-0.010053626115078826,0.008515311624074514,-0.01770671420214127,-0.005595368387066585
HHB_minus_HHH,HHB,HHH,salt_pepper,0.4,standardized_reconstruction_mse_increase,-0.0014093721640839828,0.006476628146759884,-0.0057940138993944346,0.004270809810015619
HBB_minus_HHB,HBB,HHB,clean,0.0,accuracy,-0.0034799999999999944,0.0028682747427678373,-0.005399999999999983,-0.0010399999999999964
HBB_minus_HHB,HBB,HHB,clean,0.0,macro_f1,-0.003467427997961314,0.003012848217314636,-0.005469984656953275,-0.0008912331091363468
HBB_minus_HHB,HBB,HHB,clean,0.0,classification_ce,0.00586390495300293,0.008511270144406913,0.0004798233509063721,0.01323704719543457
HBB_minus_HHB,HBB,HHB,clean,0.0,system_reconstruction_mse,-0.0013770486778629067,0.00035498925704201105,-0.001633390210404688,-0.0010839008572636815
HBB_minus_HHB,HBB,HHB,clean,0.0,standardized_reconstruction_mse,-0.00125641448702131,0.0003432415343193984,-0.0015096106889296548,-0.0009692545610544632
HBB_minus_HHB,HBB,HHB,clean,0.0,representation_cosine,0.0,0.0,0.0,0.0
HBB_minus_HHB,HBB,HHB,clean,0.0,prediction_js_divergence,0.0,0.0,0.0,0.0
HBB_minus_HHB,HBB,HHB,clean,0.0,accuracy_absolute_degradation,0.0,0.0,0.0,0.0
HBB_minus_HHB,HBB,HHB,clean,0.0,accuracy_relative_degradation,0.0,0.0,0.0,0.0
HBB_minus_HHB,HBB,HHB,clean,0.0,macro_f1_absolute_degradation,0.0,0.0,0.0,0.0
HBB_minus_HHB,HBB,HHB,clean,0.0,system_reconstruction_mse_increase,0.0,0.0,0.0,0.0
HBB_minus_HHB,HBB,HHB,clean,0.0,standardized_reconstruction_mse_increase,0.0,0.0,0.0,0.0
HBB_minus_HHB,HBB,HHB,gaussian,0.1,accuracy,0.013060000000000026,0.017854775271618464,-0.00045999999999992716,0.026759999999999985
HBB_minus_HHB,HBB,HHB,gaussian,0.1,macro_f1,0.012162293976790783,0.016339016109321664,-0.0002992975735387704,0.024686509874515993
HBB_minus_HHB,HBB,HHB,gaussian,0.1,classification_ce,-0.05614635944366455,0.05286939384391845,-0.09984130859375,-0.016900908946990967
HBB_minus_HHB,HBB,HHB,gaussian,0.1,system_reconstruction_mse,-0.0028418380007451892,0.0003634581732204786,-0.0031145636466084698,-0.002573410816387254
HBB_minus_HHB,HBB,HHB,gaussian,0.1,standardized_reconstruction_mse,-0.0031515283513555716,0.0004319910443738802,-0.003494023916186118,-0.002809032786525026
HBB_minus_HHB,HBB,HHB,gaussian,0.1,representation_cosine,0.004308962821960449,0.001453231747421172,0.0033579587936401365,0.0055465221405029295
HBB_minus_HHB,HBB,HHB,gaussian,0.1,prediction_js_divergence,-0.011854606680572033,0.011620819321570403,-0.02176822703331709,-0.0035305364057421685
HBB_minus_HHB,HBB,HHB,gaussian,0.1,accuracy_absolute_degradation,-0.01654000000000002,0.01765539577579609,-0.03021999999999998,-0.003040000000000087
HBB_minus_HHB,HBB,HHB,gaussian,0.1,accuracy_relative_degradation,-0.017928584615925433,0.01921326424386155,-0.03281919215209552,-0.0032337187226048982
HBB_minus_HHB,HBB,HHB,gaussian,0.1,macro_f1_absolute_degradation,-0.015629721974752098,0.01608275579466135,-0.02801534954934153,-0.003672539712631817
HBB_minus_HHB,HBB,HHB,gaussian,0.1,system_reconstruction_mse_increase,-0.0014647893228822825,0.0006729765257329366,-0.0020147247993216226,-0.0009873403598824326
HBB_minus_HHB,HBB,HHB,gaussian,0.1,standardized_reconstruction_mse_increase,-0.001895113864334262,0.0006242280096835651,-0.0023851339704163217,-0.001418442603811926
HBB_minus_HHB,HBB,HHB,gaussian,0.2,accuracy,0.07961999999999998,0.05594852098134501,0.03363999999999996,0.12247999999999999
HBB_minus_HHB,HBB,HHB,gaussian,0.2,macro_f1,0.07883771400373149,0.05565691974414844,0.030888143376960574,0.12422374701706881
HBB_minus_HHB,HBB,HHB,gaussian,0.2,classification_ce,-0.2542041063308716,0.1659490996438542,-0.3796368479728699,-0.1180773913860321
HBB_minus_HHB,HBB,HHB,gaussian,0.2,system_reconstruction_mse,-0.006599972671781267,0.0013942613389793604,-0.007666391300668522,-0.0055335540428940126
HBB_minus_HHB,HBB,HHB,gaussian,0.2,standardized_reconstruction_mse,-0.008046624371470237,0.0014567205419195005,-0.009196273511380564,-0.00689697523155991
HBB_minus_HHB,HBB,HHB,gaussian,0.2,representation_cosine,0.011627697944641113,0.004719593491137923,0.00852130651473999,0.01570802927017212
HBB_minus_HHB,HBB,HHB,gaussian,0.2,prediction_js_divergence,-0.04643942192196846,0.02804436359938459,-0.06714400425553321,-0.02173786610364914
HBB_minus_HHB,HBB,HHB,gaussian,0.2,accuracy_absolute_degradation,-0.08309999999999998,0.05444804863353695,-0.12338,-0.038719999999999935
HBB_minus_HHB,HBB,HHB,gaussian,0.2,accuracy_relative_degradation,-0.09014045351961239,0.059468566925611324,-0.1344336969892182,-0.04159552368115847
HBB_minus_HHB,HBB,HHB,gaussian,0.2,macro_f1_absolute_degradation,-0.08230514200169281,0.0539122780868912,-0.12496707747953655,-0.03607592064524141
HBB_minus_HHB,HBB,HHB,gaussian,0.2,system_reconstruction_mse_increase,-0.00522292399391836,0.0017116618738906393,-0.006543138694909155,-0.0039291309381017875
HBB_minus_HHB,HBB,HHB,gaussian,0.2,standardized_reconstruction_mse_increase,-0.006790209884448927,0.0016280362125153085,-0.00803941665493712,-0.005527748232860956
HBB_minus_HHB,HBB,HHB,gaussian,0.3,accuracy,0.16268000000000002,0.07507401014998465,0.09548000000000004,0.21144000000000002
HBB_minus_HHB,HBB,HHB,gaussian,0.3,macro_f1,0.17642171131676282,0.08060853164368544,0.10790769324494334,0.23140044694489764
HBB_minus_HHB,HBB,HHB,gaussian,0.3,classification_ce,-0.6499970555305481,0.36081591899861354,-0.9229284048080444,-0.3455930590629578
HBB_minus_HHB,HBB,HHB,gaussian,0.3,system_reconstruction_mse,-0.012648103875140754,0.002232187188721061,-0.014378564896096988,-0.01091764285418452
HBB_minus_HHB,HBB,HHB,gaussian,0.3,standardized_reconstruction_mse,-0.016294910062673144,0.0033183536955787305,-0.018730888908541934,-0.013736417270582552
HBB_minus_HHB,HBB,HHB,gaussian,0.3,representation_cosine,0.018618035316467284,0.008181195741488682,0.013108515739440918,0.02569469213485718
HBB_minus_HHB,HBB,HHB,gaussian,0.3,prediction_js_divergence,-0.09168492257595062,0.04203365810386187,-0.11811477839946746,-0.055235323309898374
HBB_minus_HHB,HBB,HHB,gaussian,0.3,accuracy_absolute_degradation,-0.16616000000000003,0.07416797152410197,-0.21398,-0.09944000000000001
HBB_minus_HHB,HBB,HHB,gaussian,0.3,accuracy_relative_degradation,-0.18008237916822517,0.08073530707183718,-0.23219552262570237,-0.10720893731565022
HBB_minus_HHB,HBB,HHB,gaussian,0.3,macro_f1_absolute_degradation,-0.1798891393147241,0.07952090482900262,-0.23328611399567523,-0.11210597644293911
HBB_minus_HHB,HBB,HHB,gaussian,0.3,system_reconstruction_mse_increase,-0.011271055197277845,0.002481733374347051,-0.013228890645163397,-0.009313219749392296
HBB_minus_HHB,HBB,HHB,gaussian,0.3,standardized_reconstruction_mse_increase,-0.015038495575651834,0.0033536059756622966,-0.017511131041001302,-0.012351507865944689
HBB_minus_HHB,HBB,HHB,gaussian,0.4,accuracy,0.18348,0.08511584458841957,0.11374000000000004,0.24529999999999993
HBB_minus_HHB,HBB,HHB,gaussian,0.4,macro_f1,0.22472827148948396,0.09169133563925505,0.15478188079272867,0.2901725612080862
HBB_minus_HHB,HBB,HHB,gaussian,0.4,classification_ce,-1.1927976727485656,0.621598087615443,-1.6658284068107605,-0.6972974061965942
HBB_minus_HHB,HBB,HHB,gaussian,0.4,system_reconstruction_mse,-0.019831753497221032,0.003360334128922324,-0.022253620241126235,-0.017162629606285878
HBB_minus_HHB,HBB,HHB,gaussian,0.4,standardized_reconstruction_mse,-0.026107451287872934,0.006017433886790159,-0.030940257815925444,-0.02174388628122758
HBB_minus_HHB,HBB,HHB,gaussian,0.4,representation_cosine,0.023860073089599608,0.011010296597248774,0.016344881057739256,0.033441245555877686
HBB_minus_HHB,HBB,HHB,gaussian,0.4,prediction_js_divergence,-0.1159342110157013,0.05159375918322157,-0.1529466390609741,-0.07279904782772065
HBB_minus_HHB,HBB,HHB,gaussian,0.4,accuracy_absolute_degradation,-0.18695999999999996,0.0851942075495746,-0.24865999999999996,-0.11800000000000002
HBB_minus_HHB,HBB,HHB,gaussian,0.4,accuracy_relative_degradation,-0.20216443493172473,0.09229298843038514,-0.2690189096505998,-0.12697905728667333
HBB_minus_HHB,HBB,HHB,gaussian,0.4,macro_f1_absolute_degradation,-0.2281956994874453,0.09194475846926262,-0.2936937861393268,-0.15962685478672545
HBB_minus_HHB,HBB,HHB,gaussian,0.4,system_reconstruction_mse_increase,-0.018454704819358125,0.003477391567976993,-0.02094256064453904,-0.01578886287596761
HBB_minus_HHB,HBB,HHB,gaussian,0.4,standardized_reconstruction_mse_increase,-0.02485103680085162,0.005978312969954338,-0.02949624103351515,-0.02045649822955229
HBB_minus_HHB,HBB,HHB,pixel_masking,0.1,accuracy,-0.0008799999999999919,0.0034578895297565945,-0.0032400000000000428,0.0021600000000000287
HBB_minus_HHB,HBB,HHB,pixel_masking,0.1,macro_f1,-0.0007926562485792487,0.003601670627647823,-0.0032165435782657513,0.00238767395942161
HBB_minus_HHB,HBB,HHB,pixel_masking,0.1,classification_ce,0.003136599063873291,0.009202956835594545,-0.0030351758003234865,0.011216878890991211
HBB_minus_HHB,HBB,HHB,pixel_masking,0.1,system_reconstruction_mse,-0.001548687695873027,0.00044669735894944983,-0.0018841450862495269,-0.001188456509064655
HBB_minus_HHB,HBB,HHB,pixel_masking,0.1,standardized_reconstruction_mse,-0.0010056408965830896,0.0003826496337706194,-0.001298618319375174,-0.0007156844742444091
HBB_minus_HHB,HBB,HHB,pixel_masking,0.1,representation_cosine,-0.00018506050109863282,0.0004587065950015325,-0.0004474043846130371,0.00021833181381225586
HBB_minus_HHB,HBB,HHB,pixel_masking,0.1,prediction_js_divergence,-0.0009339326061308384,0.0003194450222448007,-0.0011975634843111038,-0.0006965843960642815
HBB_minus_HHB,HBB,HHB,pixel_masking,0.1,accuracy_absolute_degradation,-0.0026000000000000025,0.0011874342087038736,-0.0035000000000000586,-0.0016399999999999304
HBB_minus_HHB,HBB,HHB,pixel_masking,0.1,accuracy_relative_degradation,-0.0027973319183920648,0.0013012905916534733,-0.0037853634745816473,-0.0017536459669723794
HBB_minus_HHB,HBB,HHB,pixel_masking,0.1,macro_f1_absolute_degradation,-0.0026747717493820653,0.0012703935659554519,-0.0036519965210699778,-0.0016955799159615204
HBB_minus_HHB,HBB,HHB,pixel_masking,0.1,system_reconstruction_mse_increase,-0.00017163901801012005,0.0001334170752384994,-0.00027144075092004236,-7.054281852683277e-05
HBB_minus_HHB,HBB,HHB,pixel_masking,0.1,standardized_reconstruction_mse_increase,0.00025077359043822043,0.00022116347975903962,9.042434400441763e-05,0.0004398470901956366
HBB_minus_HHB,HBB,HHB,pixel_masking,0.2,accuracy,0.0027000000000000136,0.0047312788968734525,-0.0013399999999999857,0.005860000000000021
HBB_minus_HHB,HBB,HHB,pixel_masking,0.2,macro_f1,0.00281278323937717,0.004989681485366175,-0.0013030348062897268,0.006132712710651611
HBB_minus_HHB,HBB,HHB,pixel_masking,0.2,classification_ce,-0.004328203201293945,0.013838241774277829,-0.013951420783996582,0.007524257898330689
HBB_minus_HHB,HBB,HHB,pixel_masking,0.2,system_reconstruction_mse,-0.001605232876368931,0.00047739288135486207,-0.0019554525324763086,-0.001203114971627994
HBB_minus_HHB,HBB,HHB,pixel_masking,0.2,standardized_reconstruction_mse,-0.0005217495536804194,0.00038997158111445064,-0.0008376587159293028,-0.00023240521411506501
HBB_minus_HHB,HBB,HHB,pixel_masking,0.2,representation_cosine,-0.0006557345390319824,0.0010388275507918457,-0.001326906681060791,0.00025799274444580076
HBB_minus_HHB,HBB,HHB,pixel_masking,0.2,prediction_js_divergence,-0.0030022943392395973,0.0017955858439428335,-0.004398227296769619,-0.0015941718593239784
HBB_minus_HHB,HBB,HHB,pixel_masking,0.2,accuracy_absolute_degradation,-0.0061800000000000075,0.004470682274552725,-0.009779999999999988,-0.0026999999999999915
HBB_minus_HHB,HBB,HHB,pixel_masking,0.2,accuracy_relative_degradation,-0.00663450456276613,0.004834853001371595,-0.010459420270711303,-0.002828094295624086
HBB_minus_HHB,HBB,HHB,pixel_masking,0.2,macro_f1_absolute_degradation,-0.006280211237338485,0.004661997327277817,-0.009806486945782632,-0.0024397173453699406
HBB_minus_HHB,HBB,HHB,pixel_masking,0.2,system_reconstruction_mse_increase,-0.0002281841985060238,0.00018790892267475957,-0.000376457413653938,-7.991098335810958e-05
HBB_minus_HHB,HBB,HHB,pixel_masking,0.2,standardized_reconstruction_mse_increase,0.0007346649333408905,0.00040309463538215704,0.00046616160937718064,0.0010955642458857322
HBB_minus_HHB,HBB,HHB,pixel_masking,0.3,accuracy,0.011719999999999953,0.011299424764119602,0.003039999999999976,0.02057999999999993
HBB_minus_HHB,HBB,HHB,pixel_masking,0.3,macro_f1,0.012039966413944314,0.01142123910632238,0.0032329417379755253,0.020929666501703824
HBB_minus_HHB,HBB,HHB,pixel_masking,0.3,classification_ce,-0.020443266630172728,0.02123579152134869,-0.03684203624725342,-0.004044497013092041
HBB_minus_HHB,HBB,HHB,pixel_masking,0.3,system_reconstruction_mse,-0.0018314780106836437,0.0006094073152181438,-0.0023533499900662168,-0.0013875076675415043
HBB_minus_HHB,HBB,HHB,pixel_masking,0.3,standardized_reconstruction_mse,-0.0001222522361911074,0.00033456005219532306,-0.00037402592717384887,0.00014546452580666073
HBB_minus_HHB,HBB,HHB,pixel_masking,0.3,representation_cosine,-0.001002955436706543,0.001687891805729613,-0.0021324753761291504,0.0005451560020446778
HBB_minus_HHB,HBB,HHB,pixel_masking,0.3,prediction_js_divergence,-0.006848450005054474,0.004784992854925731,-0.010393352806568145,-0.00288969986140728
HBB_minus_HHB,HBB,HHB,pixel_masking,0.3,accuracy_absolute_degradation,-0.015199999999999946,0.011394077408899733,-0.024479999999999946,-0.00686
HBB_minus_HHB,HBB,HHB,pixel_masking,0.3,accuracy_relative_degradation,-0.016378334569451203,0.01234206527316156,-0.026398042772458767,-0.007355284210093832
HBB_minus_HHB,HBB,HHB,pixel_masking,0.3,macro_f1_absolute_degradation,-0.015507394411905628,0.011518776626365622,-0.024697158049356127,-0.007283322289302685
HBB_minus_HHB,HBB,HHB,pixel_masking,0.3,system_reconstruction_mse_increase,-0.0004544293328207369,0.00042384745689180025,-0.000784849378916682,-0.00012400928672479176
HBB_minus_HHB,HBB,HHB,pixel_masking,0.3,standardized_reconstruction_mse_increase,0.0011341622508302027,0.0005081582649777297,0.0007612735196716959,0.001549951005079308
HBB_minus_HHB,HBB,HHB,pixel_masking,0.4,accuracy,0.020439999999999993,0.017830675814449685,0.006439999999999957,0.03402000000000001
HBB_minus_HHB,HBB,HHB,pixel_masking,0.4,macro_f1,0.020751483923901515,0.017718635995580108,0.00705438086177026,0.03444858698603277
HBB_minus_HHB,HBB,HHB,pixel_masking,0.4,classification_ce,-0.044643747806549075,0.03776442163804263,-0.07386203408241272,-0.015425461530685424
HBB_minus_HHB,HBB,HHB,pixel_masking,0.4,system_reconstruction_mse,-0.0023851343956772146,0.0009627044227170572,-0.0031836081687771516,-0.0016754748293818247
HBB_minus_HHB,HBB,HHB,pixel_masking,0.4,standardized_reconstruction_mse,-9.750064382747503e-05,0.000365190776283034,-0.0003780464413701237,0.00018304515371517365
HBB_minus_HHB,HBB,HHB,pixel_masking,0.4,representation_cosine,-0.0009191274642944336,0.002555709398572271,-0.0027803659439086916,0.001337432861328125
HBB_minus_HHB,HBB,HHB,pixel_masking,0.4,prediction_js_divergence,-0.013124866783618927,0.009352315609542942,-0.01984703540802002,-0.005548206716775894
HBB_minus_HHB,HBB,HHB,pixel_masking,0.4,accuracy_absolute_degradation,-0.023919999999999986,0.018063416066735574,-0.03728000000000002,-0.008979999999999965
HBB_minus_HHB,HBB,HHB,pixel_masking,0.4,accuracy_relative_degradation,-0.02571843111480441,0.019579590785923206,-0.04032082696343997,-0.00955181769940297
HBB_minus_HHB,HBB,HHB,pixel_masking,0.4,macro_f1_absolute_degradation,-0.02421891192186283,0.01799999355614716,-0.03822189505894082,-0.010332336744676152
HBB_minus_HHB,HBB,HHB,pixel_masking,0.4,system_reconstruction_mse_increase,-0.0010080857178143075,0.0008840711921799474,-0.001705683028843935,-0.00031048840678468
HBB_minus_HHB,HBB,HHB,pixel_masking,0.4,standardized_reconstruction_mse_increase,0.0011589138431938352,0.0006488915461884935,0.0006739535160453988,0.001644791000327287
HBB_minus_HHB,HBB,HHB,salt_pepper,0.1,accuracy,-0.05738000000000001,0.07752336422008525,-0.11374,0.00961999999999994
HBB_minus_HHB,HBB,HHB,salt_pepper,0.1,macro_f1,-0.06299163269293022,0.08765370531339146,-0.12591267207769286,0.01291066038321973
HBB_minus_HHB,HBB,HHB,salt_pepper,0.1,classification_ce,0.32229262590408325,0.43204986141240664,-0.024884796142578124,0.6743640065193176
HBB_minus_HHB,HBB,HHB,salt_pepper,0.1,system_reconstruction_mse,0.003034655113609469,0.0017174127768648422,0.0016200291937224713,0.004423888837464002
HBB_minus_HHB,HBB,HHB,salt_pepper,0.1,standardized_reconstruction_mse,0.0027594040668254003,0.0021575639147556444,0.00115920278432418,0.004586790213682215
HBB_minus_HHB,HBB,HHB,salt_pepper,0.1,representation_cosine,-0.010324251651763917,0.006520000813729218,-0.015895283222198485,-0.0056732773780822756
HBB_minus_HHB,HBB,HHB,salt_pepper,0.1,prediction_js_divergence,0.0364873930811882,0.04793249120540062,-0.004403702914714813,0.0726684957742691
HBB_minus_HHB,HBB,HHB,salt_pepper,0.1,accuracy_absolute_degradation,0.05390000000000002,0.07753009093248889,-0.011999999999999945,0.10998000000000001
HBB_minus_HHB,HBB,HHB,salt_pepper,0.1,accuracy_relative_degradation,0.05962342266503249,0.08460593599073224,-0.012533316924536525,0.12097593161018391
HBB_minus_HHB,HBB,HHB,salt_pepper,0.1,macro_f1_absolute_degradation,0.059524204694968906,0.08773366602933777,-0.015238176293026928,0.12229482606186248
HBB_minus_HHB,HBB,HHB,salt_pepper,0.1,system_reconstruction_mse_increase,0.004411703791472375,0.002000699896613617,0.002738146548757747,0.005941276899454544
HBB_minus_HHB,HBB,HHB,salt_pepper,0.1,standardized_reconstruction_mse_increase,0.004015818553846711,0.002400430157024112,0.002062006771126572,0.005982935420639662
HBB_minus_HHB,HBB,HHB,salt_pepper,0.2,accuracy,-0.011099999999999999,0.1019717117636063,-0.08254000000000002,0.08024
HBB_minus_HHB,HBB,HHB,salt_pepper,0.2,macro_f1,-0.011022142733636752,0.12305507475213047,-0.0956515305902684,0.10010032006879485
HBB_minus_HHB,HBB,HHB,salt_pepper,0.2,classification_ce,0.12580204010009766,0.8876271574901596,-0.6374077558517456,0.7927074670791626
HBB_minus_HHB,HBB,HHB,salt_pepper,0.2,system_reconstruction_mse,0.00014362226758684316,0.0025519642154416947,-0.001975558349453674,0.0018864329209619627
HBB_minus_HHB,HBB,HHB,salt_pepper,0.2,standardized_reconstruction_mse,-0.0016354675573232239,0.0039219873140159955,-0.004589599988509198,0.0015254156027034824
HBB_minus_HHB,HBB,HHB,salt_pepper,0.2,representation_cosine,-0.0021477699279785155,0.008635922798608866,-0.009440314769744874,0.004043984413146973
HBB_minus_HHB,HBB,HHB,salt_pepper,0.2,prediction_js_divergence,0.006329485774040222,0.06958168713349215,-0.05552312433719635,0.05578900575637817
HBB_minus_HHB,HBB,HHB,salt_pepper,0.2,accuracy_absolute_degradation,0.007620000000000004,0.10167805564624063,-0.08296,0.07732000000000003
HBB_minus_HHB,HBB,HHB,salt_pepper,0.2,accuracy_relative_degradation,0.009822467362503811,0.11097985323296995,-0.08920553464326063,0.08662071148564152
HBB_minus_HHB,HBB,HHB,salt_pepper,0.2,macro_f1_absolute_degradation,0.007554714735675439,0.12271971192304135,-0.10242783597860206,0.09004044223897892
HBB_minus_HHB,HBB,HHB,salt_pepper,0.2,system_reconstruction_mse_increase,0.0015206709454497515,0.0028717884231490003,-0.0008916574921899901,0.0034604734777431098
HBB_minus_HHB,HBB,HHB,salt_pepper,0.2,standardized_reconstruction_mse_increase,-0.0003790530703019143,0.004109671761193435,-0.0032579805718636044,0.003017218183984559
HBB_minus_HHB,HBB,HHB,salt_pepper,0.3,accuracy,0.032240000000000005,0.1107613335058765,-0.044379999999999996,0.12182
HBB_minus_HHB,HBB,HHB,salt_pepper,0.3,macro_f1,0.04590010209782704,0.14265741308719734,-0.05099619891428274,0.1727609606627895
HBB_minus_HHB,HBB,HHB,salt_pepper,0.3,classification_ce,-0.4506787061691284,1.27989241054377,-1.4765344381332397,0.49580039978027346
HBB_minus_HHB,HBB,HHB,salt_pepper,0.3,system_reconstruction_mse,-0.007247387060048631,0.0021846812376329224,-0.00895468258137606,-0.005563917633368045
HBB_minus_HHB,HBB,HHB,salt_pepper,0.3,standardized_reconstruction_mse,-0.011278209091497925,0.004859331347446301,-0.014989263525203777,-0.007497490201677591
HBB_minus_HHB,HBB,HHB,salt_pepper,0.3,representation_cosine,0.008324515819549561,0.010144067362749339,8.485317230224609e-05,0.015746235847473145
HBB_minus_HHB,HBB,HHB,salt_pepper,0.3,prediction_js_divergence,-0.028402054309844972,0.0779947881960456,-0.09189856052398682,0.026502907276153564
HBB_minus_HHB,HBB,HHB,salt_pepper,0.3,accuracy_absolute_degradation,-0.03572000000000001,0.11075094581988906,-0.12584000000000004,0.04068000000000001
HBB_minus_HHB,HBB,HHB,salt_pepper,0.3,accuracy_relative_degradation,-0.036874857631695054,0.12068205941941043,-0.1346686138265452,0.04646020609068937
HBB_minus_HHB,HBB,HHB,salt_pepper,0.3,macro_f1_absolute_degradation,-0.04936753009578837,0.1425728508963892,-0.17624012748443937,0.04982275841647392
HBB_minus_HHB,HBB,HHB,salt_pepper,0.3,system_reconstruction_mse_increase,-0.005870338382185723,0.0024991463154879975,-0.007841814618499915,-0.0039594945285758186
HBB_minus_HHB,HBB,HHB,salt_pepper,0.3,standardized_reconstruction_mse_increase,-0.010021794604476615,0.004953580651719282,-0.013701582596058748,-0.006175481808136918
HBB_minus_HHB,HBB,HHB,salt_pepper,0.4,accuracy,0.04853999999999999,0.09869348002781135,-0.02398000000000001,0.13297999999999996
HBB_minus_HHB,HBB,HHB,salt_pepper,0.4,macro_f1,0.07776595679290513,0.12800794878255312,-0.012038567770384357,0.18698392069841718
HBB_minus_HHB,HBB,HHB,salt_pepper,0.4,classification_ce,-1.2120244026184082,1.6121898950006972,-2.5159119606018066,-0.04680213928222656
HBB_minus_HHB,HBB,HHB,salt_pepper,0.4,system_reconstruction_mse,-0.016580079390856685,0.0030738188104654273,-0.018860724582282867,-0.014114803616270724
HBB_minus_HHB,HBB,HHB,salt_pepper,0.4,standardized_reconstruction_mse,-0.022680706460135324,0.006124000803682856,-0.02766242000813387,-0.01810431813609844
HBB_minus_HHB,HBB,HHB,salt_pepper,0.4,representation_cosine,0.01722177267074585,0.011873220299280809,0.007868385314941407,0.027080070972442628
HBB_minus_HHB,HBB,HHB,salt_pepper,0.4,prediction_js_divergence,-0.049116799235343934,0.07412223010127521,-0.11326172053813935,0.004773473739624024
HBB_minus_HHB,HBB,HHB,salt_pepper,0.4,accuracy_absolute_degradation,-0.05201999999999999,0.09905045179099385,-0.1357,0.0215
HBB_minus_HHB,HBB,HHB,salt_pepper,0.4,accuracy_relative_degradation,-0.05424990480144837,0.10764167297869072,-0.145913194447047,0.02514553660375456
HBB_minus_HHB,HBB,HHB,salt_pepper,0.4,macro_f1_absolute_degradation,-0.08123338479086643,0.12834445405061337,-0.19046308752006708,0.00971347636073292
HBB_minus_HHB,HBB,HHB,salt_pepper,0.4,system_reconstruction_mse_increase,-0.015203030712993776,0.0031703076612562844,-0.01755466688681621,-0.012774513663905012
HBB_minus_HHB,HBB,HHB,salt_pepper,0.4,standardized_reconstruction_mse_increase,-0.021424291973114018,0.0061171396829524365,-0.02628698729164746,-0.016782309742557767
BBB_minus_HHB,BBB,HHB,clean,0.0,accuracy,-0.004019999999999979,0.004655856526999108,-0.008160000000000011,-0.001059999999999972
BBB_minus_HHB,BBB,HHB,clean,0.0,macro_f1,-0.004126338691049813,0.00476261075816972,-0.008376566542927821,-0.0010702655483455948
BBB_minus_HHB,BBB,HHB,clean,0.0,classification_ce,0.00531238317489624,0.0048768481878906905,0.0014801025390625,0.009219753742218017
BBB_minus_HHB,BBB,HHB,clean,0.0,system_reconstruction_mse,-0.001445945775995449,0.0003137721515043761,-0.0016714772209829212,-0.001160822482595638
BBB_minus_HHB,BBB,HHB,clean,0.0,standardized_reconstruction_mse,-0.0013341779565811157,0.00024192852402812664,-0.0015044108326094491,-0.00113201966310034
BBB_minus_HHB,BBB,HHB,clean,0.0,representation_cosine,0.0,0.0,0.0,0.0
BBB_minus_HHB,BBB,HHB,clean,0.0,prediction_js_divergence,0.0,0.0,0.0,0.0
BBB_minus_HHB,BBB,HHB,clean,0.0,accuracy_absolute_degradation,0.0,0.0,0.0,0.0
BBB_minus_HHB,BBB,HHB,clean,0.0,accuracy_relative_degradation,0.0,0.0,0.0,0.0
BBB_minus_HHB,BBB,HHB,clean,0.0,macro_f1_absolute_degradation,0.0,0.0,0.0,0.0
BBB_minus_HHB,BBB,HHB,clean,0.0,system_reconstruction_mse_increase,0.0,0.0,0.0,0.0
BBB_minus_HHB,BBB,HHB,clean,0.0,standardized_reconstruction_mse_increase,0.0,0.0,0.0,0.0
BBB_minus_HHB,BBB,HHB,gaussian,0.1,accuracy,0.00043999999999999595,0.012057279958597605,-0.008599999999999986,0.009899999999999975
BBB_minus_HHB,BBB,HHB,gaussian,0.1,macro_f1,-0.0005356016416363518,0.010670644797311193,-0.008372633308790655,0.008344607782273705
BBB_minus_HHB,BBB,HHB,gaussian,0.1,classification_ce,-0.02533414363861084,0.03424361814400745,-0.051287871599197385,0.000619584321975708
BBB_minus_HHB,BBB,HHB,gaussian,0.1,system_reconstruction_mse,-0.00284688018137095,0.0003098285333482156,-0.003084543716664217,-0.002609216646077682
BBB_minus_HHB,BBB,HHB,gaussian,0.1,standardized_reconstruction_mse,-0.0030491255364126085,0.0005956281368541575,-0.0035109042140415735,-0.0025873468587836444
BBB_minus_HHB,BBB,HHB,gaussian,0.1,representation_cosine,0.004419410228729248,0.001715294922302833,0.0033280611038208007,0.0059019684791564945
BBB_minus_HHB,BBB,HHB,gaussian,0.1,prediction_js_divergence,-0.004663727059960365,0.006635778673213331,-0.009797554463148117,0.0004701003432273865
BBB_minus_HHB,BBB,HHB,gaussian,0.1,accuracy_absolute_degradation,-0.004459999999999975,0.01074537109643032,-0.01237999999999997,0.004620000000000046
BBB_minus_HHB,BBB,HHB,gaussian,0.1,accuracy_relative_degradation,-0.00474531720324399,0.01170973812034625,-0.013397910245376569,0.005105928821054323
BBB_minus_HHB,BBB,HHB,gaussian,0.1,macro_f1_absolute_degradation,-0.0035907370494134617,0.009358970727301252,-0.010129965368942262,0.004368836415283095
BBB_minus_HHB,BBB,HHB,gaussian,0.1,system_reconstruction_mse_increase,-0.0014009344053755003,0.0006043247245463981,-0.0019145872726245802,-0.0009768367665641165
BBB_minus_HHB,BBB,HHB,gaussian,0.1,standardized_reconstruction_mse_increase,-0.0017149475798314928,0.0006870364056106635,-0.0022424617606766365,-0.0011824081348886292
BBB_minus_HHB,BBB,HHB,gaussian,0.2,accuracy,0.03091999999999997,0.05953832379232725,-0.013980000000000038,0.07931999999999999
BBB_minus_HHB,BBB,HHB,gaussian,0.2,macro_f1,0.028430908781565224,0.06093747205564672,-0.017060905494522216,0.07714089566407842
BBB_minus_HHB,BBB,HHB,gaussian,0.2,classification_ce,-0.129141902923584,0.15958481072112385,-0.2659506261348724,-0.01593385934829712
BBB_minus_HHB,BBB,HHB,gaussian,0.2,system_reconstruction_mse,-0.006249936995798228,0.0010857298495608007,-0.007084933011191232,-0.005414940980405223
BBB_minus_HHB,BBB,HHB,gaussian,0.2,standardized_reconstruction_mse,-0.007493310143996258,0.0019588555698341814,-0.008944532897326411,-0.0058615037053945124
BBB_minus_HHB,BBB,HHB,gaussian,0.2,representation_cosine,0.010528755187988282,0.006069835525943563,0.006286096572875976,0.01576908826828003
BBB_minus_HHB,BBB,HHB,gaussian,0.2,prediction_js_divergence,-0.019300124049186705,0.027958615710888472,-0.04109545648097992,0.0021135151386260987
BBB_minus_HHB,BBB,HHB,gaussian,0.2,accuracy_absolute_degradation,-0.03493999999999995,0.060500727268356064,-0.08211999999999997,0.011700000000000066
BBB_minus_HHB,BBB,HHB,gaussian,0.2,accuracy_relative_degradation,-0.03759516393585735,0.06584145093645412,-0.08924530845754167,0.013039870645831472
BBB_minus_HHB,BBB,HHB,gaussian,0.2,macro_f1_absolute_degradation,-0.032557247472615035,0.06163237125915853,-0.07994881103549312,0.014672216626541501
BBB_minus_HHB,BBB,HHB,gaussian,0.2,system_reconstruction_mse_increase,-0.004803991219802779,0.0013323304342059514,-0.005830137324430507,-0.0037825611008916577
BBB_minus_HHB,BBB,HHB,gaussian,0.2,standardized_reconstruction_mse_increase,-0.006159132187415143,0.002007684042038256,-0.0076471905703447305,-0.0044740856447025214
BBB_minus_HHB,BBB,HHB,gaussian,0.3,accuracy,0.08224000000000001,0.09665639140791467,0.005420000000000003,0.15906
BBB_minus_HHB,BBB,HHB,gaussian,0.3,macro_f1,0.08702427949323925,0.10340638817069313,0.007672697007706253,0.16637586197877224
BBB_minus_HHB,BBB,HHB,gaussian,0.3,classification_ce,-0.4182921528816223,0.4394961078946004,-0.743350601196289,-0.09323370456695557
BBB_minus_HHB,BBB,HHB,gaussian,0.3,system_reconstruction_mse,-0.01172909850451411,0.0019454249084981052,-0.013465633743441835,-0.010425356644221714
BBB_minus_HHB,BBB,HHB,gaussian,0.3,standardized_reconstruction_mse,-0.015177419672985467,0.004227419608604388,-0.018729587989729284,-0.012082116787968852
BBB_minus_HHB,BBB,HHB,gaussian,0.3,representation_cosine,0.015023159980773925,0.011137439595710244,0.006909561157226562,0.02462630271911621
BBB_minus_HHB,BBB,HHB,gaussian,0.3,prediction_js_divergence,-0.04811499416828156,0.056518665533691295,-0.09255329072475434,-0.003676697611808777
BBB_minus_HHB,BBB,HHB,gaussian,0.3,accuracy_absolute_degradation,-0.08625999999999998,0.09889667840731559,-0.16482,-0.007699999999999973
BBB_minus_HHB,BBB,HHB,gaussian,0.3,accuracy_relative_degradation,-0.09288375818628362,0.1071394019069122,-0.17803570608610866,-0.007731810286458585
BBB_minus_HHB,BBB,HHB,gaussian,0.3,macro_f1_absolute_degradation,-0.09115061818428907,0.10538594061357551,-0.17223985049289117,-0.010061385875686968
BBB_minus_HHB,BBB,HHB,gaussian,0.3,system_reconstruction_mse_increase,-0.01028315272851866,0.0020170988872152767,-0.012044011753529918,-0.008907322599790535
BBB_minus_HHB,BBB,HHB,gaussian,0.3,standardized_reconstruction_mse_increase,-0.013843241716404353,0.004185883595977514,-0.01725898724288357,-0.010710421792536371
BBB_minus_HHB,BBB,HHB,gaussian,0.4,accuracy,0.10175999999999999,0.11204319702686104,0.013219999999999999,0.1903
BBB_minus_HHB,BBB,HHB,gaussian,0.4,macro_f1,0.11951839740702042,0.1183602259008609,0.02640633335941005,0.20945871842476346
BBB_minus_HHB,BBB,HHB,gaussian,0.4,classification_ce,-0.8871151089668274,0.7957403613814628,-1.4931399345397949,-0.2810902833938599
BBB_minus_HHB,BBB,HHB,gaussian,0.4,system_reconstruction_mse,-0.018585015301607093,0.003557907865779584,-0.021485081292755753,-0.016070945775557538
BBB_minus_HHB,BBB,HHB,gaussian,0.4,standardized_reconstruction_mse,-0.024710292708727776,0.007128644876286706,-0.030929369815904263,-0.019727575217266473
BBB_minus_HHB,BBB,HHB,gaussian,0.4,representation_cosine,0.017766392230987547,0.015488503491033279,0.006247186660766601,0.031033825874328614
BBB_minus_HHB,BBB,HHB,gaussian,0.4,prediction_js_divergence,-0.06832319796085358,0.07227902382767595,-0.12466744780540466,-0.01197894811630249
BBB_minus_HHB,BBB,HHB,gaussian,0.4,accuracy_absolute_degradation,-0.10577999999999999,0.11431687102086026,-0.19605999999999996,-0.015499999999999969
BBB_minus_HHB,BBB,HHB,gaussian,0.4,accuracy_relative_degradation,-0.11350972994275303,0.12355898281278066,-0.21114397744847677,-0.015875482437029253
BBB_minus_HHB,BBB,HHB,gaussian,0.4,macro_f1_absolute_degradation,-0.12364473609807022,0.12074961565482006,-0.2153227069388824,-0.02761893834319451
BBB_minus_HHB,BBB,HHB,gaussian,0.4,system_reconstruction_mse_increase,-0.017139069525611644,0.0034800855617978838,-0.020118413339585674,-0.014724766675793394
BBB_minus_HHB,BBB,HHB,gaussian,0.4,standardized_reconstruction_mse_increase,-0.02337611475214666,0.00703796226121968,-0.02951051664556776,-0.018480895019599368
BBB_minus_HHB,BBB,HHB,pixel_masking,0.1,accuracy,-0.0025399999999999867,0.004705634919965612,-0.006419999999999981,0.0009600000000000053
BBB_minus_HHB,BBB,HHB,pixel_masking,0.1,macro_f1,-0.0026029521782964917,0.004768814735038088,-0.006511257842150497,0.0009402037320224377
BBB_minus_HHB,BBB,HHB,pixel_masking,0.1,classification_ce,0.0038792014122009276,0.0070580583538780535,-0.001378035545349121,0.009633362293243408
BBB_minus_HHB,BBB,HHB,pixel_masking,0.1,system_reconstruction_mse,-0.0017055136626107352,0.0004082486233357048,-0.0020535954888012942,-0.0014112978783432316
BBB_minus_HHB,BBB,HHB,pixel_masking,0.1,standardized_reconstruction_mse,-0.0012590780760317426,0.0007510748900314197,-0.0018320656466970634,-0.0006860905053664221
BBB_minus_HHB,BBB,HHB,pixel_masking,0.1,representation_cosine,-0.0003093600273132324,0.0005466028852144498,-0.0006434440612792969,0.00016829967498779296
BBB_minus_HHB,BBB,HHB,pixel_masking,0.1,prediction_js_divergence,-0.0010083843022584914,0.0006702609938494511,-0.0015555902384221554,-0.0005027448758482933
BBB_minus_HHB,BBB,HHB,pixel_masking,0.1,accuracy_absolute_degradation,-0.0014799999999999924,0.0022785960589801887,-0.0028999999999999694,0.0005600000000000272
BBB_minus_HHB,BBB,HHB,pixel_masking,0.1,accuracy_relative_degradation,-0.001572636010660601,0.0024727541887322657,-0.0031268560921846682,0.0006238083595782786
BBB_minus_HHB,BBB,HHB,pixel_masking,0.1,macro_f1_absolute_degradation,-0.0015233865127533218,0.002287901363899567,-0.0029223688616978106,0.0005530482343577559
BBB_minus_HHB,BBB,HHB,pixel_masking,0.1,system_reconstruction_mse_increase,-0.0002595678866152861,0.0003406177691631665,-0.000517147165950464,1.3095183275182652e-06
BBB_minus_HHB,BBB,HHB,pixel_masking,0.1,standardized_reconstruction_mse_increase,7.509988054937317e-05,0.0006238969337024588,-0.0003646090236002077,0.0005793997116964696
BBB_minus_HHB,BBB,HHB,pixel_masking,0.2,accuracy,0.0032200000000000228,0.005353223328051972,-0.0008199999999999541,0.007580000000000031
BBB_minus_HHB,BBB,HHB,pixel_masking,0.2,macro_f1,0.0031457291274463286,0.00534994896176176,-0.0009133619575737439,0.0074187261302584686
BBB_minus_HHB,BBB,HHB,pixel_masking,0.2,classification_ce,-0.0060692310333251955,0.009339831899164538,-0.013191938400268555,0.0013891518115997314
BBB_minus_HHB,BBB,HHB,pixel_masking,0.2,system_reconstruction_mse,-0.0021874610585582497,0.0008502697929499063,-0.002817136483484385,-0.0015046295640906509
BBB_minus_HHB,BBB,HHB,pixel_masking,0.2,standardized_reconstruction_mse,-0.0012564882679374847,0.0014880003191115587,-0.002328991622146295,-8.898364865050009e-05
BBB_minus_HHB,BBB,HHB,pixel_masking,0.2,representation_cosine,-0.0007234096527099609,0.0012727298034497245,-0.0015259742736816405,0.0003823280334472656
BBB_minus_HHB,BBB,HHB,pixel_masking,0.2,prediction_js_divergence,-0.0034114811569452286,0.0020459057382417115,-0.005001125484704971,-0.0018218368291854858
BBB_minus_HHB,BBB,HHB,pixel_masking,0.2,accuracy_absolute_degradation,-0.007240000000000002,0.005780397910178833,-0.011559999999999992,-0.00266000000000004
BBB_minus_HHB,BBB,HHB,pixel_masking,0.2,accuracy_relative_degradation,-0.007781517669296825,0.00623720986941658,-0.012469579306348597,-0.0028187640028443316
BBB_minus_HHB,BBB,HHB,pixel_masking,0.2,macro_f1_absolute_degradation,-0.007272067818496142,0.005876557684590426,-0.011555050070820538,-0.0025160601550045627
BBB_minus_HHB,BBB,HHB,pixel_masking,0.2,system_reconstruction_mse_increase,-0.0007415152825628008,0.0008875081978362756,-0.0014307825559012745,-5.2248009224327084e-05
BBB_minus_HHB,BBB,HHB,pixel_masking,0.2,standardized_reconstruction_mse_increase,7.768968864363124e-05,0.001406036333630302,-0.0009120785484508585,0.0012886581454471667
BBB_minus_HHB,BBB,HHB,pixel_masking,0.3,accuracy,0.011159999999999993,0.010344950459040348,0.0032200000000000228,0.01909999999999996
BBB_minus_HHB,BBB,HHB,pixel_masking,0.3,macro_f1,0.011056307317457015,0.010049370725031828,0.0032759068104332824,0.01883670782448075
BBB_minus_HHB,BBB,HHB,pixel_masking,0.3,classification_ce,-0.02423434257507324,0.019888358729004442,-0.03959725499153137,-0.008906620740890502
BBB_minus_HHB,BBB,HHB,pixel_masking,0.3,system_reconstruction_mse,-0.0032930403900146487,0.0015617256241195767,-0.00450585185615384,-0.002080228923875458
BBB_minus_HHB,BBB,HHB,pixel_masking,0.3,standardized_reconstruction_mse,-0.001755465242814045,0.0023936121146742317,-0.003484140694287359,0.00025257898291762977
BBB_minus_HHB,BBB,HHB,pixel_masking,0.3,representation_cosine,-0.0007081270217895508,0.0021669965205585954,-0.002127814292907715,0.0011619329452514648
BBB_minus_HHB,BBB,HHB,pixel_masking,0.3,prediction_js_divergence,-0.007648291066288948,0.004574830562788236,-0.01112898848950863,-0.004085979238152504
BBB_minus_HHB,BBB,HHB,pixel_masking,0.3,accuracy_absolute_degradation,-0.015179999999999971,0.0108139724430941,-0.023479999999999925,-0.006780000000000031
BBB_minus_HHB,BBB,HHB,pixel_masking,0.3,accuracy_relative_degradation,-0.016330757954009074,0.011711748031372737,-0.025270779029155727,-0.0071049542623747505
BBB_minus_HHB,BBB,HHB,pixel_masking,0.3,macro_f1_absolute_degradation,-0.015182646008506828,0.01069492767457523,-0.023508318904787728,-0.006856973112225928
BBB_minus_HHB,BBB,HHB,pixel_masking,0.3,system_reconstruction_mse_increase,-0.0018470946140191995,0.0016285933376590594,-0.0031194979285707283,-0.0005746912994676709
BBB_minus_HHB,BBB,HHB,pixel_masking,0.3,standardized_reconstruction_mse_increase,-0.0004212872862329294,0.0023400384791991665,-0.002067227620591924,0.001576823635101319
BBB_minus_HHB,BBB,HHB,pixel_masking,0.4,accuracy,0.018179999999999974,0.01941872807369218,0.003139999999999965,0.033219999999999986
BBB_minus_HHB,BBB,HHB,pixel_masking,0.4,macro_f1,0.017633621968369196,0.0188705387706696,0.0028235506872084535,0.032443693249529934
BBB_minus_HHB,BBB,HHB,pixel_masking,0.4,classification_ce,-0.04451959729194641,0.038998047434233504,-0.07467641830444335,-0.014362776279449463
BBB_minus_HHB,BBB,HHB,pixel_masking,0.4,system_reconstruction_mse,-0.005234816590133977,0.0021667826857089995,-0.006941324160050372,-0.0035283090202175827
BBB_minus_HHB,BBB,HHB,pixel_masking,0.4,standardized_reconstruction_mse,-0.003073677136946696,0.003148027138414922,-0.005348974533081054,-0.0004061612281020775
BBB_minus_HHB,BBB,HHB,pixel_masking,0.4,representation_cosine,9.70602035522461e-05,0.003079620389469584,-0.0020052909851074217,0.002780628204345703
BBB_minus_HHB,BBB,HHB,pixel_masking,0.4,prediction_js_divergence,-0.013553468883037567,0.009202583200358952,-0.0203796848654747,-0.006242731213569641
BBB_minus_HHB,BBB,HHB,pixel_masking,0.4,accuracy_absolute_degradation,-0.022199999999999952,0.019354198510917464,-0.03683999999999994,-0.006499999999999928
BBB_minus_HHB,BBB,HHB,pixel_masking,0.4,accuracy_relative_degradation,-0.023790884337279876,0.02106402705821216,-0.039809937635597946,-0.00681213834663443
BBB_minus_HHB,BBB,HHB,pixel_masking,0.4,macro_f1_absolute_degradation,-0.021759960659419007,0.019165922635545837,-0.03608976785522992,-0.006660487015730276
BBB_minus_HHB,BBB,HHB,pixel_masking,0.4,system_reconstruction_mse_increase,-0.003788870814138528,0.002248613981906991,-0.00555497023246726,-0.0020227713958097956
BBB_minus_HHB,BBB,HHB,pixel_masking,0.4,standardized_reconstruction_mse_increase,-0.0017394991803655808,0.003107320587954857,-0.003932061459385619,0.0009599421459314791
BBB_minus_HHB,BBB,HHB,salt_pepper,0.1,accuracy,-0.050880000000000015,0.06817053615749252,-0.09397999999999998,0.009519999999999973
BBB_minus_HHB,BBB,HHB,salt_pepper,0.1,macro_f1,-0.05079592773340815,0.07591907297408103,-0.1006487941201124,0.01599109302244983
BBB_minus_HHB,BBB,HHB,salt_pepper,0.1,classification_ce,0.21319664716720582,0.32750496345956837,-0.06634705066680908,0.4486152410507202
BBB_minus_HHB,BBB,HHB,salt_pepper,0.1,system_reconstruction_mse,0.002707417164627387,0.0014098651754043997,0.001477730775171398,0.0036922273359493328
BBB_minus_HHB,BBB,HHB,salt_pepper,0.1,standardized_reconstruction_mse,0.002192130541120258,0.001960330232208064,0.000632253540194766,0.0036453272706635153
BBB_minus_HHB,BBB,HHB,salt_pepper,0.1,representation_cosine,-0.011385512351989747,0.005732340417427405,-0.01588597297668457,-0.006885051727294922
BBB_minus_HHB,BBB,HHB,salt_pepper,0.1,prediction_js_divergence,0.03156056702136993,0.040857341897340936,-0.004401047527790069,0.05841120332479477
BBB_minus_HHB,BBB,HHB,salt_pepper,0.1,accuracy_absolute_degradation,0.046860000000000034,0.06770378866799107,-0.01241999999999992,0.08831999999999998
BBB_minus_HHB,BBB,HHB,salt_pepper,0.1,accuracy_relative_degradation,0.052065758491840364,0.07398505957288726,-0.012872649275307721,0.09772322176313226
BBB_minus_HHB,BBB,HHB,salt_pepper,0.1,macro_f1_absolute_degradation,0.046669589042358336,0.07541085830947024,-0.0189132917548136,0.09483805138502673
BBB_minus_HHB,BBB,HHB,salt_pepper,0.1,system_reconstruction_mse_increase,0.0041533629406228356,0.0016042527311209607,0.002713012768297781,0.0052062320511681685
BBB_minus_HHB,BBB,HHB,salt_pepper,0.1,standardized_reconstruction_mse_increase,0.003526308497701373,0.0020191366799524745,0.002007376264941936,0.00504524073046081
BBB_minus_HHB,BBB,HHB,salt_pepper,0.2,accuracy,-0.030700000000000005,0.09285782142609206,-0.09252000000000002,0.049359999999999994
BBB_minus_HHB,BBB,HHB,salt_pepper,0.2,macro_f1,-0.027401194026699514,0.11759972753788615,-0.10990753480787321,0.07686473255732185
BBB_minus_HHB,BBB,HHB,salt_pepper,0.2,classification_ce,0.016081976890563964,0.7526194313921437,-0.6177610874176025,0.5683404684066773
BBB_minus_HHB,BBB,HHB,salt_pepper,0.2,system_reconstruction_mse,0.0003731443031466733,0.002525368951403496,-0.0017294218281337218,0.0021969785238772008
BBB_minus_HHB,BBB,HHB,salt_pepper,0.2,standardized_reconstruction_mse,-0.001861297613649955,0.004296722494391998,-0.005389303333516027,0.001355819563573718
BBB_minus_HHB,BBB,HHB,salt_pepper,0.2,representation_cosine,-0.006647217273712158,0.011056596648903924,-0.015092885494232178,0.0017323732376098634
BBB_minus_HHB,BBB,HHB,salt_pepper,0.2,prediction_js_divergence,0.014942064881324768,0.0628183123412316,-0.03946535289287567,0.058205366134643555
BBB_minus_HHB,BBB,HHB,salt_pepper,0.2,accuracy_absolute_degradation,0.026680000000000027,0.09249495661926656,-0.05213999999999998,0.08828000000000003
BBB_minus_HHB,BBB,HHB,salt_pepper,0.2,accuracy_relative_degradation,0.03083316529550765,0.10101640187660338,-0.05576070089004216,0.09786537755905744
BBB_minus_HHB,BBB,HHB,salt_pepper,0.2,macro_f1_absolute_degradation,0.023274855335649703,0.11695918830033632,-0.07881641786947371,0.10409679207278752
BBB_minus_HHB,BBB,HHB,salt_pepper,0.2,system_reconstruction_mse_increase,0.001819090079142123,0.0027240652692711274,-0.00035750371709161456,0.0037733268802993118
BBB_minus_HHB,BBB,HHB,salt_pepper,0.2,standardized_reconstruction_mse_increase,-0.000527119657068837,0.004330696244559161,-0.003993907945156099,0.0027557330233710154
BBB_minus_HHB,BBB,HHB,salt_pepper,0.3,accuracy,-0.006140000000000001,0.08568134569438088,-0.06596,0.067
BBB_minus_HHB,BBB,HHB,salt_pepper,0.3,macro_f1,0.0016385173181237777,0.12596986480998185,-0.08684162974887968,0.1145890986456207
BBB_minus_HHB,BBB,HHB,salt_pepper,0.3,classification_ce,-0.450316047668457,1.166233138897289,-1.4582123756408691,0.3888129711151123
BBB_minus_HHB,BBB,HHB,salt_pepper,0.3,system_reconstruction_mse,-0.00633801412621323,0.002702524133465019,-0.007754301687746634,-0.003894132064507931
BBB_minus_HHB,BBB,HHB,salt_pepper,0.3,standardized_reconstruction_mse,-0.010926527012416292,0.006000768791082121,-0.016014113251043825,-0.006833640027727397
BBB_minus_HHB,BBB,HHB,salt_pepper,0.3,representation_cosine,0.00022211074829101563,0.01532303085861677,-0.011124491691589355,0.012076985836029053
BBB_minus_HHB,BBB,HHB,salt_pepper,0.3,prediction_js_divergence,-0.0059559732675552365,0.06604483235679484,-0.06427815556526184,0.040653830766677855
BBB_minus_HHB,BBB,HHB,salt_pepper,0.3,accuracy_absolute_degradation,0.0021200000000000108,0.0856394009787551,-0.06933999999999998,0.062140000000000015
BBB_minus_HHB,BBB,HHB,salt_pepper,0.3,accuracy_relative_degradation,0.0046888735674128655,0.09340568285451786,-0.07409864405479968,0.0699785600084853
BBB_minus_HHB,BBB,HHB,salt_pepper,0.3,macro_f1_absolute_degradation,-0.0057648560091736025,0.1255827485188513,-0.11785920727740769,0.08291087627230194
BBB_minus_HHB,BBB,HHB,salt_pepper,0.3,system_reconstruction_mse_increase,-0.00489206835021778,0.002803391603142159,-0.006529229588508607,-0.0023549750741160627
BBB_minus_HHB,BBB,HHB,salt_pepper,0.3,standardized_reconstruction_mse_increase,-0.009592349055835175,0.005971511091155161,-0.014584907776920161,-0.0054337265679301
BBB_minus_HHB,BBB,HHB,salt_pepper,0.4,accuracy,0.003180000000000005,0.06591624989333053,-0.04391999999999998,0.05839999999999999
BBB_minus_HHB,BBB,HHB,salt_pepper,0.4,macro_f1,0.01975540006325909,0.10128111991602501,-0.0519095214921926,0.11006883957153124
BBB_minus_HHB,BBB,HHB,salt_pepper,0.4,classification_ce,-1.052453374862671,1.5391757627871956,-2.3662031650543214,0.06454038619995117
BBB_minus_HHB,BBB,HHB,salt_pepper,0.4,system_reconstruction_mse,-0.01536291279695472,0.0041999389127254615,-0.018474483432380517,-0.011910791028081158
BBB_minus_HHB,BBB,HHB,salt_pepper,0.4,standardized_reconstruction_mse,-0.02212238168366102,0.007906135056188169,-0.02914739736751635,-0.017397008003701978
BBB_minus_HHB,BBB,HHB,salt_pepper,0.4,representation_cosine,0.006542658805847168,0.018645524413954083,-0.007338321208953858,0.02115112543106079
BBB_minus_HHB,BBB,HHB,salt_pepper,0.4,prediction_js_divergence,-0.01967782974243164,0.05817165976973956,-0.06945517659187317,0.02175886034965515
BBB_minus_HHB,BBB,HHB,salt_pepper,0.4,accuracy_absolute_degradation,-0.007199999999999962,0.06633434253838655,-0.06127999999999996,0.040100000000000025
BBB_minus_HHB,BBB,HHB,salt_pepper,0.4,accuracy_relative_degradation,-0.005013401029918985,0.07203540652376993,-0.06490452669285433,0.046407523129632346
BBB_minus_HHB,BBB,HHB,salt_pepper,0.4,macro_f1_absolute_degradation,-0.023881738754308924,0.10098147370505593,-0.11333894820331825,0.04797876801561485
BBB_minus_HHB,BBB,HHB,salt_pepper,0.4,system_reconstruction_mse_increase,-0.01391696702095927,0.004128062399191887,-0.016928770980153756,-0.010496552989093633
BBB_minus_HHB,BBB,HHB,salt_pepper,0.4,standardized_reconstruction_mse_increase,-0.0207882037270799,0.00781775360871886,-0.027676796620670636,-0.015963284458140947
