seed,method_id,method,noise_type,severity,accuracy,macro_f1,classification_ce,system_reconstruction_mse,standardized_reconstruction_mse,representation_cosine,prediction_js_divergence,num_samples,num_pixels,sample_ids_sha256,accuracy_absolute_degradation,accuracy_relative_degradation,macro_f1_absolute_degradation,system_reconstruction_mse_increase,standardized_reconstruction_mse_increase,source_condition
0,full_bp,BBB,gaussian,0.0,0.916,0.9145960269319188,0.2845175266265869,0.0031431785072599137,0.003152589472459287,1.0,0.0,10000,7840000,4d596e7c4c4f2c1453e2cbc8dfc7889f58e71eb41800f7cc79393e316304fc2b,0.0,0.0,0.0,0.0,0.0,clean
1,full_bp,BBB,gaussian,0.0,0.9159,0.9147678939996118,0.2877305746078491,0.0031216802081283257,0.0032215629105665244,1.0,0.0,10000,7840000,4d596e7c4c4f2c1453e2cbc8dfc7889f58e71eb41800f7cc79393e316304fc2b,0.0,0.0,0.0,0.0,0.0,clean
2,full_bp,BBB,gaussian,0.0,0.9187,0.917345793795656,0.2792670428752899,0.0028364413565518903,0.002744810096828305,1.0,0.0,10000,7840000,4d596e7c4c4f2c1453e2cbc8dfc7889f58e71eb41800f7cc79393e316304fc2b,0.0,0.0,0.0,0.0,0.0,clean
3,full_bp,BBB,gaussian,0.0,0.9121,0.9108027183656539,0.2828608751296997,0.0028725919217479474,0.0029440364625989176,1.0,0.0,10000,7840000,4d596e7c4c4f2c1453e2cbc8dfc7889f58e71eb41800f7cc79393e316304fc2b,0.0,0.0,0.0,0.0,0.0,clean
4,full_bp,BBB,gaussian,0.0,0.9165,0.9149455936223658,0.27888384461402893,0.0040316192690207035,0.004108846951504143,1.0,0.0,10000,7840000,4d596e7c4c4f2c1453e2cbc8dfc7889f58e71eb41800f7cc79393e316304fc2b,0.0,0.0,0.0,0.0,0.0,clean
0,hybrid_hbb,HBB,gaussian,0.0,0.9143,0.9129964251041706,0.28509747982025146,0.0033406444685799737,0.0033819878354364513,1.0,0.0,10000,7840000,4d596e7c4c4f2c1453e2cbc8dfc7889f58e71eb41800f7cc79393e316304fc2b,0.0,0.0,0.0,0.0,0.0,clean
1,hybrid_hbb,HBB,gaussian,0.0,0.9175,0.9164753000567666,0.2857706844806671,0.0031175693341663905,0.003189535821214014,1.0,0.0,10000,7840000,4d596e7c4c4f2c1453e2cbc8dfc7889f58e71eb41800f7cc79393e316304fc2b,0.0,0.0,0.0,0.0,0.0,clean
2,hybrid_hbb,HBB,gaussian,0.0,0.9144,0.9133011239991106,0.2930019795894623,0.0028047950477016214,0.0027403615435775447,1.0,0.0,10000,7840000,4d596e7c4c4f2c1453e2cbc8dfc7889f58e71eb41800f7cc79393e316304fc2b,0.0,0.0,0.0,0.0,0.0,clean
3,hybrid_hbb,HBB,gaussian,0.0,0.9179,0.9164990842714044,0.27352264523506165,0.0029624178869383675,0.002943639189856393,1.0,0.0,10000,7840000,4d596e7c4c4f2c1453e2cbc8dfc7889f58e71eb41800f7cc79393e316304fc2b,0.0,0.0,0.0,0.0,0.0,clean
4,hybrid_hbb,HBB,gaussian,0.0,0.9178,0.9164806467491966,0.27862468361854553,0.004124570015985139,0.0043051388516718025,1.0,0.0,10000,7840000,4d596e7c4c4f2c1453e2cbc8dfc7889f58e71eb41800f7cc79393e316304fc2b,0.0,0.0,0.0,0.0,0.0,clean
0,hybrid_hhb,HHB,gaussian,0.0,0.9187,0.917342610948835,0.27857092022895813,0.004608535650311684,0.00447359258009463,1.0,0.0,10000,7840000,4d596e7c4c4f2c1453e2cbc8dfc7889f58e71eb41800f7cc79393e316304fc2b,0.0,0.0,0.0,0.0,0.0,clean
1,hybrid_hhb,HHB,gaussian,0.0,0.9163,0.9150632313422176,0.28453004360198975,0.00490414298894454,0.004787191174954784,1.0,0.0,10000,7840000,4d596e7c4c4f2c1453e2cbc8dfc7889f58e71eb41800f7cc79393e316304fc2b,0.0,0.0,0.0,0.0,0.0,clean
2,hybrid_hhb,HHB,gaussian,0.0,0.9196,0.9183528283154561,0.2728135883808136,0.004344133953658902,0.00424897635907543,1.0,0.0,10000,7840000,4d596e7c4c4f2c1453e2cbc8dfc7889f58e71eb41800f7cc79393e316304fc2b,0.0,0.0,0.0,0.0,0.0,clean
3,hybrid_hhb,HHB,gaussian,0.0,0.924,0.9229492486751099,0.27071261405944824,0.00441723254116214,0.0042791522960273585,1.0,0.0,10000,7840000,4d596e7c4c4f2c1453e2cbc8dfc7889f58e71eb41800f7cc79393e316304fc2b,0.0,0.0,0.0,0.0,0.0,clean
4,hybrid_hhb,HHB,gaussian,0.0,0.9207,0.9193818008888368,0.28007078170776367,0.004961195008608759,0.005053823266710554,1.0,0.0,10000,7840000,4d596e7c4c4f2c1453e2cbc8dfc7889f58e71eb41800f7cc79393e316304fc2b,0.0,0.0,0.0,0.0,0.0,clean
0,full_hebbian,HHH,gaussian,0.0,0.8978,0.8963436886563901,0.35383105278015137,0.018587339352588265,0.018783687848460916,1.0,0.0,10000,7840000,4d596e7c4c4f2c1453e2cbc8dfc7889f58e71eb41800f7cc79393e316304fc2b,0.0,0.0,0.0,0.0,0.0,clean
1,full_hebbian,HHH,gaussian,0.0,0.9066,0.9054167924395451,0.31239187717437744,0.016608576688961107,0.0165956913578267,1.0,0.0,10000,7840000,4d596e7c4c4f2c1453e2cbc8dfc7889f58e71eb41800f7cc79393e316304fc2b,0.0,0.0,0.0,0.0,0.0,clean
2,full_hebbian,HHH,gaussian,0.0,0.8864,0.8849496878670783,0.37001922726631165,0.020250216530780404,0.02038676988251355,1.0,0.0,10000,7840000,4d596e7c4c4f2c1453e2cbc8dfc7889f58e71eb41800f7cc79393e316304fc2b,0.0,0.0,0.0,0.0,0.0,clean
3,full_hebbian,HHH,gaussian,0.0,0.889,0.8875681968449637,0.36875084042549133,0.019642290076430962,0.01962399306394616,1.0,0.0,10000,7840000,4d596e7c4c4f2c1453e2cbc8dfc7889f58e71eb41800f7cc79393e316304fc2b,0.0,0.0,0.0,0.0,0.0,clean
4,full_hebbian,HHH,gaussian,0.0,0.8907,0.8893695955555307,0.3712993562221527,0.01741169210745364,0.018054033372840103,1.0,0.0,10000,7840000,4d596e7c4c4f2c1453e2cbc8dfc7889f58e71eb41800f7cc79393e316304fc2b,0.0,0.0,0.0,0.0,0.0,clean
0,full_bp,BBB,gaussian,0.1,0.8943,0.8931782547165158,0.3407948613166809,0.0053144347468200995,0.005363511459194884,0.9943364262580872,0.014704094268381596,10000,7840000,4d596e7c4c4f2c1453e2cbc8dfc7889f58e71eb41800f7cc79393e316304fc2b,0.021700000000000053,0.023689956331877787,0.021417772215402975,0.002171256239560186,0.002210921986735597,gaussian
0,full_bp,BBB,gaussian,0.2,0.8278,0.8257822852544425,0.5127744674682617,0.011310444691716407,0.011398562472207205,0.9788244366645813,0.05913903936743736,10000,7840000,4d596e7c4c4f2c1453e2cbc8dfc7889f58e71eb41800f7cc79393e316304fc2b,0.08820000000000006,0.09628820960698696,0.08881374167747624,0.008167266184456495,0.008245972999747917,gaussian
0,full_bp,BBB,gaussian,0.3,0.7193,0.712103881851315,0.8077101707458496,0.02003472392023826,0.020117321316076783,0.9584751129150391,0.1250661313533783,10000,7840000,4d596e7c4c4f2c1453e2cbc8dfc7889f58e71eb41800f7cc79393e316304fc2b,0.19669999999999999,0.21473799126637552,0.20249214508060376,0.016891545412978347,0.016964731843617496,gaussian
0,full_bp,BBB,gaussian,0.4,0.5814,0.5665112795736038,1.242324948310852,0.030907161681506097,0.03103987141434027,0.9369511604309082,0.20751860737800598,10000,7840000,4d596e7c4c4f2c1453e2cbc8dfc7889f58e71eb41800f7cc79393e316304fc2b,0.3346,0.36528384279475984,0.34808474735831496,0.027763983174246182,0.027887281941880983,gaussian
0,full_hebbian,HHH,gaussian,0.1,0.8387,0.8393613794486479,0.5144965648651123,0.023439964987307178,0.023091355724723973,0.999973714351654,0.044917646795511246,10000,7840000,4d596e7c4c4f2c1453e2cbc8dfc7889f58e71eb41800f7cc79393e316304fc2b,0.05910000000000004,0.06582757852528406,0.05698230920774228,0.004852625634718912,0.004307667876263056,gaussian
0,full_hebbian,HHH,gaussian,0.2,0.6373,0.6404635138297636,1.1430574655532837,0.034561713522307726,0.03351878947822415,0.9999198317527771,0.16331613063812256,10000,7840000,4d596e7c4c4f2c1453e2cbc8dfc7889f58e71eb41800f7cc79393e316304fc2b,0.26050000000000006,0.2901537090666073,0.2558801748266265,0.01597437416971946,0.014735101629763232,gaussian
0,full_hebbian,HHH,gaussian,0.3,0.4384,0.41787970637947425,2.238407850265503,0.050257813589913505,0.04864040936839824,0.9998543858528137,0.2883824110031128,10000,7840000,4d596e7c4c4f2c1453e2cbc8dfc7889f58e71eb41800f7cc79393e316304fc2b,0.45940000000000003,0.5116952550679439,0.4784639822769159,0.03167047423732524,0.02985672151993732,gaussian
0,full_hebbian,HHH,gaussian,0.4,0.3127,0.26006371027921454,3.814615249633789,0.06925770571183185,0.06779648318388024,0.9997843503952026,0.3898579180240631,10000,7840000,4d596e7c4c4f2c1453e2cbc8dfc7889f58e71eb41800f7cc79393e316304fc2b,0.5851000000000001,0.6517041657384719,0.6362799783771755,0.05067036635924358,0.049012795335419315,gaussian
0,hybrid_hhb,HHB,gaussian,0.1,0.9084,0.9066344591273179,0.3258833587169647,0.008336017645621786,0.008610737526173494,0.9897222518920898,0.011917353607714176,10000,7840000,4d596e7c4c4f2c1453e2cbc8dfc7889f58e71eb41800f7cc79393e316304fc2b,0.010299999999999976,0.011211494503102184,0.010708151821517076,0.003727481995310102,0.004137144946078864,gaussian
0,hybrid_hhb,HHB,gaussian,0.2,0.8615,0.8590230223596359,0.4715334475040436,0.018715720540650037,0.019889690083873514,0.9672800898551941,0.048393767327070236,10000,7840000,4d596e7c4c4f2c1453e2cbc8dfc7889f58e71eb41800f7cc79393e316304fc2b,0.05719999999999992,0.062261891803635484,0.058319588589199056,0.014107184890338353,0.015416097503778883,gaussian
0,hybrid_hhb,HHB,gaussian,0.3,0.734,0.7276871221377359,0.8046330809593201,0.034956866501788704,0.037532612516442125,0.9410220980644226,0.11874905973672867,10000,7840000,4d596e7c4c4f2c1453e2cbc8dfc7889f58e71eb41800f7cc79393e316304fc2b,0.18469999999999998,0.2010449548274736,0.18965548881109906,0.03034833085147702,0.033059019936347495,gaussian
0,hybrid_hhb,HHB,gaussian,0.4,0.5789,0.5473151191367611,1.3387600183486938,0.05502293902027364,0.05886392668120715,0.9152464866638184,0.2059047818183899,10000,7840000,4d596e7c4c4f2c1453e2cbc8dfc7889f58e71eb41800f7cc79393e316304fc2b,0.3398,0.36987046914117777,0.37002749181207384,0.05041440336996195,0.05439033410111252,gaussian
0,hybrid_hbb,HBB,gaussian,0.1,0.8988,0.8975695987735849,0.3338005840778351,0.005436062236708038,0.0055426487684249875,0.994196891784668,0.012880468741059303,10000,7840000,4d596e7c4c4f2c1453e2cbc8dfc7889f58e71eb41800f7cc79393e316304fc2b,0.015499999999999958,0.016952860111560712,0.015426826330585675,0.0020954177681280642,0.0021606609329885363,gaussian
0,hybrid_hbb,HBB,gaussian,0.2,0.8571,0.8560132481332152,0.45654746890068054,0.011376885056982235,0.011493378314193415,0.9796200394630432,0.04583688825368881,10000,7840000,4d596e7c4c4f2c1453e2cbc8dfc7889f58e71eb41800f7cc79393e316304fc2b,0.05720000000000003,0.06256152247621134,0.05698317697095534,0.008036240588402261,0.008111390478756964,gaussian
0,hybrid_hbb,HBB,gaussian,0.3,0.7719,0.7736430040480886,0.6761183142662048,0.020170358817431393,0.02008299848206189,0.9612125754356384,0.09772088378667831,10000,7840000,4d596e7c4c4f2c1453e2cbc8dfc7889f58e71eb41800f7cc79393e316304fc2b,0.14239999999999997,0.1557475664442743,0.13935342105608195,0.01682971434885142,0.01670101064662544,gaussian
0,hybrid_hbb,HBB,gaussian,0.4,0.6357,0.6408025046432556,1.016125202178955,0.03106581072515371,0.030785256623248665,0.9418472647666931,0.17006203532218933,10000,7840000,4d596e7c4c4f2c1453e2cbc8dfc7889f58e71eb41800f7cc79393e316304fc2b,0.27859999999999996,0.30471398884392425,0.27219392046091495,0.027725166256573737,0.027403268787812213,gaussian
1,full_bp,BBB,gaussian,0.1,0.8893,0.888490059543337,0.3584267199039459,0.0057197525175250305,0.005813540909241657,0.9931247234344482,0.020382307469844818,10000,7840000,4d596e7c4c4f2c1453e2cbc8dfc7889f58e71eb41800f7cc79393e316304fc2b,0.026600000000000068,0.0290424718855771,0.02627783445627474,0.0025980723093967048,0.0025919779986751323,gaussian
1,full_bp,BBB,gaussian,0.2,0.8232,0.8219755160022381,0.5317438840866089,0.01246095577940649,0.012552217719019676,0.9757874011993408,0.06623467803001404,10000,7840000,4d596e7c4c4f2c1453e2cbc8dfc7889f58e71eb41800f7cc79393e316304fc2b,0.0927,0.1012119226989846,0.09279237799737372,0.009339275571278165,0.009330654808453152,gaussian
1,full_bp,BBB,gaussian,0.3,0.7442,0.7377615637302598,0.742302417755127,0.022254998839631373,0.022110115781122323,0.9545038938522339,0.11403371393680573,10000,7840000,4d596e7c4c4f2c1453e2cbc8dfc7889f58e71eb41800f7cc79393e316304fc2b,0.17170000000000007,0.18746588055464578,0.17700633026935197,0.019133318631503048,0.018888552870555797,gaussian
1,full_bp,BBB,gaussian,0.4,0.6669,0.649095060311847,0.9613147377967834,0.033902529665888574,0.033366419153797386,0.9329267740249634,0.1613691747188568,10000,7840000,4d596e7c4c4f2c1453e2cbc8dfc7889f58e71eb41800f7cc79393e316304fc2b,0.249,0.2718637405830331,0.26567283368776473,0.03078084945776025,0.03014485624323086,gaussian
1,full_hebbian,HHH,gaussian,0.1,0.8093,0.8127852972334182,0.5815560221672058,0.022465509391317563,0.022921899273930763,0.9999591112136841,0.06749439984560013,10000,7840000,4d596e7c4c4f2c1453e2cbc8dfc7889f58e71eb41800f7cc79393e316304fc2b,0.09729999999999994,0.10732406794617246,0.0926314952061269,0.0058569327023564564,0.006326207916104061,gaussian
1,full_hebbian,HHH,gaussian,0.2,0.5684,0.5506486000236108,1.7453324794769287,0.03808958851171999,0.03839574032997598,0.9998650550842285,0.21969175338745117,10000,7840000,4d596e7c4c4f2c1453e2cbc8dfc7889f58e71eb41800f7cc79393e316304fc2b,0.33819999999999995,0.37304213545113607,0.35476819241593427,0.021481011822758887,0.02180004897214928,gaussian
1,full_hebbian,HHH,gaussian,0.3,0.3948,0.3462995788453834,3.5542144775390625,0.059059704519777885,0.058938053302375636,0.999747633934021,0.343086838722229,10000,7840000,4d596e7c4c4f2c1453e2cbc8dfc7889f58e71eb41800f7cc79393e316304fc2b,0.5118,0.5645268034414296,0.5591172135941617,0.04245112783081678,0.042342361944548934,gaussian
1,full_hebbian,HHH,gaussian,0.4,0.2962,0.23445182409760212,5.397826194763184,0.08135372247501295,0.08086541701336296,0.999626874923706,0.42089515924453735,10000,7840000,4d596e7c4c4f2c1453e2cbc8dfc7889f58e71eb41800f7cc79393e316304fc2b,0.6103999999999999,0.6732848003529671,0.670964968341943,0.06474514578605184,0.06426972565553626,gaussian
1,hybrid_hhb,HHB,gaussian,0.1,0.8748,0.8753065653703057,0.4193554222583771,0.00828071210043771,0.009521987274714878,0.985823929309845,0.029360629618167877,10000,7840000,4d596e7c4c4f2c1453e2cbc8dfc7889f58e71eb41800f7cc79393e316304fc2b,0.04149999999999998,0.04529084361017132,0.03975666597191185,0.003376569111493169,0.004734796099760095,gaussian
1,hybrid_hhb,HHB,gaussian,0.2,0.7092,0.7052777960048003,0.9071974754333496,0.01790690435682024,0.0222491082288781,0.9556038975715637,0.12346956878900528,10000,7840000,4d596e7c4c4f2c1453e2cbc8dfc7889f58e71eb41800f7cc79393e316304fc2b,0.20709999999999995,0.22601767979919235,0.20978543533741723,0.0130027613678757,0.017461917053923318,gaussian
1,hybrid_hhb,HHB,gaussian,0.3,0.5695,0.5542026993435201,1.7520668506622314,0.033189073554836974,0.043216160521215324,0.922309160232544,0.2209223210811615,10000,7840000,4d596e7c4c4f2c1453e2cbc8dfc7889f58e71eb41800f7cc79393e316304fc2b,0.3468,0.3784786641929499,0.3608605319986975,0.028284930565892433,0.03842896934626054,gaussian
1,hybrid_hhb,HHB,gaussian,0.4,0.459,0.43582681668455886,2.807598829269409,0.052331351556583326,0.06895376079325773,0.8917701244354248,0.2975982129573822,10000,7840000,4d596e7c4c4f2c1453e2cbc8dfc7889f58e71eb41800f7cc79393e316304fc2b,0.4573,0.49907235621521334,0.4792364146576587,0.04742720856763879,0.06416656961830294,gaussian
1,hybrid_hbb,HBB,gaussian,0.1,0.8993,0.8981354694353941,0.3291824758052826,0.005701512341596642,0.00588508854398922,0.9925265908241272,0.013678443618118763,10000,7840000,4d596e7c4c4f2c1453e2cbc8dfc7889f58e71eb41800f7cc79393e316304fc2b,0.018199999999999994,0.019836512261580376,0.018339830621372455,0.0025839430074302517,0.002695552722775206,gaussian
1,hybrid_hbb,HBB,gaussian,0.2,0.8595,0.8581055013159495,0.436397910118103,0.012602339413701272,0.012853383642313431,0.975044846534729,0.04499262198805809,10000,7840000,4d596e7c4c4f2c1453e2cbc8dfc7889f58e71eb41800f7cc79393e316304fc2b,0.05799999999999994,0.06321525885558577,0.05836979874081705,0.009484770079534882,0.009663847821099417,gaussian
1,hybrid_hbb,HBB,gaussian,0.3,0.7862,0.7843875595311288,0.6355148553848267,0.02213331876871537,0.02240610677368787,0.9543493390083313,0.09447065740823746,10000,7840000,4d596e7c4c4f2c1453e2cbc8dfc7889f58e71eb41800f7cc79393e316304fc2b,0.13129999999999997,0.14310626702997273,0.13208774052563776,0.019015749434548982,0.019216570952473856,gaussian
1,hybrid_hbb,HBB,gaussian,0.4,0.6473,0.6430740071295883,1.0102914571762085,0.03338767957103496,0.03372037106728067,0.9335256814956665,0.1708202362060547,10000,7840000,4d596e7c4c4f2c1453e2cbc8dfc7889f58e71eb41800f7cc79393e316304fc2b,0.2702,0.29449591280653953,0.2734012929271783,0.03027011023686857,0.03053083524606666,gaussian
2,full_bp,BBB,gaussian,0.1,0.8758,0.8739125427219129,0.39357343316078186,0.005201888579738383,0.005279340427749011,0.9918417930603027,0.028549395501613617,10000,7840000,4d596e7c4c4f2c1453e2cbc8dfc7889f58e71eb41800f7cc79393e316304fc2b,0.04289999999999994,0.046696418852726615,0.04343325107374307,0.002365447223186493,0.0025345303309207063,gaussian
2,full_bp,BBB,gaussian,0.2,0.7543,0.7461365429026022,0.7233821153640747,0.012345587249678009,0.012548136419179488,0.9692681431770325,0.10327447205781937,10000,7840000,4d596e7c4c4f2c1453e2cbc8dfc7889f58e71eb41800f7cc79393e316304fc2b,0.1644,0.1789485142048547,0.17120925089305372,0.009509145893126118,0.009803326322351183,gaussian
2,full_bp,BBB,gaussian,0.3,0.6275,0.6079996640180974,1.1836140155792236,0.0226849375160373,0.02306724741410236,0.9402506947517395,0.1862531453371048,10000,7840000,4d596e7c4c4f2c1453e2cbc8dfc7889f58e71eb41800f7cc79393e316304fc2b,0.2912,0.3169696310003266,0.3093461297775586,0.019848496159485408,0.020322437317274053,gaussian
2,full_bp,BBB,gaussian,0.4,0.5002,0.4549468490483816,1.6903369426727295,0.034630698316924426,0.03553817883705606,0.9112914800643921,0.2616150975227356,10000,7840000,4d596e7c4c4f2c1453e2cbc8dfc7889f58e71eb41800f7cc79393e316304fc2b,0.4185,0.45553499510177425,0.46239894474727433,0.03179425696037254,0.03279336874022776,gaussian
2,full_hebbian,HHH,gaussian,0.1,0.8231,0.822337607103148,0.535398006439209,0.0242637211994249,0.024173649320797044,0.9999753832817078,0.0445229709148407,10000,7840000,4d596e7c4c4f2c1453e2cbc8dfc7889f58e71eb41800f7cc79393e316304fc2b,0.06329999999999991,0.07141245487364611,0.06261208076393032,0.004013504668644495,0.0037868794382834928,gaussian
2,full_hebbian,HHH,gaussian,0.2,0.7087,0.6808057168904443,1.034333348274231,0.03582480884863406,0.03522303931956389,0.9999206066131592,0.1178453341126442,10000,7840000,4d596e7c4c4f2c1453e2cbc8dfc7889f58e71eb41800f7cc79393e316304fc2b,0.17769999999999997,0.2004738267148014,0.20414397097663395,0.015574592317853655,0.014836269437050336,gaussian
2,full_hebbian,HHH,gaussian,0.3,0.6201,0.5904236288494793,1.6712793111801147,0.05319374013628279,0.05232788582626654,0.9998511672019958,0.17643241584300995,10000,7840000,4d596e7c4c4f2c1453e2cbc8dfc7889f58e71eb41800f7cc79393e316304fc2b,0.2663,0.3004287003610108,0.294526059017599,0.03294352360550239,0.031941115943752985,gaussian
2,full_hebbian,HHH,gaussian,0.4,0.5236,0.4848922470431374,2.415823459625244,0.07318060366572166,0.0727028533701994,0.9997760057449341,0.2399684339761734,10000,7840000,4d596e7c4c4f2c1453e2cbc8dfc7889f58e71eb41800f7cc79393e316304fc2b,0.3628,0.40929602888086647,0.4000574408239409,0.05293038713494125,0.05231608348768585,gaussian
2,hybrid_hhb,HHB,gaussian,0.1,0.8645,0.8665535346498066,0.4549771547317505,0.008042554962391755,0.007665381967778108,0.9888485074043274,0.04179774597287178,10000,7840000,4d596e7c4c4f2c1453e2cbc8dfc7889f58e71eb41800f7cc79393e316304fc2b,0.05509999999999993,0.05991735537190075,0.051799293665649504,0.0036984210087328533,0.0034164056087026785,gaussian
2,hybrid_hhb,HHB,gaussian,0.2,0.7654,0.7670911908774658,0.7535927891731262,0.018079806327819824,0.01749037969939563,0.9653932452201843,0.10061676055192947,10000,7840000,4d596e7c4c4f2c1453e2cbc8dfc7889f58e71eb41800f7cc79393e316304fc2b,0.1542,0.16768160069595478,0.15126163743799026,0.013735672374160922,0.013241403340320198,gaussian
2,hybrid_hhb,HHB,gaussian,0.3,0.6499,0.6415146708704391,1.149497151374817,0.03417779248685253,0.03319755440147556,0.9382153153419495,0.1701112538576126,10000,7840000,4d596e7c4c4f2c1453e2cbc8dfc7889f58e71eb41800f7cc79393e316304fc2b,0.26969999999999994,0.2932796868203566,0.27683815744501694,0.029833658533193627,0.028948578042400128,gaussian
2,hybrid_hhb,HHB,gaussian,0.4,0.5318,0.4884244281374085,1.7185600996017456,0.054048222101951135,0.053026651654924664,0.9121642708778381,0.24549303948879242,10000,7840000,4d596e7c4c4f2c1453e2cbc8dfc7889f58e71eb41800f7cc79393e316304fc2b,0.3877999999999999,0.4217050891692039,0.42992840017804757,0.04970408814829223,0.048777675295849234,gaussian
2,hybrid_hbb,HBB,gaussian,0.1,0.9002,0.8991316867094982,0.32818448543548584,0.005050836312040991,0.004952487164127583,0.9926608204841614,0.012344853021204472,10000,7840000,4d596e7c4c4f2c1453e2cbc8dfc7889f58e71eb41800f7cc79393e316304fc2b,0.01419999999999999,0.015529308836395441,0.014169437289612397,0.0022460412643393692,0.0022121256205500386,gaussian
2,hybrid_hbb,HBB,gaussian,0.2,0.8592,0.8583222388118428,0.4302574694156647,0.011379151496108698,0.011161506054352741,0.9741056561470032,0.04153396934270859,10000,7840000,4d596e7c4c4f2c1453e2cbc8dfc7889f58e71eb41800f7cc79393e316304fc2b,0.05520000000000003,0.0603674540682415,0.05497888518726779,0.008574356448407077,0.008421144510775197,gaussian
2,hybrid_hbb,HBB,gaussian,0.3,0.7969,0.7970177311855593,0.600922167301178,0.021072925653263016,0.02062120501849116,0.950975775718689,0.08347082883119583,10000,7840000,4d596e7c4c4f2c1453e2cbc8dfc7889f58e71eb41800f7cc79393e316304fc2b,0.11749999999999994,0.1284995625546806,0.11628339281355127,0.018268130605561393,0.017880843474913616,gaussian
2,hybrid_hbb,HBB,gaussian,0.4,0.685,0.6895234018356037,0.9045093655586243,0.033020889644233546,0.032454866747953455,0.9275030493736267,0.14742031693458557,10000,7840000,4d596e7c4c4f2c1453e2cbc8dfc7889f58e71eb41800f7cc79393e316304fc2b,0.22939999999999994,0.2508748906386701,0.2237777221635069,0.030216094596531923,0.02971450520437591,gaussian
3,full_bp,BBB,gaussian,0.1,0.8921,0.8906364725264334,0.3403182029724121,0.00473118897457512,0.005153159812518528,0.9935157299041748,0.015960635617375374,10000,7840000,4d596e7c4c4f2c1453e2cbc8dfc7889f58e71eb41800f7cc79393e316304fc2b,0.020000000000000018,0.0219274202390089,0.020166245839220442,0.0018585970528271728,0.0022091233499196106,gaussian
3,full_bp,BBB,gaussian,0.2,0.8479,0.8457333865254935,0.478711873292923,0.010577035106931414,0.011177368683717688,0.9753379821777344,0.05213748663663864,10000,7840000,4d596e7c4c4f2c1453e2cbc8dfc7889f58e71eb41800f7cc79393e316304fc2b,0.06420000000000003,0.07038701896721854,0.0650693318401604,0.007704443185183466,0.00823333222111877,gaussian
3,full_bp,BBB,gaussian,0.3,0.7714,0.7674496053061225,0.6727360486984253,0.02001799410995172,0.020327182771721665,0.9511168003082275,0.09886863082647324,10000,7840000,4d596e7c4c4f2c1453e2cbc8dfc7889f58e71eb41800f7cc79393e316304fc2b,0.14070000000000005,0.15425940138142752,0.14335311305953136,0.017145402188203773,0.017383146309122747,gaussian
3,full_bp,BBB,gaussian,0.4,0.6445,0.6394927179831285,1.0241528749465942,0.032124748416822786,0.03190117195674351,0.9259676933288574,0.17212924361228943,10000,7840000,4d596e7c4c4f2c1453e2cbc8dfc7889f58e71eb41800f7cc79393e316304fc2b,0.26760000000000006,0.2933888827979389,0.2713100003825254,0.02925215649507484,0.02895713549414459,gaussian
3,full_hebbian,HHH,gaussian,0.1,0.7372,0.7400520982079147,0.7586635947227478,0.024837102452102973,0.02478561200122444,0.9999681711196899,0.08627864718437195,10000,7840000,4d596e7c4c4f2c1453e2cbc8dfc7889f58e71eb41800f7cc79393e316304fc2b,0.15180000000000005,0.17075365579302593,0.14751609863704895,0.005194812375672011,0.005161618937278279,gaussian
3,full_hebbian,HHH,gaussian,0.2,0.5676,0.5623318047219503,1.797705054283142,0.03683797530738675,0.03588946063761808,0.9999040961265564,0.20902323722839355,10000,7840000,4d596e7c4c4f2c1453e2cbc8dfc7889f58e71eb41800f7cc79393e316304fc2b,0.3214,0.3615298087739033,0.32523639212301336,0.017195685230955788,0.01626546757367192,gaussian
3,full_hebbian,HHH,gaussian,0.3,0.4506,0.43257721970687213,2.7530105113983154,0.05195111483359823,0.049195309611729215,0.9998376965522766,0.2883438766002655,10000,7840000,4d596e7c4c4f2c1453e2cbc8dfc7889f58e71eb41800f7cc79393e316304fc2b,0.4384,0.49313835770528686,0.45499097713809156,0.03230882475716727,0.029571316547783055,gaussian
3,full_hebbian,HHH,gaussian,0.4,0.376,0.34570833837103443,3.5285391807556152,0.06797167988991251,0.06298789583322953,0.9997772574424744,0.3424321115016937,10000,7840000,4d596e7c4c4f2c1453e2cbc8dfc7889f58e71eb41800f7cc79393e316304fc2b,0.513,0.5770528683914511,0.5418598584739293,0.048329389813481546,0.04336390276928337,gaussian
3,hybrid_hhb,HHB,gaussian,0.1,0.8963,0.8958229242062652,0.3520927131175995,0.00727293781552996,0.007611872385959236,0.9900507926940918,0.020495062693953514,10000,7840000,4d596e7c4c4f2c1453e2cbc8dfc7889f58e71eb41800f7cc79393e316304fc2b,0.027700000000000058,0.029978354978355038,0.027126324468844665,0.0028557052743678193,0.003332720089931878,gaussian
3,hybrid_hhb,HHB,gaussian,0.2,0.7822,0.7891674202225509,0.6518935561180115,0.015801329441459813,0.01716702975837552,0.9674444198608398,0.0885678082704544,10000,7840000,4d596e7c4c4f2c1453e2cbc8dfc7889f58e71eb41800f7cc79393e316304fc2b,0.14180000000000004,0.1534632034632035,0.13378182845255893,0.011384096900297673,0.01288787746234816,gaussian
3,hybrid_hhb,HHB,gaussian,0.3,0.5991,0.6033488044039599,1.2510699033737183,0.029686748107598752,0.033241697299723726,0.94095778465271,0.19171254336833954,10000,7840000,4d596e7c4c4f2c1453e2cbc8dfc7889f58e71eb41800f7cc79393e316304fc2b,0.3249000000000001,0.35162337662337667,0.31960044427115,0.025269515566436612,0.02896254500369637,gaussian
3,hybrid_hhb,HHB,gaussian,0.4,0.4388,0.41734077517388535,2.1802878379821777,0.047427151247919824,0.05354342914503448,0.9149738550186157,0.2998855710029602,10000,7840000,4d596e7c4c4f2c1453e2cbc8dfc7889f58e71eb41800f7cc79393e316304fc2b,0.4852,0.5251082251082251,0.5056084735012245,0.04300991870675768,0.049264276849007124,gaussian
3,hybrid_hbb,HBB,gaussian,0.1,0.9088,0.9074230091907554,0.3090648949146271,0.004868588237859765,0.00483622960217145,0.9929307699203491,0.010253834538161755,10000,7840000,4d596e7c4c4f2c1453e2cbc8dfc7889f58e71eb41800f7cc79393e316304fc2b,0.009099999999999997,0.00991393397973635,0.009076075080649004,0.0019061703509213974,0.001892590412315057,gaussian
3,hybrid_hbb,HBB,gaussian,0.2,0.8729,0.8709024400045834,0.4120875895023346,0.010622336693199314,0.010451621209358683,0.9749809503555298,0.038423217833042145,10000,7840000,4d596e7c4c4f2c1453e2cbc8dfc7889f58e71eb41800f7cc79393e316304fc2b,0.04500000000000004,0.04902494825144355,0.045596644266820974,0.007659918806260946,0.00750798201950229,gaussian
3,hybrid_hbb,HBB,gaussian,0.3,0.8111,0.8076457983961539,0.5885723829269409,0.02000082917505381,0.019738273130144392,0.9528803825378418,0.08077441155910492,10000,7840000,4d596e7c4c4f2c1453e2cbc8dfc7889f58e71eb41800f7cc79393e316304fc2b,0.1068,0.1163525438500926,0.10885328587525045,0.01703841128811544,0.016794633940288,gaussian
3,hybrid_hbb,HBB,gaussian,0.4,0.7128,0.7096890489198501,0.8548242449760437,0.03264956083492357,0.03262097930129693,0.9304154515266418,0.13930223882198334,10000,7840000,4d596e7c4c4f2c1453e2cbc8dfc7889f58e71eb41800f7cc79393e316304fc2b,0.20510000000000006,0.2234448196971348,0.2068100353515543,0.0296871429479852,0.02967734011144054,gaussian
4,full_bp,BBB,gaussian,0.1,0.8923,0.8912176582352181,0.35032880306243896,0.006000396473553716,0.006132335608346122,0.9947818517684937,0.01888294145464897,10000,7840000,4d596e7c4c4f2c1453e2cbc8dfc7889f58e71eb41800f7cc79393e316304fc2b,0.0242,0.026404800872885978,0.02372793538714768,0.0019687772045330126,0.0020234886568419787,gaussian
4,full_bp,BBB,gaussian,0.2,0.8017,0.8002542606805865,0.5821592211723328,0.012565115346713942,0.012535491419811638,0.978995680809021,0.07553210109472275,10000,7840000,4d596e7c4c4f2c1453e2cbc8dfc7889f58e71eb41800f7cc79393e316304fc2b,0.11480000000000001,0.1252591380250955,0.11469133294177936,0.008533496077693239,0.008426644468307494,gaussian
4,full_bp,BBB,gaussian,0.3,0.6831,0.6702552073550938,0.9263355731964111,0.023161575922674062,0.02272241861771564,0.957076370716095,0.1459197998046875,10000,7840000,4d596e7c4c4f2c1453e2cbc8dfc7889f58e71eb41800f7cc79393e316304fc2b,0.23339999999999994,0.2546644844517184,0.24469038626727202,0.019129956653653357,0.018613571666211498,gaussian
4,full_bp,BBB,gaussian,0.4,0.5742,0.53614924362039,1.298333764076233,0.03625949294031883,0.035241923433420606,0.9331942200660706,0.21068266034126282,10000,7840000,4d596e7c4c4f2c1453e2cbc8dfc7889f58e71eb41800f7cc79393e316304fc2b,0.34229999999999994,0.3734860883797053,0.37879635000197587,0.032227873671298125,0.031133076481916464,gaussian
4,full_hebbian,HHH,gaussian,0.1,0.8111,0.813363695368737,0.5953755378723145,0.021861205788047948,0.02222067499355394,0.9999622106552124,0.04853851720690727,10000,7840000,4d596e7c4c4f2c1453e2cbc8dfc7889f58e71eb41800f7cc79393e316304fc2b,0.0796,0.08936791287751207,0.07600590018679376,0.004449513680594309,0.004166641620713837,gaussian
4,full_hebbian,HHH,gaussian,0.2,0.6338,0.6250291710123463,1.1584415435791016,0.03314843646458217,0.03341026843323999,0.9998800754547119,0.149784117937088,10000,7840000,4d596e7c4c4f2c1453e2cbc8dfc7889f58e71eb41800f7cc79393e316304fc2b,0.2569,0.2884248343999102,0.2643404245431844,0.01573674435712853,0.01535623506039989,gaussian
4,full_hebbian,HHH,gaussian,0.3,0.4775,0.4342704065596147,2.075073719024658,0.048748817794176995,0.0489938166482108,0.9997800588607788,0.25949224829673767,10000,7840000,4d596e7c4c4f2c1453e2cbc8dfc7889f58e71eb41800f7cc79393e316304fc2b,0.41320000000000007,0.4639047939822612,0.45509918899591606,0.03133712568672335,0.030939783275370697,gaussian
4,full_hebbian,HHH,gaussian,0.4,0.3866,0.3081698377056639,3.1696937084198,0.06574506371945751,0.06604736005822007,0.9996779561042786,0.33872371912002563,10000,7840000,4d596e7c4c4f2c1453e2cbc8dfc7889f58e71eb41800f7cc79393e316304fc2b,0.5041,0.5659593578084652,0.5811997578498669,0.04833337161200388,0.047993326685379964,gaussian
4,hybrid_hhb,HHB,gaussian,0.1,0.8976,0.8957955125979037,0.3578040897846222,0.009269839675085885,0.009577536744487528,0.9910579919815063,0.018227217718958855,10000,7840000,4d596e7c4c4f2c1453e2cbc8dfc7889f58e71eb41800f7cc79393e316304fc2b,0.02310000000000001,0.025089605734767036,0.023586288290933122,0.004308644666477126,0.004523713477776975,gaussian
4,hybrid_hhb,HHB,gaussian,0.2,0.782,0.7771680179930837,0.6902638077735901,0.020005062486687486,0.020882119663394226,0.9698482155799866,0.09177049249410629,10000,7840000,4d596e7c4c4f2c1453e2cbc8dfc7889f58e71eb41800f7cc79393e316304fc2b,0.13869999999999993,0.15064624742044092,0.14221378289575315,0.015043867478078727,0.01582829639668367,gaussian
4,hybrid_hhb,HHB,gaussian,0.3,0.5818,0.5336952280390372,1.4668920040130615,0.034789242180026304,0.03704335952680938,0.9438027143478394,0.20922121405601501,10000,7840000,4d596e7c4c4f2c1453e2cbc8dfc7889f58e71eb41800f7cc79393e316304fc2b,0.3389,0.3680894971217552,0.38568657284979957,0.029828047171417543,0.03198953626009882,gaussian
4,hybrid_hhb,HHB,gaussian,0.4,0.4499,0.359696024369635,2.6068320274353027,0.05192004360276826,0.056251260064572706,0.9173446297645569,0.3060491681098938,10000,7840000,4d596e7c4c4f2c1453e2cbc8dfc7889f58e71eb41800f7cc79393e316304fc2b,0.47079999999999994,0.5113500597371564,0.5596857765192018,0.0469588485941595,0.05119743679786215,gaussian
4,hybrid_hbb,HBB,gaussian,0.1,0.8998,0.8986647017263204,0.3291485011577606,0.005935873067135713,0.006013420063622144,0.9947332143783569,0.013367376290261745,10000,7840000,4d596e7c4c4f2c1453e2cbc8dfc7889f58e71eb41800f7cc79393e316304fc2b,0.017999999999999905,0.01961211592939628,0.0178159450228762,0.0018113030511505744,0.0017082812119503417,gaussian
4,hybrid_hbb,HBB,gaussian,0.2,0.8497,0.8485725892106032,0.4681701064109802,0.011528247134539546,0.011485316356347532,0.979956865310669,0.049834590405225754,10000,7840000,4d596e7c4c4f2c1453e2cbc8dfc7889f58e71eb41800f7cc79393e316304fc2b,0.06809999999999994,0.07419917193288292,0.06790805753859341,0.007403677118554408,0.007180177504675729,gaussian
4,hybrid_hbb,HBB,gaussian,0.3,0.7816,0.7798629882175756,0.6730459928512573,0.020181771040935905,0.019908250547915087,0.9599791765213013,0.0958549976348877,10000,7840000,4d596e7c4c4f2c1453e2cbc8dfc7889f58e71eb41800f7cc79393e316304fc2b,0.1362,0.14839834386576595,0.136617658531621,0.016057201024950767,0.015603111696243285,gaussian
4,hybrid_hbb,HBB,gaussian,0.4,0.695,0.6891555584213711,0.9023001790046692,0.03146699926804523,0.03052029815985232,0.9375082850456238,0.14765489101409912,10000,7840000,4d596e7c4c4f2c1453e2cbc8dfc7889f58e71eb41800f7cc79393e316304fc2b,0.2228,0.2427544127260841,0.2273250883278255,0.02734242925206009,0.026215159308180518,gaussian
0,full_bp,BBB,salt_pepper,0.0,0.916,0.9145960269319188,0.2845175266265869,0.0031431785072599137,0.003152589472459287,1.0,0.0,10000,7840000,4d596e7c4c4f2c1453e2cbc8dfc7889f58e71eb41800f7cc79393e316304fc2b,0.0,0.0,0.0,0.0,0.0,clean
1,full_bp,BBB,salt_pepper,0.0,0.9159,0.9147678939996118,0.2877305746078491,0.0031216802081283257,0.0032215629105665244,1.0,0.0,10000,7840000,4d596e7c4c4f2c1453e2cbc8dfc7889f58e71eb41800f7cc79393e316304fc2b,0.0,0.0,0.0,0.0,0.0,clean
2,full_bp,BBB,salt_pepper,0.0,0.9187,0.917345793795656,0.2792670428752899,0.0028364413565518903,0.002744810096828305,1.0,0.0,10000,7840000,4d596e7c4c4f2c1453e2cbc8dfc7889f58e71eb41800f7cc79393e316304fc2b,0.0,0.0,0.0,0.0,0.0,clean
3,full_bp,BBB,salt_pepper,0.0,0.9121,0.9108027183656539,0.2828608751296997,0.0028725919217479474,0.0029440364625989176,1.0,0.0,10000,7840000,4d596e7c4c4f2c1453e2cbc8dfc7889f58e71eb41800f7cc79393e316304fc2b,0.0,0.0,0.0,0.0,0.0,clean
4,full_bp,BBB,salt_pepper,0.0,0.9165,0.9149455936223658,0.27888384461402893,0.0040316192690207035,0.004108846951504143,1.0,0.0,10000,7840000,4d596e7c4c4f2c1453e2cbc8dfc7889f58e71eb41800f7cc79393e316304fc2b,0.0,0.0,0.0,0.0,0.0,clean
0,hybrid_hbb,HBB,salt_pepper,0.0,0.9143,0.9129964251041706,0.28509747982025146,0.0033406444685799737,0.0033819878354364513,1.0,0.0,10000,7840000,4d596e7c4c4f2c1453e2cbc8dfc7889f58e71eb41800f7cc79393e316304fc2b,0.0,0.0,0.0,0.0,0.0,clean
1,hybrid_hbb,HBB,salt_pepper,0.0,0.9175,0.9164753000567666,0.2857706844806671,0.0031175693341663905,0.003189535821214014,1.0,0.0,10000,7840000,4d596e7c4c4f2c1453e2cbc8dfc7889f58e71eb41800f7cc79393e316304fc2b,0.0,0.0,0.0,0.0,0.0,clean
2,hybrid_hbb,HBB,salt_pepper,0.0,0.9144,0.9133011239991106,0.2930019795894623,0.0028047950477016214,0.0027403615435775447,1.0,0.0,10000,7840000,4d596e7c4c4f2c1453e2cbc8dfc7889f58e71eb41800f7cc79393e316304fc2b,0.0,0.0,0.0,0.0,0.0,clean
3,hybrid_hbb,HBB,salt_pepper,0.0,0.9179,0.9164990842714044,0.27352264523506165,0.0029624178869383675,0.002943639189856393,1.0,0.0,10000,7840000,4d596e7c4c4f2c1453e2cbc8dfc7889f58e71eb41800f7cc79393e316304fc2b,0.0,0.0,0.0,0.0,0.0,clean
4,hybrid_hbb,HBB,salt_pepper,0.0,0.9178,0.9164806467491966,0.27862468361854553,0.004124570015985139,0.0043051388516718025,1.0,0.0,10000,7840000,4d596e7c4c4f2c1453e2cbc8dfc7889f58e71eb41800f7cc79393e316304fc2b,0.0,0.0,0.0,0.0,0.0,clean
0,hybrid_hhb,HHB,salt_pepper,0.0,0.9187,0.917342610948835,0.27857092022895813,0.004608535650311684,0.00447359258009463,1.0,0.0,10000,7840000,4d596e7c4c4f2c1453e2cbc8dfc7889f58e71eb41800f7cc79393e316304fc2b,0.0,0.0,0.0,0.0,0.0,clean
1,hybrid_hhb,HHB,salt_pepper,0.0,0.9163,0.9150632313422176,0.28453004360198975,0.00490414298894454,0.004787191174954784,1.0,0.0,10000,7840000,4d596e7c4c4f2c1453e2cbc8dfc7889f58e71eb41800f7cc79393e316304fc2b,0.0,0.0,0.0,0.0,0.0,clean
2,hybrid_hhb,HHB,salt_pepper,0.0,0.9196,0.9183528283154561,0.2728135883808136,0.004344133953658902,0.00424897635907543,1.0,0.0,10000,7840000,4d596e7c4c4f2c1453e2cbc8dfc7889f58e71eb41800f7cc79393e316304fc2b,0.0,0.0,0.0,0.0,0.0,clean
3,hybrid_hhb,HHB,salt_pepper,0.0,0.924,0.9229492486751099,0.27071261405944824,0.00441723254116214,0.0042791522960273585,1.0,0.0,10000,7840000,4d596e7c4c4f2c1453e2cbc8dfc7889f58e71eb41800f7cc79393e316304fc2b,0.0,0.0,0.0,0.0,0.0,clean
4,hybrid_hhb,HHB,salt_pepper,0.0,0.9207,0.9193818008888368,0.28007078170776367,0.004961195008608759,0.005053823266710554,1.0,0.0,10000,7840000,4d596e7c4c4f2c1453e2cbc8dfc7889f58e71eb41800f7cc79393e316304fc2b,0.0,0.0,0.0,0.0,0.0,clean
0,full_hebbian,HHH,salt_pepper,0.0,0.8978,0.8963436886563901,0.35383105278015137,0.018587339352588265,0.018783687848460916,1.0,0.0,10000,7840000,4d596e7c4c4f2c1453e2cbc8dfc7889f58e71eb41800f7cc79393e316304fc2b,0.0,0.0,0.0,0.0,0.0,clean
1,full_hebbian,HHH,salt_pepper,0.0,0.9066,0.9054167924395451,0.31239187717437744,0.016608576688961107,0.0165956913578267,1.0,0.0,10000,7840000,4d596e7c4c4f2c1453e2cbc8dfc7889f58e71eb41800f7cc79393e316304fc2b,0.0,0.0,0.0,0.0,0.0,clean
2,full_hebbian,HHH,salt_pepper,0.0,0.8864,0.8849496878670783,0.37001922726631165,0.020250216530780404,0.02038676988251355,1.0,0.0,10000,7840000,4d596e7c4c4f2c1453e2cbc8dfc7889f58e71eb41800f7cc79393e316304fc2b,0.0,0.0,0.0,0.0,0.0,clean
3,full_hebbian,HHH,salt_pepper,0.0,0.889,0.8875681968449637,0.36875084042549133,0.019642290076430962,0.01962399306394616,1.0,0.0,10000,7840000,4d596e7c4c4f2c1453e2cbc8dfc7889f58e71eb41800f7cc79393e316304fc2b,0.0,0.0,0.0,0.0,0.0,clean
4,full_hebbian,HHH,salt_pepper,0.0,0.8907,0.8893695955555307,0.3712993562221527,0.01741169210745364,0.018054033372840103,1.0,0.0,10000,7840000,4d596e7c4c4f2c1453e2cbc8dfc7889f58e71eb41800f7cc79393e316304fc2b,0.0,0.0,0.0,0.0,0.0,clean
0,full_bp,BBB,salt_pepper,0.1,0.6819,0.6643621295988493,1.1325788497924805,0.02113295845888099,0.021469946055509607,0.9559500217437744,0.14576201140880585,10000,7840000,4d596e7c4c4f2c1453e2cbc8dfc7889f58e71eb41800f7cc79393e316304fc2b,0.23410000000000009,0.25556768558951976,0.25023389733306944,0.017989779951621074,0.01831735658305032,salt_pepper
0,full_bp,BBB,salt_pepper,0.2,0.542,0.5127346527068816,1.8880693912506104,0.03537858186838578,0.036100303622654505,0.9315173029899597,0.23296408355236053,10000,7840000,4d596e7c4c4f2c1453e2cbc8dfc7889f58e71eb41800f7cc79393e316304fc2b,0.374,0.40829694323144106,0.4018613742250372,0.03223540336112587,0.03294771415019522,salt_pepper
0,full_bp,BBB,salt_pepper,0.3,0.4403,0.391943531201489,2.5451834201812744,0.0477896260086371,0.048705283846173966,0.9120824337005615,0.3036469519138336,10000,7840000,4d596e7c4c4f2c1453e2cbc8dfc7889f58e71eb41800f7cc79393e316304fc2b,0.4757,0.5193231441048035,0.5226524957304297,0.04464644750137719,0.04555269437371468,salt_pepper
0,full_bp,BBB,salt_pepper,0.4,0.3588,0.3022887725575174,3.2174532413482666,0.059248891838229435,0.06017351892432388,0.8951979279518127,0.35807549953460693,10000,7840000,4d596e7c4c4f2c1453e2cbc8dfc7889f58e71eb41800f7cc79393e316304fc2b,0.5572,0.608296943231441,0.6123072543744014,0.056105713330969524,0.05702092945186459,salt_pepper
0,full_hebbian,HHH,salt_pepper,0.1,0.6976,0.7016901947187177,0.9695935249328613,0.0323783177862362,0.03215446857140989,0.9999197125434875,0.12667755782604218,10000,7840000,4d596e7c4c4f2c1453e2cbc8dfc7889f58e71eb41800f7cc79393e316304fc2b,0.20020000000000004,0.2229895299621297,0.1946534939376724,0.013790978433647932,0.013370780722948974,salt_pepper
0,full_hebbian,HHH,salt_pepper,0.2,0.4558,0.4434244404133526,2.3401613235473633,0.05219982836976343,0.05145514019557408,0.9998321533203125,0.28327837586402893,10000,7840000,4d596e7c4c4f2c1453e2cbc8dfc7889f58e71eb41800f7cc79393e316304fc2b,0.44200000000000006,0.4923145466696369,0.45291924824303753,0.033612489017175166,0.03267145234711316,salt_pepper
0,full_hebbian,HHH,salt_pepper,0.3,0.3079,0.26389419041443885,4.276806831359863,0.07500210375883141,0.07421939177999691,0.9997475743293762,0.3985316753387451,10000,7840000,4d596e7c4c4f2c1453e2cbc8dfc7889f58e71eb41800f7cc79393e316304fc2b,0.5899000000000001,0.6570505680552462,0.6324494982419513,0.05641476440624315,0.05543570393153599,salt_pepper
0,full_hebbian,HHH,salt_pepper,0.4,0.2338,0.15837153667259582,6.419345855712891,0.09993040516133211,0.09967058558561365,0.9996634721755981,0.4680311381816864,10000,7840000,4d596e7c4c4f2c1453e2cbc8dfc7889f58e71eb41800f7cc79393e316304fc2b,0.664,0.7395856538204499,0.7379721519837943,0.08134306580874384,0.08088689773715273,salt_pepper
0,hybrid_hhb,HHB,salt_pepper,0.1,0.7572,0.7455132313015354,0.8283388614654541,0.017483526111135676,0.018052205961577746,0.9677318334579468,0.09940176457166672,10000,7840000,4d596e7c4c4f2c1453e2cbc8dfc7889f58e71eb41800f7cc79393e316304fc2b,0.16149999999999998,0.1757918798301948,0.1718293796472996,0.012874990460823993,0.013578613381483116,salt_pepper
0,hybrid_hhb,HHB,salt_pepper,0.2,0.6222,0.5965186583635472,1.5504957437515259,0.03423707927392453,0.035927714573607154,0.93764728307724,0.1871536523103714,10000,7840000,4d596e7c4c4f2c1453e2cbc8dfc7889f58e71eb41800f7cc79393e316304fc2b,0.2965,0.3227386524436704,0.32082395258528773,0.02962854362361285,0.031454121993512524,salt_pepper
0,hybrid_hhb,HHB,salt_pepper,0.3,0.5046,0.4590193179374933,2.324902057647705,0.055049746618465505,0.05771564319377043,0.9097022414207458,0.2666352391242981,10000,7840000,4d596e7c4c4f2c1453e2cbc8dfc7889f58e71eb41800f7cc79393e316304fc2b,0.4140999999999999,0.45074561880918684,0.45832329301134167,0.05044121096815382,0.0532420506136758,salt_pepper
0,hybrid_hhb,HHB,salt_pepper,0.4,0.4115,0.33285187139522987,3.2076287269592285,0.0780515602968177,0.08122942612317144,0.8846293687820435,0.3347340226173401,10000,7840000,4d596e7c4c4f2c1453e2cbc8dfc7889f58e71eb41800f7cc79393e316304fc2b,0.5072,0.5520844671818874,0.5844907395536051,0.07344302464650601,0.07675583354307682,salt_pepper
0,hybrid_hbb,HBB,salt_pepper,0.1,0.7081,0.6895427887196701,1.047792673110962,0.02020864945625772,0.02077845248008261,0.9599543809890747,0.12980245053768158,10000,7840000,4d596e7c4c4f2c1453e2cbc8dfc7889f58e71eb41800f7cc79393e316304fc2b,0.20620000000000005,0.2255277261292793,0.22345363638450044,0.016868004987677748,0.017396464644646156,salt_pepper
0,hybrid_hbb,HBB,salt_pepper,0.2,0.5975,0.5705968604288603,1.7210843563079834,0.03380425413871298,0.03454112674168178,0.9378892779350281,0.20162762701511383,10000,7840000,4d596e7c4c4f2c1453e2cbc8dfc7889f58e71eb41800f7cc79393e316304fc2b,0.31679999999999997,0.3464945860220934,0.3423995646753103,0.030463609670133004,0.031159138906245325,salt_pepper
0,hybrid_hbb,HBB,salt_pepper,0.3,0.5036,0.47359917467885654,2.2150425910949707,0.04602004260627591,0.0468136826417884,0.9204931855201721,0.26001161336898804,10000,7840000,4d596e7c4c4f2c1453e2cbc8dfc7889f58e71eb41800f7cc79393e316304fc2b,0.41069999999999995,0.44919610631083884,0.439397250425314,0.04267939813769593,0.04343169480635195,salt_pepper
0,hybrid_hbb,HBB,salt_pepper,0.4,0.4248,0.38539101595241315,2.677546977996826,0.057642274366106305,0.058270158300594406,0.9047964811325073,0.3111027479171753,10000,7840000,4d596e7c4c4f2c1453e2cbc8dfc7889f58e71eb41800f7cc79393e316304fc2b,0.4895,0.5353822596521929,0.5276054091517575,0.054301629897526335,0.054888170465157954,salt_pepper
1,full_bp,BBB,salt_pepper,0.1,0.711,0.7100776501262152,0.9003958106040955,0.021408554178354692,0.021481003255260235,0.9541832208633423,0.12543517351150513,10000,7840000,4d596e7c4c4f2c1453e2cbc8dfc7889f58e71eb41800f7cc79393e316304fc2b,0.20490000000000008,0.2237143792990502,0.20469024387339663,0.018286873970226367,0.01825944034469371,salt_pepper
1,full_bp,BBB,salt_pepper,0.2,0.5778,0.5687409575504427,1.382571816444397,0.03490580002531713,0.034933729016051,0.9315884709358215,0.20585857331752777,10000,7840000,4d596e7c4c4f2c1453e2cbc8dfc7889f58e71eb41800f7cc79393e316304fc2b,0.33810000000000007,0.3691451031772028,0.34602693644916904,0.0317841198171888,0.031712166105484475,salt_pepper
1,full_bp,BBB,salt_pepper,0.3,0.4807,0.4627520357400141,1.807701587677002,0.047062128767675286,0.04681387786865234,0.9130645394325256,0.2692470848560333,10000,7840000,4d596e7c4c4f2c1453e2cbc8dfc7889f58e71eb41800f7cc79393e316304fc2b,0.43520000000000003,0.4751610437820723,0.45201585825959767,0.04394044855954696,0.04359231495808582,salt_pepper
1,full_bp,BBB,salt_pepper,0.4,0.3992,0.3734757567625416,2.231196403503418,0.05840900458511041,0.057743832537592674,0.8965407013893127,0.32392409443855286,10000,7840000,4d596e7c4c4f2c1453e2cbc8dfc7889f58e71eb41800f7cc79393e316304fc2b,0.5167,0.5641445572660772,0.5412921372370703,0.05528732437698208,0.05452226962702615,salt_pepper
1,full_hebbian,HHH,salt_pepper,0.1,0.6593,0.6535424363664954,1.240586280822754,0.03397294362905074,0.03431439965306496,0.9998819231987,0.15862976014614105,10000,7840000,4d596e7c4c4f2c1453e2cbc8dfc7889f58e71eb41800f7cc79393e316304fc2b,0.24729999999999996,0.27277741010368406,0.25187435607304964,0.017364366940089634,0.017718708295238257,salt_pepper
1,full_hebbian,HHH,salt_pepper,0.2,0.4185,0.38646397081529255,3.3342461585998535,0.05964415346262406,0.05956323949074259,0.9997351765632629,0.32607215642929077,10000,7840000,4d596e7c4c4f2c1453e2cbc8dfc7889f58e71eb41800f7cc79393e316304fc2b,0.4881,0.5383851753805426,0.5189528216242525,0.04303557677366296,0.04296754813291589,salt_pepper
1,full_hebbian,HHH,salt_pepper,0.3,0.2907,0.23552992711811394,5.55499267578125,0.08645496261752382,0.08606030231397979,0.9995912909507751,0.4265761375427246,10000,7840000,4d596e7c4c4f2c1453e2cbc8dfc7889f58e71eb41800f7cc79393e316304fc2b,0.6158999999999999,0.6793514228987425,0.6698868653214312,0.06984638592856271,0.06946461095615308,salt_pepper
1,full_hebbian,HHH,salt_pepper,0.4,0.2228,0.1579277400157475,7.413943767547607,0.11213117417316047,0.11136739185878208,0.9994563460350037,0.4845382869243622,10000,7840000,4d596e7c4c4f2c1453e2cbc8dfc7889f58e71eb41800f7cc79393e316304fc2b,0.6838,0.7542466357820428,0.7474890524237976,0.09552259748419936,0.09477170050095537,salt_pepper
1,hybrid_hhb,HHB,salt_pepper,0.1,0.7577,0.7472890430328972,0.8167813420295715,0.019543860947355933,0.02179158048824388,0.9600604772567749,0.10035068541765213,10000,7840000,4d596e7c4c4f2c1453e2cbc8dfc7889f58e71eb41800f7cc79393e316304fc2b,0.15859999999999996,0.17308741678489573,0.16777418830932034,0.014639717958411392,0.017004389313289098,salt_pepper
1,hybrid_hhb,HHB,salt_pepper,0.2,0.5788,0.54372703419287,1.7983132600784302,0.03561262189904038,0.04271410158896933,0.9240124821662903,0.2157687246799469,10000,7840000,4d596e7c4c4f2c1453e2cbc8dfc7889f58e71eb41800f7cc79393e316304fc2b,0.3375,0.3683291498417549,0.3713361971493475,0.03070847891009584,0.037926910414014546,salt_pepper
1,hybrid_hhb,HHB,salt_pepper,0.3,0.4551,0.3971618592651449,2.9956600666046143,0.054411062731061666,0.06746533644539969,0.891842782497406,0.3043416440486908,10000,7840000,4d596e7c4c4f2c1453e2cbc8dfc7889f58e71eb41800f7cc79393e316304fc2b,0.4612,0.5033286041689403,0.5179013720770727,0.04950691974211713,0.06267814527044491,salt_pepper
1,hybrid_hhb,HHB,salt_pepper,0.4,0.3738,0.29882745793909915,4.320461750030518,0.07525573060171944,0.09354425793083347,0.8636949062347412,0.36616361141204834,10000,7840000,4d596e7c4c4f2c1453e2cbc8dfc7889f58e71eb41800f7cc79393e316304fc2b,0.5425,0.5920550038197097,0.6162357734031184,0.07035158761277491,0.08875706675587869,salt_pepper
1,hybrid_hbb,HBB,salt_pepper,0.1,0.6563,0.6335341240755746,1.3579472303390503,0.022770163403725136,0.023742089906030772,0.9516858458518982,0.16287270188331604,10000,7840000,4d596e7c4c4f2c1453e2cbc8dfc7889f58e71eb41800f7cc79393e316304fc2b,0.2612,0.2846866485013624,0.28294117598119195,0.019652594069558747,0.02055255408481676,salt_pepper
1,hybrid_hbb,HBB,salt_pepper,0.2,0.5316,0.4906825860899223,2.2041409015655518,0.03688243735955686,0.038348188750597895,0.929110050201416,0.24684105813503265,10000,7840000,4d596e7c4c4f2c1453e2cbc8dfc7889f58e71eb41800f7cc79393e316304fc2b,0.3859,0.420599455040872,0.42579271396684426,0.03376486802539047,0.03515865292938388,salt_pepper
1,hybrid_hbb,HBB,salt_pepper,0.3,0.4379,0.38175042031115664,2.889387607574463,0.04884400310905612,0.05049439259743204,0.9124605655670166,0.30933165550231934,10000,7840000,4d596e7c4c4f2c1453e2cbc8dfc7889f58e71eb41800f7cc79393e316304fc2b,0.47959999999999997,0.5227247956403269,0.5347248797456099,0.04572643377488973,0.04730485677621803,salt_pepper
1,hybrid_hbb,HBB,salt_pepper,0.4,0.3651,0.29758710419145995,3.503396511077881,0.059916501718637896,0.06160659215498944,0.8977751731872559,0.3599696159362793,10000,7840000,4d596e7c4c4f2c1453e2cbc8dfc7889f58e71eb41800f7cc79393e316304fc2b,0.5524,0.6020708446866485,0.6188881958653066,0.05679893238447151,0.058417056333775426,salt_pepper
2,full_bp,BBB,salt_pepper,0.1,0.6437,0.6279244506091064,1.31730055809021,0.02202950445681202,0.022561375267651618,0.9438439607620239,0.17286023497581482,10000,7840000,4d596e7c4c4f2c1453e2cbc8dfc7889f58e71eb41800f7cc79393e316304fc2b,0.2749999999999999,0.2993360182867094,0.28942134318654955,0.01919306310026013,0.01981656517082331,salt_pepper
2,full_bp,BBB,salt_pepper,0.2,0.4805,0.4450104530462018,2.227889060974121,0.037092623621103715,0.0380885374886649,0.9116946458816528,0.27910420298576355,10000,7840000,4d596e7c4c4f2c1453e2cbc8dfc7889f58e71eb41800f7cc79393e316304fc2b,0.4382,0.47697833895722214,0.47233534074945416,0.03425618226455183,0.035343727391836596,salt_pepper
2,full_bp,BBB,salt_pepper,0.3,0.3708,0.31026862081941486,2.9972801208496094,0.04957711021267638,0.051093046141643915,0.8860076069831848,0.35636475682258606,10000,7840000,4d596e7c4c4f2c1453e2cbc8dfc7889f58e71eb41800f7cc79393e316304fc2b,0.5478999999999999,0.5963861978883204,0.6070771729762411,0.04674066885612449,0.04834823604481561,salt_pepper
2,full_bp,BBB,salt_pepper,0.4,0.2916,0.2127726679771002,3.8032655715942383,0.06084072896996323,0.06286027770528987,0.8639359474182129,0.41616830229759216,10000,7840000,4d596e7c4c4f2c1453e2cbc8dfc7889f58e71eb41800f7cc79393e316304fc2b,0.6271,0.6825949711548928,0.7045731258185557,0.058004287613411344,0.06011546760846157,salt_pepper
2,full_hebbian,HHH,salt_pepper,0.1,0.708,0.69767874362877,0.9448662400245667,0.03392941068532516,0.033683844344469964,0.9999210834503174,0.11373209208250046,10000,7840000,4d596e7c4c4f2c1453e2cbc8dfc7889f58e71eb41800f7cc79393e316304fc2b,0.1784,0.20126353790613719,0.18727094423830826,0.013679194154544754,0.013297074461956413,salt_pepper
2,full_hebbian,HHH,salt_pepper,0.2,0.578,0.5508117710465282,1.8438007831573486,0.054035637189904034,0.053569843518004125,0.9998324513435364,0.2036413699388504,10000,7840000,4d596e7c4c4f2c1453e2cbc8dfc7889f58e71eb41800f7cc79393e316304fc2b,0.3084,0.3479241877256318,0.33413791682055005,0.03378542065912363,0.03318307363549057,salt_pepper
2,full_hebbian,HHH,salt_pepper,0.3,0.4721,0.4359556534606356,2.8426296710968018,0.07740952646683673,0.0772421314161651,0.9997425675392151,0.2782891094684601,10000,7840000,4d596e7c4c4f2c1453e2cbc8dfc7889f58e71eb41800f7cc79393e316304fc2b,0.41429999999999995,0.46739620938628157,0.4489940344064427,0.05715930993605632,0.05685536153365155,salt_pepper
2,full_hebbian,HHH,salt_pepper,0.4,0.3748,0.33342213951063293,3.9821739196777344,0.10082748889533841,0.10161938325531629,0.9996520280838013,0.3529617488384247,10000,7840000,4d596e7c4c4f2c1453e2cbc8dfc7889f58e71eb41800f7cc79393e316304fc2b,0.5115999999999999,0.5771660649819494,0.5515275483564454,0.080577272364558,0.08123261337280274,salt_pepper
2,hybrid_hhb,HHB,salt_pepper,0.1,0.7441,0.7370454637639712,0.8643208146095276,0.01835686804713035,0.01880088482292331,0.9622660279273987,0.11048060655593872,10000,7840000,4d596e7c4c4f2c1453e2cbc8dfc7889f58e71eb41800f7cc79393e316304fc2b,0.1755,0.19084384515006525,0.18130736455148488,0.014012734093471448,0.014551908463847879,salt_pepper
2,hybrid_hhb,HHB,salt_pepper,0.2,0.5894,0.5755524624343599,1.5832207202911377,0.03591499836590825,0.036181843084218554,0.9320858120918274,0.20870161056518555,10000,7840000,4d596e7c4c4f2c1453e2cbc8dfc7889f58e71eb41800f7cc79393e316304fc2b,0.33019999999999994,0.35906916050456716,0.3428003658810962,0.03157086441224935,0.03193286672514312,salt_pepper
2,hybrid_hhb,HHB,salt_pepper,0.3,0.4509,0.4285263584471458,2.4696695804595947,0.057100950863896584,0.0568173399244036,0.9052186608314514,0.303475558757782,10000,7840000,4d596e7c4c4f2c1453e2cbc8dfc7889f58e71eb41800f7cc79393e316304fc2b,0.46869999999999995,0.50967812092214,0.48982646986831024,0.05275681691023768,0.052568363565328166,salt_pepper
2,hybrid_hhb,HHB,salt_pepper,0.4,0.343,0.2971328788025617,3.5679116249084473,0.07980090608402174,0.07907672082550672,0.8813202977180481,0.38484451174736023,10000,7840000,4d596e7c4c4f2c1453e2cbc8dfc7889f58e71eb41800f7cc79393e316304fc2b,0.5766,0.6270117442366246,0.6212199495128944,0.07545677213036284,0.0748277444664313,salt_pepper
2,hybrid_hbb,HBB,salt_pepper,0.1,0.6047,0.5837661308142124,1.7384819984436035,0.023717693760930275,0.024718594866382834,0.9425654411315918,0.20062053203582764,10000,7840000,4d596e7c4c4f2c1453e2cbc8dfc7889f58e71eb41800f7cc79393e316304fc2b,0.3097,0.3386920384951881,0.3295349931848982,0.020912898713228652,0.02197823332280529,salt_pepper
2,hybrid_hbb,HBB,salt_pepper,0.2,0.4638,0.4358956423318553,2.8616371154785156,0.03878005645907655,0.040407978400405574,0.9165242314338684,0.2960185408592224,10000,7840000,4d596e7c4c4f2c1453e2cbc8dfc7889f58e71eb41800f7cc79393e316304fc2b,0.4506,0.49278215223097116,0.47740548166725527,0.03597526141137493,0.037667616856828026,salt_pepper
2,hybrid_hbb,HBB,salt_pepper,0.3,0.3607,0.3241530195924214,3.5889055728912354,0.0506238426364198,0.052332684948979594,0.8985546827316284,0.3630518913269043,10000,7840000,4d596e7c4c4f2c1453e2cbc8dfc7889f58e71eb41800f7cc79393e316304fc2b,0.5537,0.6055336832895888,0.5891481044066892,0.04781904758871818,0.049592323405402046,salt_pepper
2,hybrid_hbb,HBB,salt_pepper,0.4,0.2851,0.24200724084564834,4.257847785949707,0.06146507221922583,0.06306922483638841,0.8826357126235962,0.41478782892227173,10000,7840000,4d596e7c4c4f2c1453e2cbc8dfc7889f58e71eb41800f7cc79393e316304fc2b,0.6293,0.6882108486439195,0.6712938831534623,0.05866027717152421,0.06032886329281086,salt_pepper
3,full_bp,BBB,salt_pepper,0.1,0.6333,0.6194791357572802,1.4721107482910156,0.02182353267280423,0.022626206666596083,0.9467908143997192,0.17907220125198364,10000,7840000,4d596e7c4c4f2c1453e2cbc8dfc7889f58e71eb41800f7cc79393e316304fc2b,0.27880000000000005,0.30566823813178384,0.29132358260837365,0.018950940751056283,0.019682170203997165,salt_pepper
3,full_bp,BBB,salt_pepper,0.2,0.4729,0.44796937098993883,2.5152714252471924,0.037555347948658224,0.03833635977920221,0.9180793762207031,0.28180572390556335,10000,7840000,4d596e7c4c4f2c1453e2cbc8dfc7889f58e71eb41800f7cc79393e316304fc2b,0.43920000000000003,0.48152614844863506,0.462833347375715,0.034682756026910275,0.035392323316603296,salt_pepper
3,full_bp,BBB,salt_pepper,0.3,0.3577,0.3176493547217035,3.42864727973938,0.051175629962220484,0.05152206761885662,0.8963413834571838,0.36192721128463745,10000,7840000,4d596e7c4c4f2c1453e2cbc8dfc7889f58e71eb41800f7cc79393e316304fc2b,0.5544,0.6078280890253261,0.5931533636439503,0.048303038040472535,0.04857803115625771,salt_pepper
3,full_bp,BBB,salt_pepper,0.4,0.2756,0.2142479207980091,4.328769207000732,0.06368528087382413,0.0634918536205681,0.8780771493911743,0.42115992307662964,10000,7840000,4d596e7c4c4f2c1453e2cbc8dfc7889f58e71eb41800f7cc79393e316304fc2b,0.6365000000000001,0.6978401491064576,0.6965547975676447,0.060812688952076185,0.06054781715796918,salt_pepper
3,full_hebbian,HHH,salt_pepper,0.1,0.6247,0.6223285472113832,1.3925724029541016,0.03482795980025311,0.03439858924710021,0.9999110102653503,0.16653695702552795,10000,7840000,4d596e7c4c4f2c1453e2cbc8dfc7889f58e71eb41800f7cc79393e316304fc2b,0.2643,0.29730033745781775,0.2652396496335805,0.01518566972382215,0.014774596183154048,salt_pepper
3,full_hebbian,HHH,salt_pepper,0.2,0.4456,0.4363247231290722,2.768634080886841,0.054569610704694474,0.05221950445369798,0.9998216032981873,0.2881377041339874,10000,7840000,4d596e7c4c4f2c1453e2cbc8dfc7889f58e71eb41800f7cc79393e316304fc2b,0.4434,0.4987626546681665,0.45124347371589146,0.03492732062826351,0.03259551138975182,salt_pepper
3,full_hebbian,HHH,salt_pepper,0.3,0.367,0.3466092404300969,3.7685258388519287,0.07414025574508978,0.06924976028909488,0.999748706817627,0.353251576423645,10000,7840000,4d596e7c4c4f2c1453e2cbc8dfc7889f58e71eb41800f7cc79393e316304fc2b,0.522,0.5871766029246345,0.5409589564148668,0.05449796566865882,0.04962576722514872,salt_pepper
3,full_hebbian,HHH,salt_pepper,0.4,0.2974,0.2654489645511209,4.625582218170166,0.09376399338391363,0.08698889188182597,0.9996852278709412,0.40208378434181213,10000,7840000,4d596e7c4c4f2c1453e2cbc8dfc7889f58e71eb41800f7cc79393e316304fc2b,0.5916,0.6654668166479191,0.6221192322938428,0.07412170330748266,0.06736489881787981,salt_pepper
3,hybrid_hhb,HHB,salt_pepper,0.1,0.7302,0.7214045570513534,0.9556723833084106,0.018090316916485223,0.018982248981631533,0.9621927738189697,0.11860394477844238,10000,7840000,4d596e7c4c4f2c1453e2cbc8dfc7889f58e71eb41800f7cc79393e316304fc2b,0.19380000000000008,0.2097402597402598,0.20154469162375643,0.013673084375323084,0.014703096685604175,salt_pepper
3,hybrid_hhb,HHB,salt_pepper,0.2,0.5552,0.550304195793131,1.907875418663025,0.03403861064910889,0.036939799799237935,0.9321902394294739,0.22960011661052704,10000,7840000,4d596e7c4c4f2c1453e2cbc8dfc7889f58e71eb41800f7cc79393e316304fc2b,0.3688,0.3991341991341991,0.3726450528819789,0.02962137810794675,0.03266064750321058,salt_pepper
3,hybrid_hhb,HHB,salt_pepper,0.3,0.3987,0.38119045473863145,3.0943660736083984,0.05270825853153151,0.058376694231617204,0.9053624272346497,0.33845987915992737,10000,7840000,4d596e7c4c4f2c1453e2cbc8dfc7889f58e71eb41800f7cc79393e316304fc2b,0.5253000000000001,0.5685064935064936,0.5417587939364784,0.048291025990369364,0.05409754193558985,salt_pepper
3,hybrid_hhb,HHB,salt_pepper,0.4,0.287,0.24394890893262425,4.496424198150635,0.07287967368923888,0.08077165707957988,0.8814274668693542,0.42169615626335144,10000,7840000,4d596e7c4c4f2c1453e2cbc8dfc7889f58e71eb41800f7cc79393e316304fc2b,0.637,0.6893939393939393,0.6790003397424856,0.06846244114807674,0.07649250478355252,salt_pepper
3,hybrid_hbb,HBB,salt_pepper,0.1,0.667,0.6513582002572201,1.2273691892623901,0.021402160617283412,0.022212560501877143,0.9488343596458435,0.15629202127456665,10000,7840000,4d596e7c4c4f2c1453e2cbc8dfc7889f58e71eb41800f7cc79393e316304fc2b,0.2509,0.2733413225841595,0.26514088401418423,0.018439742730345043,0.01926892131202075,salt_pepper
3,hybrid_hbb,HBB,salt_pepper,0.2,0.544,0.5206605994712168,1.8655749559402466,0.03496459115476024,0.03625438470256572,0.9267820119857788,0.23212037980556488,10000,7840000,4d596e7c4c4f2c1453e2cbc8dfc7889f58e71eb41800f7cc79393e316304fc2b,0.3739,0.40734284780477176,0.3958384848001876,0.03200217326782188,0.03331074551270933,salt_pepper
3,hybrid_hbb,HBB,salt_pepper,0.3,0.4646,0.43768085635137577,2.325519561767578,0.04760407818385533,0.049067382656798074,0.9099465012550354,0.2872554063796997,10000,7840000,4d596e7c4c4f2c1453e2cbc8dfc7889f58e71eb41800f7cc79393e316304fc2b,0.45330000000000004,0.49384464538620765,0.4788182279200286,0.04464166029691696,0.04612374346694168,salt_pepper
3,hybrid_hbb,HBB,salt_pepper,0.4,0.3942,0.35999176858527937,2.722686767578125,0.06060150797318439,0.06231643062513702,0.8944199085235596,0.3332003951072693,10000,7840000,4d596e7c4c4f2c1453e2cbc8dfc7889f58e71eb41800f7cc79393e316304fc2b,0.5237,0.5705414533173548,0.556507315686125,0.05763909008624603,0.059372791435280625,salt_pepper
4,full_bp,BBB,salt_pepper,0.1,0.8045,0.8042918617309059,0.5939778685569763,0.02057740521917538,0.021343665597876725,0.9617981314659119,0.07508999854326248,10000,7840000,4d596e7c4c4f2c1453e2cbc8dfc7889f58e71eb41800f7cc79393e316304fc2b,0.11199999999999999,0.12220403709765411,0.11065373189145988,0.016545785950154678,0.017234818646372583,salt_pepper
4,full_bp,BBB,salt_pepper,0.2,0.6768,0.6749308050317688,0.9474703073501587,0.03372099200268181,0.034219872505810794,0.9367810487747192,0.14688387513160706,10000,7840000,4d596e7c4c4f2c1453e2cbc8dfc7889f58e71eb41800f7cc79393e316304fc2b,0.23970000000000002,0.26153846153846155,0.240014788590597,0.02968937273366111,0.030111025554306652,salt_pepper
4,full_bp,BBB,salt_pepper,0.3,0.5577,0.5486325490752557,1.3431601524353027,0.0470251429577263,0.046954043376689056,0.914108395576477,0.21813921630382538,10000,7840000,4d596e7c4c4f2c1453e2cbc8dfc7889f58e71eb41800f7cc79393e316304fc2b,0.3588,0.39148936170212767,0.3663130445471101,0.0429935236887056,0.04284519642518491,salt_pepper
4,full_bp,BBB,salt_pepper,0.4,0.4558,0.4304538417286615,1.7896146774291992,0.06076848114947883,0.060014046524982066,0.8920503854751587,0.2824263274669647,10000,7840000,4d596e7c4c4f2c1453e2cbc8dfc7889f58e71eb41800f7cc79393e316304fc2b,0.4607,0.5026732133115112,0.4844917518937043,0.05673686188045813,0.05590519957347792,salt_pepper
4,full_hebbian,HHH,salt_pepper,0.1,0.6897,0.6891962314722901,1.016071081161499,0.03173730583190918,0.031914706732302296,0.9998881816864014,0.12161581963300705,10000,7840000,4d596e7c4c4f2c1453e2cbc8dfc7889f58e71eb41800f7cc79393e316304fc2b,0.20100000000000007,0.2256652071404514,0.2001733640832406,0.014325613724455542,0.013860673359462193,salt_pepper
4,full_hebbian,HHH,salt_pepper,0.2,0.4852,0.4571846277488493,2.1362452507019043,0.0513235958644322,0.05149317336569027,0.9997609257698059,0.2578378915786743,10000,7840000,4d596e7c4c4f2c1453e2cbc8dfc7889f58e71eb41800f7cc79393e316304fc2b,0.4055,0.4552599079375772,0.4321849678066814,0.033911903756978556,0.03343913999285017,salt_pepper
4,full_hebbian,HHH,salt_pepper,0.3,0.3655,0.29687246864694566,3.592078447341919,0.07194251179597816,0.07224786627633231,0.9996371269226074,0.35601723194122314,10000,7840000,4d596e7c4c4f2c1453e2cbc8dfc7889f58e71eb41800f7cc79393e316304fc2b,0.5252000000000001,0.5896485909958461,0.592497126908585,0.05453081968852452,0.05419383290349221,salt_pepper
4,full_hebbian,HHH,salt_pepper,0.4,0.2948,0.20747195595393025,5.025668144226074,0.09264689497655752,0.09289748581866829,0.9995218515396118,0.4141272008419037,10000,7840000,4d596e7c4c4f2c1453e2cbc8dfc7889f58e71eb41800f7cc79393e316304fc2b,0.5959000000000001,0.6690243628606715,0.6818976396016005,0.07523520286910389,0.07484345244582818,salt_pepper
4,hybrid_hhb,HHB,salt_pepper,0.1,0.7396,0.7288625713396406,0.8852671980857849,0.019960297140783193,0.02089462388291651,0.9672425985336304,0.1115797832608223,10000,7840000,4d596e7c4c4f2c1453e2cbc8dfc7889f58e71eb41800f7cc79393e316304fc2b,0.18109999999999993,0.19669816444009985,0.1905192295491962,0.014999102132174433,0.015840800616205956,salt_pepper
4,hybrid_hhb,HHB,salt_pepper,0.2,0.5579,0.5202898586748232,2.040956974029541,0.03698431376243124,0.03922183143460021,0.9369611144065857,0.23068203032016754,10000,7840000,4d596e7c4c4f2c1453e2cbc8dfc7889f58e71eb41800f7cc79393e316304fc2b,0.3628,0.39404800695123277,0.39909194221401356,0.03202311875382248,0.03416800816788965,salt_pepper
4,hybrid_hhb,HHB,salt_pepper,0.3,0.4286,0.35715551457884287,3.488955020904541,0.05504968979504644,0.05934594011890645,0.9083676934242249,0.3261927664279938,10000,7840000,4d596e7c4c4f2c1453e2cbc8dfc7889f58e71eb41800f7cc79393e316304fc2b,0.4921,0.5344846312588248,0.5622262863099939,0.050088494786437676,0.05429211685219589,salt_pepper
4,hybrid_hhb,HHB,salt_pepper,0.4,0.3498,0.26170084243801944,5.040139675140381,0.07377908072958188,0.08027337577197016,0.8820167779922485,0.3927049934864044,10000,7840000,4d596e7c4c4f2c1453e2cbc8dfc7889f58e71eb41800f7cc79393e316304fc2b,0.5709,0.6200716845878136,0.6576809584508174,0.06881788572097312,0.07521955250525961,salt_pepper
4,hybrid_hbb,HBB,salt_pepper,0.1,0.8058,0.8069554591580694,0.5902526378631592,0.020509477492741176,0.02086686671704662,0.9648324251174927,0.07326604425907135,10000,7840000,4d596e7c4c4f2c1453e2cbc8dfc7889f58e71eb41800f7cc79393e316304fc2b,0.11199999999999999,0.1220309435606886,0.10952518759112717,0.016384907476756038,0.01656172786537482,salt_pepper
4,hybrid_hbb,HBB,salt_pepper,0.2,0.7111,0.7134458074686929,0.8574349880218506,0.03307439617624088,0.033256274098766095,0.9418525099754333,0.12694595754146576,10000,7840000,4d596e7c4c4f2c1453e2cbc8dfc7889f58e71eb41800f7cc79393e316304fc2b,0.2067,0.22521246458923513,0.2030348392805037,0.028949826160255744,0.028951135247094292,salt_pepper
4,hybrid_hbb,HBB,salt_pepper,0.3,0.6323,0.6353705445225832,1.1013039350509644,0.044990806704151384,0.04462176561160963,0.920661449432373,0.1774442493915558,10000,7840000,4d596e7c4c4f2c1453e2cbc8dfc7889f58e71eb41800f7cc79393e316304fc2b,0.2855,0.3110699498801482,0.28111010222661337,0.040866236688166246,0.04031662675993783,salt_pepper
4,hybrid_hbb,HBB,salt_pepper,0.4,0.5386,0.5383146138972592,1.410965919494629,0.057241198169941804,0.05622949951327577,0.8995704054832458,0.23549871146678925,10000,7840000,4d596e7c4c4f2c1453e2cbc8dfc7889f58e71eb41800f7cc79393e316304fc2b,0.3792,0.4131619089126171,0.3781660328519374,0.053116628153956666,0.05192436066160397,salt_pepper
0,full_bp,BBB,pixel_masking,0.0,0.916,0.9145960269319188,0.2845175266265869,0.0031431785072599137,0.003152589472459287,1.0,0.0,10000,7840000,4d596e7c4c4f2c1453e2cbc8dfc7889f58e71eb41800f7cc79393e316304fc2b,0.0,0.0,0.0,0.0,0.0,clean
1,full_bp,BBB,pixel_masking,0.0,0.9159,0.9147678939996118,0.2877305746078491,0.0031216802081283257,0.0032215629105665244,1.0,0.0,10000,7840000,4d596e7c4c4f2c1453e2cbc8dfc7889f58e71eb41800f7cc79393e316304fc2b,0.0,0.0,0.0,0.0,0.0,clean
2,full_bp,BBB,pixel_masking,0.0,0.9187,0.917345793795656,0.2792670428752899,0.0028364413565518903,0.002744810096828305,1.0,0.0,10000,7840000,4d596e7c4c4f2c1453e2cbc8dfc7889f58e71eb41800f7cc79393e316304fc2b,0.0,0.0,0.0,0.0,0.0,clean
3,full_bp,BBB,pixel_masking,0.0,0.9121,0.9108027183656539,0.2828608751296997,0.0028725919217479474,0.0029440364625989176,1.0,0.0,10000,7840000,4d596e7c4c4f2c1453e2cbc8dfc7889f58e71eb41800f7cc79393e316304fc2b,0.0,0.0,0.0,0.0,0.0,clean
4,full_bp,BBB,pixel_masking,0.0,0.9165,0.9149455936223658,0.27888384461402893,0.0040316192690207035,0.004108846951504143,1.0,0.0,10000,7840000,4d596e7c4c4f2c1453e2cbc8dfc7889f58e71eb41800f7cc79393e316304fc2b,0.0,0.0,0.0,0.0,0.0,clean
0,hybrid_hbb,HBB,pixel_masking,0.0,0.9143,0.9129964251041706,0.28509747982025146,0.0033406444685799737,0.0033819878354364513,1.0,0.0,10000,7840000,4d596e7c4c4f2c1453e2cbc8dfc7889f58e71eb41800f7cc79393e316304fc2b,0.0,0.0,0.0,0.0,0.0,clean
1,hybrid_hbb,HBB,pixel_masking,0.0,0.9175,0.9164753000567666,0.2857706844806671,0.0031175693341663905,0.003189535821214014,1.0,0.0,10000,7840000,4d596e7c4c4f2c1453e2cbc8dfc7889f58e71eb41800f7cc79393e316304fc2b,0.0,0.0,0.0,0.0,0.0,clean
2,hybrid_hbb,HBB,pixel_masking,0.0,0.9144,0.9133011239991106,0.2930019795894623,0.0028047950477016214,0.0027403615435775447,1.0,0.0,10000,7840000,4d596e7c4c4f2c1453e2cbc8dfc7889f58e71eb41800f7cc79393e316304fc2b,0.0,0.0,0.0,0.0,0.0,clean
3,hybrid_hbb,HBB,pixel_masking,0.0,0.9179,0.9164990842714044,0.27352264523506165,0.0029624178869383675,0.002943639189856393,1.0,0.0,10000,7840000,4d596e7c4c4f2c1453e2cbc8dfc7889f58e71eb41800f7cc79393e316304fc2b,0.0,0.0,0.0,0.0,0.0,clean
4,hybrid_hbb,HBB,pixel_masking,0.0,0.9178,0.9164806467491966,0.27862468361854553,0.004124570015985139,0.0043051388516718025,1.0,0.0,10000,7840000,4d596e7c4c4f2c1453e2cbc8dfc7889f58e71eb41800f7cc79393e316304fc2b,0.0,0.0,0.0,0.0,0.0,clean
0,hybrid_hhb,HHB,pixel_masking,0.0,0.9187,0.917342610948835,0.27857092022895813,0.004608535650311684,0.00447359258009463,1.0,0.0,10000,7840000,4d596e7c4c4f2c1453e2cbc8dfc7889f58e71eb41800f7cc79393e316304fc2b,0.0,0.0,0.0,0.0,0.0,clean
1,hybrid_hhb,HHB,pixel_masking,0.0,0.9163,0.9150632313422176,0.28453004360198975,0.00490414298894454,0.004787191174954784,1.0,0.0,10000,7840000,4d596e7c4c4f2c1453e2cbc8dfc7889f58e71eb41800f7cc79393e316304fc2b,0.0,0.0,0.0,0.0,0.0,clean
2,hybrid_hhb,HHB,pixel_masking,0.0,0.9196,0.9183528283154561,0.2728135883808136,0.004344133953658902,0.00424897635907543,1.0,0.0,10000,7840000,4d596e7c4c4f2c1453e2cbc8dfc7889f58e71eb41800f7cc79393e316304fc2b,0.0,0.0,0.0,0.0,0.0,clean
3,hybrid_hhb,HHB,pixel_masking,0.0,0.924,0.9229492486751099,0.27071261405944824,0.00441723254116214,0.0042791522960273585,1.0,0.0,10000,7840000,4d596e7c4c4f2c1453e2cbc8dfc7889f58e71eb41800f7cc79393e316304fc2b,0.0,0.0,0.0,0.0,0.0,clean
4,hybrid_hhb,HHB,pixel_masking,0.0,0.9207,0.9193818008888368,0.28007078170776367,0.004961195008608759,0.005053823266710554,1.0,0.0,10000,7840000,4d596e7c4c4f2c1453e2cbc8dfc7889f58e71eb41800f7cc79393e316304fc2b,0.0,0.0,0.0,0.0,0.0,clean
0,full_hebbian,HHH,pixel_masking,0.0,0.8978,0.8963436886563901,0.35383105278015137,0.018587339352588265,0.018783687848460916,1.0,0.0,10000,7840000,4d596e7c4c4f2c1453e2cbc8dfc7889f58e71eb41800f7cc79393e316304fc2b,0.0,0.0,0.0,0.0,0.0,clean
1,full_hebbian,HHH,pixel_masking,0.0,0.9066,0.9054167924395451,0.31239187717437744,0.016608576688961107,0.0165956913578267,1.0,0.0,10000,7840000,4d596e7c4c4f2c1453e2cbc8dfc7889f58e71eb41800f7cc79393e316304fc2b,0.0,0.0,0.0,0.0,0.0,clean
2,full_hebbian,HHH,pixel_masking,0.0,0.8864,0.8849496878670783,0.37001922726631165,0.020250216530780404,0.02038676988251355,1.0,0.0,10000,7840000,4d596e7c4c4f2c1453e2cbc8dfc7889f58e71eb41800f7cc79393e316304fc2b,0.0,0.0,0.0,0.0,0.0,clean
3,full_hebbian,HHH,pixel_masking,0.0,0.889,0.8875681968449637,0.36875084042549133,0.019642290076430962,0.01962399306394616,1.0,0.0,10000,7840000,4d596e7c4c4f2c1453e2cbc8dfc7889f58e71eb41800f7cc79393e316304fc2b,0.0,0.0,0.0,0.0,0.0,clean
4,full_hebbian,HHH,pixel_masking,0.0,0.8907,0.8893695955555307,0.3712993562221527,0.01741169210745364,0.018054033372840103,1.0,0.0,10000,7840000,4d596e7c4c4f2c1453e2cbc8dfc7889f58e71eb41800f7cc79393e316304fc2b,0.0,0.0,0.0,0.0,0.0,clean
0,full_bp,BBB,pixel_masking,0.1,0.9095,0.9081113115315713,0.3043687045574188,0.006574822282791138,0.006506275278208207,0.995632529258728,0.005553788971155882,10000,7840000,4d596e7c4c4f2c1453e2cbc8dfc7889f58e71eb41800f7cc79393e316304fc2b,0.006500000000000061,0.0070960698689957,0.006484715400347452,0.003431643775531224,0.00335368580574892,pixel_masking
0,full_bp,BBB,pixel_masking,0.2,0.9032,0.9016662981175523,0.33470940589904785,0.012259257028540787,0.012224365964227794,0.9898045659065247,0.013778646476566792,10000,7840000,4d596e7c4c4f2c1453e2cbc8dfc7889f58e71eb41800f7cc79393e316304fc2b,0.012800000000000034,0.013973799126637591,0.012929728814366492,0.009116078521280872,0.009071776491768508,pixel_masking
0,full_bp,BBB,pixel_masking,0.3,0.894,0.8924447356352234,0.36609405279159546,0.02027849206729811,0.02039784513979542,0.982475221157074,0.024982482194900513,10000,7840000,4d596e7c4c4f2c1453e2cbc8dfc7889f58e71eb41800f7cc79393e316304fc2b,0.02200000000000002,0.024017467248908318,0.022151291296695352,0.017135313560038196,0.017245255667336132,pixel_masking
0,full_bp,BBB,pixel_masking,0.4,0.8635,0.8614688941608863,0.43624013662338257,0.029926420211791992,0.030403089647876972,0.9738222360610962,0.04203512892127037,10000,7840000,4d596e7c4c4f2c1453e2cbc8dfc7889f58e71eb41800f7cc79393e316304fc2b,0.05249999999999999,0.05731441048034933,0.053127132771032426,0.026783241704532078,0.027250500175417684,pixel_masking
0,full_hebbian,HHH,pixel_masking,0.1,0.8871,0.8856038464744505,0.3830346167087555,0.020515769220858203,0.02084022979736328,0.9999896287918091,0.010958991944789886,10000,7840000,4d596e7c4c4f2c1453e2cbc8dfc7889f58e71eb41800f7cc79393e316304fc2b,0.010700000000000043,0.011918021831142841,0.010739842181939685,0.0019284298682699375,0.002056541948902365,pixel_masking
0,full_hebbian,HHH,pixel_masking,0.2,0.8684,0.8661475169132086,0.44095322489738464,0.02435206697035809,0.02482393550094293,0.9999770522117615,0.025427311658859253,10000,7840000,4d596e7c4c4f2c1453e2cbc8dfc7889f58e71eb41800f7cc79393e316304fc2b,0.029400000000000093,0.032746714190242915,0.030196171743181566,0.005764727617769826,0.006040247652482015,pixel_masking
0,full_hebbian,HHH,pixel_masking,0.3,0.8504,0.8478135801177595,0.4968574643135071,0.030527606061040137,0.031145910080111756,0.9999610185623169,0.044457320123910904,10000,7840000,4d596e7c4c4f2c1453e2cbc8dfc7889f58e71eb41800f7cc79393e316304fc2b,0.0474,0.05279572287814657,0.0485301085386306,0.011940266708451872,0.01236222223165084,pixel_masking
0,full_hebbian,HHH,pixel_masking,0.4,0.8135,0.8103858900364751,0.6058929562568665,0.039398519103381095,0.04006456114710594,0.999940812587738,0.07060135900974274,10000,7840000,4d596e7c4c4f2c1453e2cbc8dfc7889f58e71eb41800f7cc79393e316304fc2b,0.08430000000000004,0.09389619068834934,0.08595779861991504,0.02081117975079283,0.02128087329864502,pixel_masking
0,hybrid_hhb,HHB,pixel_masking,0.1,0.9089,0.9074531742069001,0.3017192780971527,0.007974211932201774,0.00758303045058737,0.9960293173789978,0.007092156447470188,10000,7840000,4d596e7c4c4f2c1453e2cbc8dfc7889f58e71eb41800f7cc79393e316304fc2b,0.00979999999999992,0.010667247197126287,0.009889436741934876,0.00336567628189009,0.00310943787049274,pixel_masking
0,hybrid_hhb,HHB,pixel_masking,0.2,0.8925,0.8912575612075996,0.3478441536426544,0.013720186848543129,0.013055083574567522,0.9907941222190857,0.01906058005988598,10000,7840000,4d596e7c4c4f2c1453e2cbc8dfc7889f58e71eb41800f7cc79393e316304fc2b,0.0262,0.028518558833133777,0.026085049741235378,0.009111651198231444,0.008581490994472894,pixel_masking
0,hybrid_hhb,HHB,pixel_masking,0.3,0.8715,0.870385172618094,0.40748944878578186,0.022238295667998644,0.02126329035077776,0.9839324355125427,0.03565733879804611,10000,7840000,4d596e7c4c4f2c1453e2cbc8dfc7889f58e71eb41800f7cc79393e316304fc2b,0.04719999999999991,0.05137694568411877,0.04695743833074095,0.01762976001768696,0.01678969777068313,pixel_masking
0,hybrid_hhb,HHB,pixel_masking,0.4,0.8243,0.8235669548634604,0.5183769464492798,0.033294939562739156,0.03206472829312694,0.9751230478286743,0.06255770474672318,10000,7840000,4d596e7c4c4f2c1453e2cbc8dfc7889f58e71eb41800f7cc79393e316304fc2b,0.09439999999999993,0.10275389136823765,0.09377565608537453,0.028686403912427473,0.02759113571303231,pixel_masking
0,hybrid_hbb,HBB,pixel_masking,0.1,0.9055,0.9042092701547721,0.3084239959716797,0.006468920668777155,0.0068696881041234855,0.9957334995269775,0.006303911097347736,10000,7840000,4d596e7c4c4f2c1453e2cbc8dfc7889f58e71eb41800f7cc79393e316304fc2b,0.00880000000000003,0.00962484961172485,0.008787154949398412,0.003128276200197181,0.0034877002686870343,pixel_masking
0,hybrid_hbb,HBB,pixel_masking,0.2,0.8964,0.8947740745558248,0.34601685404777527,0.012021045677029357,0.01283570643639078,0.98996901512146,0.0159385334700346,10000,7840000,4d596e7c4c4f2c1453e2cbc8dfc7889f58e71eb41800f7cc79393e316304fc2b,0.017900000000000027,0.019577819096576646,0.018222350548345756,0.008680401208449384,0.009453718600954328,pixel_masking
0,hybrid_hbb,HBB,pixel_masking,0.3,0.8803,0.878609483602404,0.39465251564979553,0.02004506446293422,0.021348960681837434,0.9825502038002014,0.02884073741734028,10000,7840000,4d596e7c4c4f2c1453e2cbc8dfc7889f58e71eb41800f7cc79393e316304fc2b,0.03400000000000003,0.03718691895439137,0.03438694150176658,0.016704419994354246,0.017966972846400982,pixel_masking
0,hybrid_hbb,HBB,pixel_masking,0.4,0.8478,0.8453574710798624,0.479493111371994,0.030112345722743444,0.031823765828658125,0.9734832048416138,0.04949585348367691,10000,7840000,4d596e7c4c4f2c1453e2cbc8dfc7889f58e71eb41800f7cc79393e316304fc2b,0.0665,0.07273323854314777,0.0676389540243082,0.02677170125416347,0.028441777993221673,pixel_masking
1,full_bp,BBB,pixel_masking,0.1,0.908,0.9066392569453591,0.3084403872489929,0.006078081302253568,0.005999442645481655,0.995783805847168,0.005462108179926872,10000,7840000,4d596e7c4c4f2c1453e2cbc8dfc7889f58e71eb41800f7cc79393e316304fc2b,0.007900000000000018,0.008625395785566129,0.008128637054252708,0.002956401094125242,0.0027778797349151305,pixel_masking
1,full_bp,BBB,pixel_masking,0.2,0.8976,0.8959655529101637,0.3416471779346466,0.011258603742171308,0.011113633988828074,0.9901300072669983,0.013851971365511417,10000,7840000,4d596e7c4c4f2c1453e2cbc8dfc7889f58e71eb41800f7cc79393e316304fc2b,0.018300000000000094,0.01998034719947603,0.018802341089448116,0.008136923534042982,0.00789207107826155,pixel_masking
1,full_bp,BBB,pixel_masking,0.3,0.8808,0.8790344039828677,0.3812881410121918,0.018768988438041843,0.018755637511428523,0.9829621315002441,0.026033148169517517,10000,7840000,4d596e7c4c4f2c1453e2cbc8dfc7889f58e71eb41800f7cc79393e316304fc2b,0.03510000000000002,0.03832296102194565,0.035733490016744085,0.015647308229913517,0.015534074600862,pixel_masking
1,full_bp,BBB,pixel_masking,0.4,0.8512,0.8491239563588368,0.46714264154434204,0.028219545843163316,0.028462052633324447,0.9742698073387146,0.046280547976493835,10000,7840000,4d596e7c4c4f2c1453e2cbc8dfc7889f58e71eb41800f7cc79393e316304fc2b,0.06470000000000009,0.0706408996615352,0.06564393764077503,0.02509786563503499,0.02524048972275792,pixel_masking
1,full_hebbian,HHH,pixel_masking,0.1,0.895,0.8936046016146755,0.3431554138660431,0.018971767106348153,0.018604086245322712,0.9999892711639404,0.009274476207792759,10000,7840000,4d596e7c4c4f2c1453e2cbc8dfc7889f58e71eb41800f7cc79393e316304fc2b,0.011599999999999944,0.012795058460180834,0.011812190824869617,0.002363190417387046,0.002008394887496011,pixel_masking
1,full_hebbian,HHH,pixel_masking,0.2,0.8777,0.8758505783761971,0.3931456208229065,0.023302695052477777,0.022646588115302884,0.9999761581420898,0.02261691726744175,10000,7840000,4d596e7c4c4f2c1453e2cbc8dfc7889f58e71eb41800f7cc79393e316304fc2b,0.028899999999999926,0.03187734392234715,0.02956621406334803,0.0066941183635166705,0.0060508967574761825,pixel_masking
1,full_hebbian,HHH,pixel_masking,0.3,0.8529,0.8514870138362696,0.47131386399269104,0.030076398686000278,0.02921149838116704,0.9999593496322632,0.04278898611664772,10000,7840000,4d596e7c4c4f2c1453e2cbc8dfc7889f58e71eb41800f7cc79393e316304fc2b,0.05369999999999997,0.05923229649238911,0.053929778603275524,0.013467821997039171,0.01261580702334034,pixel_masking
1,full_hebbian,HHH,pixel_masking,0.4,0.8069,0.80556362082867,0.5892175436019897,0.03944500795481156,0.03850544336669299,0.9999375939369202,0.07178482413291931,10000,7840000,4d596e7c4c4f2c1453e2cbc8dfc7889f58e71eb41800f7cc79393e316304fc2b,0.09970000000000001,0.10997132142069271,0.09985317161087515,0.022836431265850454,0.021909752008866287,pixel_masking
1,hybrid_hhb,HHB,pixel_masking,0.1,0.9055,0.9041578506440475,0.31022030115127563,0.00838179192834971,0.007859234031365842,0.9961866140365601,0.007351245731115341,10000,7840000,4d596e7c4c4f2c1453e2cbc8dfc7889f58e71eb41800f7cc79393e316304fc2b,0.010800000000000032,0.01178653279493619,0.010905380698170042,0.003477648939405169,0.003072042856411058,pixel_masking
1,hybrid_hhb,HHB,pixel_masking,0.2,0.8912,0.8895468320848516,0.3575360178947449,0.014485038140355325,0.013532926744344283,0.9908710718154907,0.01970168948173523,10000,7840000,4d596e7c4c4f2c1453e2cbc8dfc7889f58e71eb41800f7cc79393e316304fc2b,0.02510000000000001,0.027392775291934967,0.02551639925736593,0.009580895151410786,0.008745735569389498,pixel_masking
1,hybrid_hhb,HHB,pixel_masking,0.3,0.8614,0.860105096088881,0.4306170344352722,0.02370943410055978,0.022398116613894094,0.983352541923523,0.039253849536180496,10000,7840000,4d596e7c4c4f2c1453e2cbc8dfc7889f58e71eb41800f7cc79393e316304fc2b,0.05489999999999995,0.05991487504092541,0.05495813525333659,0.01880529111161524,0.01761092543893931,pixel_masking
1,hybrid_hhb,HHB,pixel_masking,0.4,0.8167,0.8161773050480386,0.5540758967399597,0.03559675661982322,0.034147807031748245,0.9731719493865967,0.0698615163564682,10000,7840000,4d596e7c4c4f2c1453e2cbc8dfc7889f58e71eb41800f7cc79393e316304fc2b,0.09960000000000002,0.10869802466441124,0.09888592629417892,0.03069261363087868,0.029360615856793462,pixel_masking
1,hybrid_hbb,HBB,pixel_masking,0.1,0.9102,0.9092056456106583,0.3077646493911743,0.006358694675017376,0.006809508249711017,0.9956966638565063,0.006199999712407589,10000,7840000,4d596e7c4c4f2c1453e2cbc8dfc7889f58e71eb41800f7cc79393e316304fc2b,0.007299999999999973,0.00795640326975474,0.007269654446108276,0.0032411253408509855,0.003619972428497003,pixel_masking
1,hybrid_hbb,HBB,pixel_masking,0.2,0.8978,0.8969114247226223,0.34782513976097107,0.01232370299514459,0.013320141685252286,0.9895723462104797,0.016226574778556824,10000,7840000,4d596e7c4c4f2c1453e2cbc8dfc7889f58e71eb41800f7cc79393e316304fc2b,0.01969999999999994,0.021471389645776502,0.019563875334144276,0.009206133660978201,0.010130605864038272,pixel_masking
1,hybrid_hbb,HBB,pixel_masking,0.3,0.882,0.8817789838622703,0.3928118050098419,0.02102885436622464,0.022719581405483948,0.9817922115325928,0.02993103861808777,10000,7840000,4d596e7c4c4f2c1453e2cbc8dfc7889f58e71eb41800f7cc79393e316304fc2b,0.035499999999999976,0.038692098092643026,0.03469631619449631,0.01791128503205825,0.019530045584269934,pixel_masking
1,hybrid_hbb,HBB,pixel_masking,0.4,0.8479,0.8481846582526099,0.4782562553882599,0.03195172896093252,0.03438887706678741,0.9723455905914307,0.04989513382315636,10000,7840000,4d596e7c4c4f2c1453e2cbc8dfc7889f58e71eb41800f7cc79393e316304fc2b,0.0696,0.075858310626703,0.06829064180415667,0.02883415962676613,0.031199341245573393,pixel_masking
2,full_bp,BBB,pixel_masking,0.1,0.9085,0.9071374689750966,0.3004862070083618,0.005588482742893452,0.0057334796827666614,0.9949689507484436,0.006279147230088711,10000,7840000,4d596e7c4c4f2c1453e2cbc8dfc7889f58e71eb41800f7cc79393e316304fc2b,0.010199999999999987,0.01110264504190703,0.010208324820559334,0.002752041386341562,0.0029886695859383566,pixel_masking
2,full_bp,BBB,pixel_masking,0.2,0.8968,0.8950908057368212,0.3396419286727905,0.010388813221211336,0.011021365405102165,0.988503098487854,0.0157623328268528,10000,7840000,4d596e7c4c4f2c1453e2cbc8dfc7889f58e71eb41800f7cc79393e316304fc2b,0.02189999999999992,0.023838032001741505,0.022254988058834746,0.007552371864659445,0.008276555308273861,pixel_masking
2,full_bp,BBB,pixel_masking,0.3,0.8836,0.8817887653293102,0.3804115653038025,0.01720310346642319,0.018553918340254803,0.9806867241859436,0.02834050916135311,10000,7840000,4d596e7c4c4f2c1453e2cbc8dfc7889f58e71eb41800f7cc79393e316304fc2b,0.03509999999999991,0.03820616087950355,0.035557028466345786,0.014366662109871298,0.015809108243426497,pixel_masking
2,full_bp,BBB,pixel_masking,0.4,0.8466,0.8432297390601026,0.47430258989334106,0.02575222242705676,0.027981052149558552,0.971393346786499,0.050053343176841736,10000,7840000,4d596e7c4c4f2c1453e2cbc8dfc7889f58e71eb41800f7cc79393e316304fc2b,0.07209999999999994,0.07848046152171541,0.07411605473555338,0.02291578107050487,0.025236242052730246,pixel_masking
2,full_hebbian,HHH,pixel_masking,0.1,0.8745,0.8727339243319919,0.4039749503135681,0.022315334135172317,0.022456253695974544,0.999989926815033,0.011626388877630234,10000,7840000,4d596e7c4c4f2c1453e2cbc8dfc7889f58e71eb41800f7cc79393e316304fc2b,0.01189999999999991,0.01342509025270748,0.012215763535086355,0.0020651176043919132,0.0020694838134609934,pixel_masking
2,full_hebbian,HHH,pixel_masking,0.2,0.8549,0.8525157198742008,0.45546045899391174,0.02611995000644606,0.026212387096638583,0.9999780058860779,0.02613701857626438,10000,7840000,4d596e7c4c4f2c1453e2cbc8dfc7889f58e71eb41800f7cc79393e316304fc2b,0.03149999999999997,0.035537003610108274,0.032433967992877455,0.005869733475665655,0.005825617214125032,pixel_masking
2,full_hebbian,HHH,pixel_masking,0.3,0.8313,0.8284743184716321,0.5292288661003113,0.03214608368387028,0.032153275991945854,0.999963104724884,0.04539491608738899,10000,7840000,4d596e7c4c4f2c1453e2cbc8dfc7889f58e71eb41800f7cc79393e316304fc2b,0.05509999999999993,0.062161552346570316,0.05647536939544617,0.011895867153089875,0.011766506109432303,pixel_masking
2,full_hebbian,HHH,pixel_masking,0.4,0.795,0.7906997673078863,0.6271711587905884,0.04063589799452801,0.04063527179640167,0.9999436736106873,0.070426344871521,10000,7840000,4d596e7c4c4f2c1453e2cbc8dfc7889f58e71eb41800f7cc79393e316304fc2b,0.09139999999999993,0.10311371841155227,0.09424992055919201,0.02038568146374761,0.020248501913888117,pixel_masking
2,hybrid_hhb,HHB,pixel_masking,0.1,0.9118,0.9105388065435903,0.2931849956512451,0.007545938659200863,0.007915474827435551,0.9956892728805542,0.006851318292319775,10000,7840000,4d596e7c4c4f2c1453e2cbc8dfc7889f58e71eb41800f7cc79393e316304fc2b,0.007799999999999918,0.008481948673336145,0.007814021771865742,0.0032018047055419607,0.0036664984683601213,pixel_masking
2,hybrid_hhb,HHB,pixel_masking,0.2,0.8993,0.898007502522779,0.3328966498374939,0.01291620902236627,0.013860276323435257,0.990151584148407,0.017692027613520622,10000,7840000,4d596e7c4c4f2c1453e2cbc8dfc7889f58e71eb41800f7cc79393e316304fc2b,0.020299999999999985,0.022074815137016077,0.020345325792677005,0.008572075068707368,0.009611299964359828,pixel_masking
2,hybrid_hhb,HHB,pixel_masking,0.3,0.8787,0.8776576904584857,0.3890157639980316,0.020955842714893574,0.02249665529679279,0.9827839732170105,0.03364849090576172,10000,7840000,4d596e7c4c4f2c1453e2cbc8dfc7889f58e71eb41800f7cc79393e316304fc2b,0.040899999999999936,0.044475859069160434,0.04069513785697032,0.016611708761234672,0.01824767893771736,pixel_masking
2,hybrid_hhb,HHB,pixel_masking,0.4,0.8409,0.8409047828094893,0.495284765958786,0.031442039618200184,0.03358762244399713,0.9734082221984863,0.05966649949550629,10000,7840000,4d596e7c4c4f2c1453e2cbc8dfc7889f58e71eb41800f7cc79393e316304fc2b,0.07869999999999999,0.0855806872553284,0.07744804550596673,0.02709790566454128,0.029338646084921698,pixel_masking
2,hybrid_hbb,HBB,pixel_masking,0.1,0.9083,0.9070224301773813,0.3109545409679413,0.005683659756913477,0.006372418340371579,0.9952086210250854,0.006140604615211487,10000,7840000,4d596e7c4c4f2c1453e2cbc8dfc7889f58e71eb41800f7cc79393e316304fc2b,0.006099999999999994,0.006671041119860012,0.006278693821729298,0.0028788647092118556,0.0036320567967940347,pixel_masking
2,hybrid_hbb,HBB,pixel_masking,0.2,0.8942,0.892620527093723,0.35022857785224915,0.011106606008568588,0.012815260050248127,0.9886121153831482,0.015459048561751842,10000,7840000,4d596e7c4c4f2c1453e2cbc8dfc7889f58e71eb41800f7cc79393e316304fc2b,0.020199999999999996,0.02209098862642169,0.020680596905387594,0.008301810960866967,0.010074898506670583,pixel_masking
2,hybrid_hbb,HBB,pixel_masking,0.3,0.883,0.8816378318159002,0.38720574975013733,0.019326222824563786,0.02217391321999686,0.9800981283187866,0.028223859146237373,10000,7840000,4d596e7c4c4f2c1453e2cbc8dfc7889f58e71eb41800f7cc79393e316304fc2b,0.031399999999999983,0.03433945756780401,0.0316632921832104,0.016521427776862163,0.019433551676419317,pixel_masking
2,hybrid_hbb,HBB,pixel_masking,0.4,0.8485,0.8473602076297801,0.4748764634132385,0.02996307997800866,0.03392464652548031,0.9695066213607788,0.04934009537100792,10000,7840000,4d596e7c4c4f2c1453e2cbc8dfc7889f58e71eb41800f7cc79393e316304fc2b,0.06589999999999996,0.0720691163604549,0.06594091636933042,0.027158284930307038,0.031184284981902764,pixel_masking
3,full_bp,BBB,pixel_masking,0.1,0.9048,0.9034086914738225,0.3098805546760559,0.0062441808282112585,0.007061363762252185,0.9951252937316895,0.006901079788804054,10000,7840000,4d596e7c4c4f2c1453e2cbc8dfc7889f58e71eb41800f7cc79393e316304fc2b,0.007299999999999973,0.008003508387238211,0.007394026891831329,0.003371588906463311,0.004117327299653268,pixel_masking
3,full_bp,BBB,pixel_masking,0.2,0.8938,0.8922963610641478,0.3498707413673401,0.011996791960268604,0.013875312295251963,0.9886050820350647,0.017437221482396126,10000,7840000,4d596e7c4c4f2c1453e2cbc8dfc7889f58e71eb41800f7cc79393e316304fc2b,0.018299999999999983,0.020063589518693106,0.01850635730150607,0.009124200038520656,0.010931275832653044,pixel_masking
3,full_bp,BBB,pixel_masking,0.3,0.8753,0.8739567539225357,0.39890167117118835,0.02005198448726109,0.023152639077634228,0.9805541038513184,0.031555015593767166,10000,7840000,4d596e7c4c4f2c1453e2cbc8dfc7889f58e71eb41800f7cc79393e316304fc2b,0.036800000000000055,0.0403464532397764,0.03684596444311816,0.017179392565513145,0.02020860261503531,pixel_masking
3,full_bp,BBB,pixel_masking,0.4,0.837,0.8356187078651042,0.5011119246482849,0.029549468332407427,0.03384697670450016,0.9712891578674316,0.055009692907333374,10000,7840000,4d596e7c4c4f2c1453e2cbc8dfc7889f58e71eb41800f7cc79393e316304fc2b,0.07510000000000006,0.0823374629974784,0.07518401050054968,0.02667687641065948,0.030902940241901242,pixel_masking
3,full_hebbian,HHH,pixel_masking,0.1,0.8765,0.8749474234016906,0.4015350639820099,0.021336303385909722,0.022006157764123412,0.9999901652336121,0.011035317555069923,10000,7840000,4d596e7c4c4f2c1453e2cbc8dfc7889f58e71eb41800f7cc79393e316304fc2b,0.012500000000000067,0.014060742407199175,0.012620773443273059,0.0016940133094787597,0.002382164700177252,pixel_masking
3,full_hebbian,HHH,pixel_masking,0.2,0.8584,0.8569428492320965,0.4536496102809906,0.024801324198197347,0.026177939146392198,0.9999783039093018,0.02585684135556221,10000,7840000,4d596e7c4c4f2c1453e2cbc8dfc7889f58e71eb41800f7cc79393e316304fc2b,0.03059999999999996,0.03442069741282335,0.03062534761286717,0.005159034121766385,0.006553946082446038,pixel_masking
3,full_hebbian,HHH,pixel_masking,0.3,0.8255,0.824323149952219,0.5331881642341614,0.030712998242280923,0.03263730489380506,0.9999637007713318,0.047498296946287155,10000,7840000,4d596e7c4c4f2c1453e2cbc8dfc7889f58e71eb41800f7cc79393e316304fc2b,0.0635,0.07142857142857142,0.06324504689274468,0.01107070816584996,0.013013311829858897,pixel_masking
3,full_hebbian,HHH,pixel_masking,0.4,0.7919,0.7906045847534606,0.6345892548561096,0.0390243542496039,0.04139650567502392,0.9999455809593201,0.07356034964323044,10000,7840000,4d596e7c4c4f2c1453e2cbc8dfc7889f58e71eb41800f7cc79393e316304fc2b,0.09709999999999996,0.10922384701912256,0.09696361209150306,0.019382064173172935,0.02177251261107776,pixel_masking
3,hybrid_hhb,HHB,pixel_masking,0.1,0.9146,0.9133463877961325,0.2956653833389282,0.007634878799866657,0.007414175014106595,0.9957847595214844,0.0072282166220247746,10000,7840000,4d596e7c4c4f2c1453e2cbc8dfc7889f58e71eb41800f7cc79393e316304fc2b,0.009400000000000075,0.010173160173160254,0.009602860878977326,0.0032176462587045164,0.003135022718079236,pixel_masking
3,hybrid_hhb,HHB,pixel_masking,0.2,0.8944,0.8928476619680256,0.35002607107162476,0.013166628323769082,0.012940281587717484,0.9902767539024353,0.020179545506834984,10000,7840000,4d596e7c4c4f2c1453e2cbc8dfc7889f58e71eb41800f7cc79393e316304fc2b,0.02960000000000007,0.03203463203463211,0.030101586707084294,0.008749395782606941,0.008661129291690125,pixel_masking
3,hybrid_hhb,HHB,pixel_masking,0.3,0.8636,0.8617509566223642,0.41526341438293457,0.02141638357201401,0.021229032668288874,0.9830477833747864,0.03911057859659195,10000,7840000,4d596e7c4c4f2c1453e2cbc8dfc7889f58e71eb41800f7cc79393e316304fc2b,0.06040000000000001,0.06536796536796538,0.06119829205274563,0.01699915103085187,0.016949880372261514,pixel_masking
3,hybrid_hhb,HHB,pixel_masking,0.4,0.8183,0.8150974228339025,0.5363538861274719,0.03215681293643251,0.032101175771440775,0.9736371040344238,0.06870102882385254,10000,7840000,4d596e7c4c4f2c1453e2cbc8dfc7889f58e71eb41800f7cc79393e316304fc2b,0.10570000000000002,0.11439393939393941,0.10785182584120734,0.02773958039527037,0.027822023475413418,pixel_masking
3,hybrid_hbb,HBB,pixel_masking,0.1,0.9122,0.9107842307414777,0.2932587265968323,0.006145724030903407,0.006263595224886525,0.9955102801322937,0.005845383275300264,10000,7840000,4d596e7c4c4f2c1453e2cbc8dfc7889f58e71eb41800f7cc79393e316304fc2b,0.005700000000000038,0.00620982677851622,0.005714853529926622,0.00318330614396504,0.0033199560350301318,pixel_masking
3,hybrid_hbb,HBB,pixel_masking,0.2,0.9005,0.89897690087552,0.3297785520553589,0.011682974110817423,0.012106413965809103,0.9895593523979187,0.014634175226092339,10000,7840000,4d596e7c4c4f2c1453e2cbc8dfc7889f58e71eb41800f7cc79393e316304fc2b,0.017400000000000082,0.01895631332389158,0.017522183395884405,0.008720556223879055,0.00916277477595271,pixel_masking
3,hybrid_hbb,HBB,pixel_masking,0.3,0.8896,0.8880823910816027,0.3673820197582245,0.01988460402975277,0.02070004141282062,0.9818251729011536,0.02633272483944893,10000,7840000,4d596e7c4c4f2c1453e2cbc8dfc7889f58e71eb41800f7cc79393e316304fc2b,0.028300000000000103,0.030831245233685696,0.028416693189801667,0.0169221861428144,0.017756402222964228,pixel_masking
3,hybrid_hbb,HBB,pixel_masking,0.4,0.8604,0.8583162789862122,0.44696035981178284,0.030356448909214566,0.03161397558718312,0.972266435623169,0.045580748468637466,10000,7840000,4d596e7c4c4f2c1453e2cbc8dfc7889f58e71eb41800f7cc79393e316304fc2b,0.057499999999999996,0.06264298943240003,0.05818280528519215,0.027394031022276197,0.028670336397326725,pixel_masking
4,full_bp,BBB,pixel_masking,0.1,0.907,0.9054428623117102,0.30176201462745667,0.006512492776403622,0.007021381998062134,0.9966464638710022,0.006124366540461779,10000,7840000,4d596e7c4c4f2c1453e2cbc8dfc7889f58e71eb41800f7cc79393e316304fc2b,0.009499999999999953,0.010365521003818825,0.009502731310655599,0.0024808735073829184,0.002912535046557991,pixel_masking
4,full_bp,BBB,pixel_masking,0.2,0.8964,0.8949385786324155,0.34265294671058655,0.011121925019244758,0.012083280765767,0.9919496774673462,0.016438623890280724,10000,7840000,4d596e7c4c4f2c1453e2cbc8dfc7889f58e71eb41800f7cc79393e316304fc2b,0.020100000000000007,0.02193126022913258,0.020007014989950278,0.007090305750224055,0.007974433814262858,pixel_masking
4,full_bp,BBB,pixel_masking,0.3,0.8727,0.8715361579131002,0.39702722430229187,0.017910130461867974,0.019288958094071367,0.9858972430229187,0.03188792243599892,10000,7840000,4d596e7c4c4f2c1453e2cbc8dfc7889f58e71eb41800f7cc79393e316304fc2b,0.04379999999999995,0.0477905073649754,0.04340943570926559,0.01387851119284727,0.015180111142567225,pixel_masking
4,full_bp,BBB,pixel_masking,0.4,0.828,0.8280063192054328,0.5070063471794128,0.02659838884703967,0.028365372062216,0.9782586097717285,0.05785230174660683,10000,7840000,4d596e7c4c4f2c1453e2cbc8dfc7889f58e71eb41800f7cc79393e316304fc2b,0.08850000000000002,0.0965630114566285,0.08693927441693305,0.022566769578018966,0.024256525110711857,pixel_masking
4,full_hebbian,HHH,pixel_masking,0.1,0.8776,0.8761346713849107,0.41027528047561646,0.01982909977971291,0.020267530807183715,0.9999874234199524,0.01036048773676157,10000,7840000,4d596e7c4c4f2c1453e2cbc8dfc7889f58e71eb41800f7cc79393e316304fc2b,0.0131,0.014707533400696082,0.01323492417062,0.0024174076722592724,0.0022134974343436115,pixel_masking
4,full_hebbian,HHH,pixel_masking,0.2,0.8605,0.858369181876753,0.4571481943130493,0.024174420601981026,0.024441781869226572,0.9999720454216003,0.02414793148636818,10000,7840000,4d596e7c4c4f2c1453e2cbc8dfc7889f58e71eb41800f7cc79393e316304fc2b,0.030200000000000005,0.03390591669473448,0.031000413678777705,0.006762728494527387,0.006387748496386469,pixel_masking
4,full_hebbian,HHH,pixel_masking,0.3,0.8397,0.8371011651199384,0.5231373310089111,0.030827508034998057,0.030912746877086405,0.9999529123306274,0.04333331808447838,10000,7840000,4d596e7c4c4f2c1453e2cbc8dfc7889f58e71eb41800f7cc79393e316304fc2b,0.051000000000000045,0.057258336140114566,0.05226843043559237,0.013415815927544417,0.012858713504246302,pixel_masking
4,full_hebbian,HHH,pixel_masking,0.4,0.8042,0.8005665866842305,0.6241458058357239,0.040100401146557864,0.04007347766720519,0.9999297857284546,0.06953583657741547,10000,7840000,4d596e7c4c4f2c1453e2cbc8dfc7889f58e71eb41800f7cc79393e316304fc2b,0.08650000000000002,0.09711462894352758,0.08880300887130022,0.022688709039104225,0.022019444294365087,pixel_masking
4,hybrid_hhb,HHB,pixel_masking,0.1,0.9097,0.9082581329383718,0.3047519028186798,0.007988806925987711,0.007845419423434198,0.996013879776001,0.006839475128799677,10000,7840000,4d596e7c4c4f2c1453e2cbc8dfc7889f58e71eb41800f7cc79393e316304fc2b,0.01100000000000001,0.011947431302270023,0.011123667950465044,0.003027611917378952,0.002791596156723645,pixel_masking
4,hybrid_hhb,HHB,pixel_masking,0.2,0.8943,0.892569393040613,0.35056546330451965,0.013674633929194236,0.013211831528799874,0.990515947341919,0.017692359164357185,10000,7840000,4d596e7c4c4f2c1453e2cbc8dfc7889f58e71eb41800f7cc79393e316304fc2b,0.02639999999999998,0.028673835125448008,0.026812407848223807,0.008713438920585476,0.00815800826208932,pixel_masking
4,hybrid_hhb,HHB,pixel_masking,0.3,0.8754,0.8735803644079272,0.4025087058544159,0.022357944815499443,0.021539229447501047,0.982999324798584,0.03337027505040169,10000,7840000,4d596e7c4c4f2c1453e2cbc8dfc7889f58e71eb41800f7cc79393e316304fc2b,0.04530000000000001,0.049201694362984695,0.04580143648090962,0.017396749806890682,0.016485406180790495,pixel_masking
4,hybrid_hhb,HHB,pixel_masking,0.4,0.8352,0.8335330412536257,0.504310131072998,0.03372957987493398,0.03252559534189652,0.9732075333595276,0.05821160972118378,10000,7840000,4d596e7c4c4f2c1453e2cbc8dfc7889f58e71eb41800f7cc79393e316304fc2b,0.08549999999999991,0.09286412512218954,0.0858487596352111,0.02876838486632522,0.027471772075185967,pixel_masking
4,hybrid_hbb,HBB,pixel_masking,0.1,0.9099,0.9085694942018565,0.3008229434490204,0.007125190634630164,0.007273919344921501,0.9966294765472412,0.006202850490808487,10000,7840000,4d596e7c4c4f2c1453e2cbc8dfc7889f58e71eb41800f7cc79393e316304fc2b,0.007899999999999907,0.008607539769012755,0.007911152547340095,0.0030006206186450257,0.0029687804932496988,pixel_masking
4,hybrid_hbb,HBB,pixel_masking,0.2,0.8963,0.8950099397730646,0.3433782160282135,0.012802203090823427,0.012914129852762028,0.9916179776191711,0.01705639809370041,10000,7840000,4d596e7c4c4f2c1453e2cbc8dfc7889f58e71eb41800f7cc79393e316304fc2b,0.021499999999999964,0.023425582915667865,0.02147070697613196,0.008677633074838289,0.008608991001090225,pixel_masking
4,hybrid_hbb,HBB,pixel_masking,0.3,0.8743,0.8735704219032966,0.40062594413757324,0.021235765134071816,0.021372566476160166,0.9848355650901794,0.033469922840595245,10000,7840000,4d596e7c4c4f2c1453e2cbc8dfc7889f58e71eb41800f7cc79393e316304fc2b,0.04349999999999998,0.04739594682937458,0.042910224845900014,0.01711119511808668,0.017067427624488363,pixel_masking
4,hybrid_hbb,HBB,pixel_masking,0.4,0.833,0.8338183104795596,0.5055966973304749,0.03191085306284379,0.03218816065496328,0.9763503670692444,0.05906219407916069,10000,7840000,4d596e7c4c4f2c1453e2cbc8dfc7889f58e71eb41800f7cc79393e316304fc2b,0.08479999999999999,0.0923948572673785,0.08266233626963704,0.02778628304685865,0.027883021803291476,pixel_masking
