sweep,case,seed,method_id,method,accuracy,macro_f1,classification_ce,system_reconstruction_mse,standardized_reconstruction_mse,system_training_samples_seen,system_training_wall_time_sec,standardized_decoder_samples_seen,standardized_decoder_wall_time_sec,total_training_samples_seen,total_training_wall_time_sec
dimension,L64,0,full_bp,BBB,0.916,0.9145960269319188,0.2845175266265869,0.0031431785072599137,0.003152589472459287,500000,377.950563600054,500000,270.64373090001754,1000000,648.5942945000716
dimension,L64,0,full_hebbian,HHH,0.8978,0.8963436886563901,0.35383105278015137,0.018587339352588265,0.018783687848460916,2000000,802.2583635000046,500000,270.7650542999618,2500000,1073.0234177999664
dimension,L64,0,hybrid_hhb,HHB,0.9187,0.917342610948835,0.27857092022895813,0.004608535650311684,0.00447359258009463,1500000,652.8529571000254,500000,264.2848237999715,2000000,917.1377808999969
dimension,L64,0,hybrid_hbb,HBB,0.9143,0.9129964251041706,0.28509747982025146,0.0033406444685799737,0.0033819878354364513,1000000,499.52275410003494,500000,275.16037890000734,1500000,774.6831330000423
dimension,L64,1,full_bp,BBB,0.9159,0.9147678939996118,0.2877305746078491,0.0031216802081283257,0.0032215629105665244,500000,377.7294918000698,500000,303.43101569998544,1000000,681.1605075000552
dimension,L64,1,full_hebbian,HHH,0.9066,0.9054167924395451,0.31239187717437744,0.016608576688961107,0.0165956913578267,2000000,820.558944700053,500000,296.4658606000012,2500000,1117.0248053000541
dimension,L64,1,hybrid_hhb,HHB,0.9163,0.9150632313422176,0.28453004360198975,0.00490414298894454,0.004787191174954784,1500000,694.5070460001007,500000,291.83176179998554,2000000,986.3388078000862
dimension,L64,1,hybrid_hbb,HBB,0.9175,0.9164753000567666,0.2857706844806671,0.0031175693341663905,0.003189535821214014,1000000,506.99570060009137,500000,292.3309189999709,1500000,799.3266196000623
dimension,L64,2,full_bp,BBB,0.9187,0.917345793795656,0.2792670428752899,0.0028364413565518903,0.002744810096828305,500000,359.6806402000366,500000,300.27980629995,1000000,659.9604464999866
dimension,L64,2,full_hebbian,HHH,0.8864,0.8849496878670783,0.37001922726631165,0.020250216530780404,0.02038676988251355,2000000,845.2702027000487,500000,280.58288899995387,2500000,1125.8530917000026
dimension,L64,2,hybrid_hhb,HHB,0.9196,0.9183528283154561,0.2728135883808136,0.004344133953658902,0.00424897635907543,1500000,637.3715765000088,500000,266.7934047000017,2000000,904.1649812000105
dimension,L64,2,hybrid_hbb,HBB,0.9144,0.9133011239991106,0.2930019795894623,0.0028047950477016214,0.0027403615435775447,1000000,464.4755745000439,500000,246.0006700999802,1500000,710.4762446000241
dimension,L64,3,full_bp,BBB,0.9121,0.9108027183656539,0.2828608751296997,0.0028725919217479474,0.0029440364625989176,500000,211.9927947999995,500000,168.86990969999988,1000000,380.8627044999994
dimension,L64,3,full_hebbian,HHH,0.889,0.8875681968449637,0.36875084042549133,0.019642290076430962,0.01962399306394616,2000000,432.4901485999999,500000,163.44890329999998,2500000,595.9390518999999
dimension,L64,3,hybrid_hhb,HHB,0.924,0.9229492486751099,0.27071261405944824,0.00441723254116214,0.0042791522960273585,1500000,358.6988916999999,500000,176.4912961,2000000,535.1901877999999
dimension,L64,3,hybrid_hbb,HBB,0.9179,0.9164990842714044,0.27352264523506165,0.0029624178869383675,0.002943639189856393,1000000,270.4096316999994,500000,190.5433307000003,1500000,460.9529623999997
dimension,L64,4,full_bp,BBB,0.9165,0.9149455936223658,0.27888384461402893,0.0040316192690207035,0.004108846951504143,500000,237.53089509999973,500000,197.84283120000055,1000000,435.37372630000027
dimension,L64,4,full_hebbian,HHH,0.8907,0.8893695955555307,0.3712993562221527,0.01741169210745364,0.018054033372840103,2000000,576.1385577000001,500000,200.71323080000002,2500000,776.8517885000001
dimension,L64,4,hybrid_hhb,HHB,0.9207,0.9193818008888368,0.28007078170776367,0.004961195008608759,0.005053823266710554,1500000,552.8449380000002,500000,288.5430658000005,2000000,841.3880038000007
dimension,L64,4,hybrid_hbb,HBB,0.9178,0.9164806467491966,0.27862468361854553,0.004124570015985139,0.0043051388516718025,1000000,437.9455216999995,500000,228.39706730000034,1500000,666.3425889999999
architecture,balanced,0,full_bp,BBB,0.916,0.9145960269319188,0.2845175266265869,0.0031431785072599137,0.003152589472459287,500000,377.950563600054,500000,270.64373090001754,1000000,648.5942945000716
architecture,balanced,0,full_hebbian,HHH,0.8978,0.8963436886563901,0.35383105278015137,0.018587339352588265,0.018783687848460916,2000000,802.2583635000046,500000,270.7650542999618,2500000,1073.0234177999664
architecture,balanced,0,hybrid_hhb,HHB,0.9187,0.917342610948835,0.27857092022895813,0.004608535650311684,0.00447359258009463,1500000,652.8529571000254,500000,264.2848237999715,2000000,917.1377808999969
architecture,balanced,0,hybrid_hbb,HBB,0.9143,0.9129964251041706,0.28509747982025146,0.0033406444685799737,0.0033819878354364513,1000000,499.52275410003494,500000,275.16037890000734,1500000,774.6831330000423
architecture,balanced,1,full_bp,BBB,0.9159,0.9147678939996118,0.2877305746078491,0.0031216802081283257,0.0032215629105665244,500000,377.7294918000698,500000,303.43101569998544,1000000,681.1605075000552
architecture,balanced,1,full_hebbian,HHH,0.9066,0.9054167924395451,0.31239187717437744,0.016608576688961107,0.0165956913578267,2000000,820.558944700053,500000,296.4658606000012,2500000,1117.0248053000541
architecture,balanced,1,hybrid_hhb,HHB,0.9163,0.9150632313422176,0.28453004360198975,0.00490414298894454,0.004787191174954784,1500000,694.5070460001007,500000,291.83176179998554,2000000,986.3388078000862
architecture,balanced,1,hybrid_hbb,HBB,0.9175,0.9164753000567666,0.2857706844806671,0.0031175693341663905,0.003189535821214014,1000000,506.99570060009137,500000,292.3309189999709,1500000,799.3266196000623
architecture,balanced,2,full_bp,BBB,0.9187,0.917345793795656,0.2792670428752899,0.0028364413565518903,0.002744810096828305,500000,359.6806402000366,500000,300.27980629995,1000000,659.9604464999866
architecture,balanced,2,full_hebbian,HHH,0.8864,0.8849496878670783,0.37001922726631165,0.020250216530780404,0.02038676988251355,2000000,845.2702027000487,500000,280.58288899995387,2500000,1125.8530917000026
architecture,balanced,2,hybrid_hhb,HHB,0.9196,0.9183528283154561,0.2728135883808136,0.004344133953658902,0.00424897635907543,1500000,637.3715765000088,500000,266.7934047000017,2000000,904.1649812000105
architecture,balanced,2,hybrid_hbb,HBB,0.9144,0.9133011239991106,0.2930019795894623,0.0028047950477016214,0.0027403615435775447,1000000,464.4755745000439,500000,246.0006700999802,1500000,710.4762446000241
architecture,balanced,3,full_bp,BBB,0.9121,0.9108027183656539,0.2828608751296997,0.0028725919217479474,0.0029440364625989176,500000,211.9927947999995,500000,168.86990969999988,1000000,380.8627044999994
architecture,balanced,3,full_hebbian,HHH,0.889,0.8875681968449637,0.36875084042549133,0.019642290076430962,0.01962399306394616,2000000,432.4901485999999,500000,163.44890329999998,2500000,595.9390518999999
architecture,balanced,3,hybrid_hhb,HHB,0.924,0.9229492486751099,0.27071261405944824,0.00441723254116214,0.0042791522960273585,1500000,358.6988916999999,500000,176.4912961,2000000,535.1901877999999
architecture,balanced,3,hybrid_hbb,HBB,0.9179,0.9164990842714044,0.27352264523506165,0.0029624178869383675,0.002943639189856393,1000000,270.4096316999994,500000,190.5433307000003,1500000,460.9529623999997
architecture,balanced,4,full_bp,BBB,0.9165,0.9149455936223658,0.27888384461402893,0.0040316192690207035,0.004108846951504143,500000,237.53089509999973,500000,197.84283120000055,1000000,435.37372630000027
architecture,balanced,4,full_hebbian,HHH,0.8907,0.8893695955555307,0.3712993562221527,0.01741169210745364,0.018054033372840103,2000000,576.1385577000001,500000,200.71323080000002,2500000,776.8517885000001
architecture,balanced,4,hybrid_hhb,HHB,0.9207,0.9193818008888368,0.28007078170776367,0.004961195008608759,0.005053823266710554,1500000,552.8449380000002,500000,288.5430658000005,2000000,841.3880038000007
architecture,balanced,4,hybrid_hbb,HBB,0.9178,0.9164806467491966,0.27862468361854553,0.004124570015985139,0.0043051388516718025,1000000,437.9455216999995,500000,228.39706730000034,1500000,666.3425889999999
dimension,L16,0,full_bp,BBB,0.9252,0.9243440818509929,0.24749340116977692,0.011602573781110802,0.011583836436758236,500000,196.0677336000008,500000,166.33473250000316,1000000,362.40246610000395
dimension,L16,0,full_hebbian,HHH,0.7034,0.6928837526601687,0.9193745851516724,0.03568766436674157,0.03603280904341717,2000000,466.0971442000009,500000,165.47416099999828,2500000,631.5713051999992
dimension,L16,0,hybrid_hhb,HHB,0.9053,0.9041267585190356,0.31611430644989014,0.013905493487144004,0.01371484497031387,1500000,372.62098419999893,500000,214.02388820000124,2000000,586.6448724000002
dimension,L16,0,hybrid_hbb,HBB,0.9287,0.9279522254682112,0.24454699456691742,0.011615426073268969,0.011586350301820404,1000000,271.27806840000267,500000,182.2283454999997,1500000,453.50641390000237
dimension,L16,1,full_bp,BBB,0.7268,0.7216515247987483,0.8395878672599792,0.03885021538637122,0.03830498273032052,500000,180.26773900000262,500000,152.08014399999956,1000000,332.3478830000022
dimension,L16,1,full_hebbian,HHH,0.759,0.7555300330311542,0.7522739171981812,0.031170365314094388,0.031453959589588396,2000000,461.2419762000027,500000,218.1768551999994,2500000,679.4188314000021
dimension,L16,1,hybrid_hhb,HHB,0.1135,0.0203861697350696,2.3021721839904785,0.08558527389837771,0.09640136044560646,1500000,437.25934580000103,500000,175.515647799999,2000000,612.7749936
dimension,L16,1,hybrid_hbb,HBB,0.635,0.6126227846868918,1.0643001794815063,0.04480190726299675,0.044468923265106826,1000000,311.69241740000143,500000,176.91210019999926,1500000,488.6045176000007
dimension,L16,2,full_bp,BBB,0.9322,0.9313355472919547,0.24315011501312256,0.009968011408436055,0.009973577620058644,500000,223.60467860000063,500000,201.5394185999976,1000000,425.1440971999982
dimension,L16,2,full_hebbian,HHH,0.6304,0.622680586658588,1.1333388090133667,0.04103599437012964,0.0406784031342487,2000000,411.47120919999725,500000,155.6789491999989,2500000,567.1501583999961
dimension,L16,2,hybrid_hhb,HHB,0.8988,0.8974785685226576,0.3333245515823364,0.013104463521801696,0.012762338453409624,1500000,547.0577417999957,500000,324.384681800002,2000000,871.4424235999977
dimension,L16,2,hybrid_hbb,HBB,0.9297,0.9288119424769645,0.2447434514760971,0.01036708163825833,0.010164585355836519,1000000,595.7956993999978,500000,390.61558890000015,1500000,986.411288299998
dimension,L16,3,full_bp,BBB,0.9308,0.9301621489622474,0.24568164348602295,0.009917330689332923,0.010061503510572473,500000,273.83851599999616,500000,166.23949500000163,1000000,440.0780109999978
dimension,L16,3,full_hebbian,HHH,0.623,0.6185200344235338,1.121173620223999,0.040716899910751655,0.03997055397812201,2000000,295.73678080000536,500000,210.29289370000333,2500000,506.0296745000087
dimension,L16,3,hybrid_hhb,HHB,0.9024,0.9011405286608746,0.3237544298171997,0.013172437821602335,0.012859186191948093,1500000,315.98493040000176,500000,132.92381529999693,2000000,448.9087456999987
dimension,L16,3,hybrid_hbb,HBB,0.9215,0.9206305992857299,0.2587580680847168,0.011009411625959436,0.010945993150983538,1000000,246.66612689999602,500000,150.24922800000058,1500000,396.9153548999966
dimension,L16,4,full_bp,BBB,0.8872,0.8847980104288261,0.38806360960006714,0.021335991886683874,0.02142228713522152,500000,159.69776640000055,500000,151.02086260000215,1000000,310.7186290000027
dimension,L16,4,full_hebbian,HHH,0.6847,0.679954316481643,0.9869654178619385,0.03900905711115623,0.03892657459414735,2000000,460.12046700000064,500000,161.21452539999882,2500000,621.3349923999995
dimension,L16,4,hybrid_hhb,HHB,0.8485,0.8454095673935488,0.486772745847702,0.022946478773623095,0.022938270880251514,1500000,371.7138353000046,500000,149.50562340000033,2000000,521.2194587000049
dimension,L16,4,hybrid_hbb,HBB,0.9188,0.9176760049564926,0.27820903062820435,0.017066921668149986,0.017150887043622075,1000000,289.71152119999897,500000,155.26423040000373,1500000,444.9757516000027
dimension,L32,0,full_bp,BBB,0.9212,0.9198471899963717,0.2666078507900238,0.005750918217094577,0.005544308478978215,500000,206.72410240000318,500000,169.8778123000011,1000000,376.6019147000043
dimension,L32,0,full_hebbian,HHH,0.7978,0.7938596875577731,0.6632143259048462,0.026351449090607312,0.026408819074046855,2000000,462.4454190000033,500000,165.48392169999715,2500000,627.9293407000005
dimension,L32,0,hybrid_hhb,HHB,0.9125,0.9111566329419931,0.2933538258075714,0.00835489954072602,0.007806105016202343,1500000,380.5663810000042,500000,163.50484709999728,2000000,544.0712281000015
dimension,L32,0,hybrid_hbb,HBB,0.9217,0.92047109418033,0.2658556401729584,0.006665851352652725,0.00641257343730148,1000000,295.3083905999956,500000,167.0830322000038,1500000,462.3914227999994
dimension,L32,1,full_bp,BBB,0.9192,0.9179003835330601,0.2766551077365875,0.005536953064373561,0.00552499160280033,500000,198.7041201999964,500000,200.49277129999973,1000000,399.1968914999961
dimension,L32,1,full_hebbian,HHH,0.8572,0.8555774755926546,0.47493183612823486,0.023208014815194265,0.023319475545688553,2000000,476.19691579999926,500000,177.56861679999565,2500000,653.7655325999949
dimension,L32,1,hybrid_hhb,HHB,0.9139,0.9125751829329914,0.2913929224014282,0.006972103384562901,0.006799976725480994,1500000,636.3186260000002,500000,158.14856590000272,2000000,794.467191900003
dimension,L32,1,hybrid_hbb,HBB,0.9168,0.9153872796670776,0.2764228284358978,0.0056154138010375354,0.005483118023191179,1000000,250.78111509999144,500000,181.58345859999827,1500000,432.3645736999897
dimension,L32,2,full_bp,BBB,0.9291,0.9283108382750218,0.24510499835014343,0.007652649671204236,0.007513101716917389,500000,169.40082809999876,500000,155.27042079999228,1000000,324.67124889999104
dimension,L32,2,full_hebbian,HHH,0.7991,0.7956694378192245,0.6237534880638123,0.02898464546203613,0.028867269905246035,2000000,350.66974119999213,500000,127.24231770000188,2500000,477.912058899994
dimension,L32,2,hybrid_hhb,HHB,0.9148,0.91378804862292,0.28367945551872253,0.011034462666998104,0.01056626245148328,1500000,322.01770310000575,500000,150.18784519999463,2000000,472.2055483000004
dimension,L32,2,hybrid_hbb,HBB,0.9216,0.9207148004360594,0.27604585886001587,0.00884638585557743,0.00871195015420719,1000000,273.7112488999992,500000,167.61949709999317,1500000,441.33074599999236
dimension,L32,3,full_bp,BBB,0.929,0.9281840943992709,0.24603982269763947,0.008473391962051392,0.00840247716027863,500000,215.65243229999032,500000,167.6617702999938,1000000,383.3142025999841
dimension,L32,3,full_hebbian,HHH,0.7828,0.7779956252973597,0.68902587890625,0.030555813065353706,0.030102429716927663,2000000,413.0728933999926,500000,152.14240419999987,2500000,565.2152975999925
dimension,L32,3,hybrid_hhb,HHB,0.9024,0.9012336264304487,0.3256341218948364,0.010487655381767116,0.009920958555961142,1500000,343.59804180001083,500000,153.52633169999172,2000000,497.12437350000255
dimension,L32,3,hybrid_hbb,HBB,0.9244,0.9234776361664206,0.259815514087677,0.007959570620984447,0.007715632150611099,1000000,297.30356679999386,500000,176.920564,1500000,474.2241307999939
dimension,L32,4,full_bp,BBB,0.9227,0.9218091526509129,0.2608058750629425,0.015420368930271693,0.015603264275375677,500000,181.46729040000355,500000,145.30516669999633,1000000,326.7724570999999
dimension,L32,4,full_hebbian,HHH,0.8139,0.8115042551132786,0.6111534237861633,0.029836205451342523,0.02904057597335504,2000000,405.0350935000024,500000,168.64461270000902,2500000,573.6797062000114
dimension,L32,4,hybrid_hhb,HHB,0.8984,0.8970849471932407,0.34341537952423096,0.013905520538407929,0.01378503932563626,1500000,418.4452794999961,500000,179.09003979999397,2000000,597.5353192999901
dimension,L32,4,hybrid_hbb,HBB,0.9063,0.9046080439436578,0.31804710626602173,0.019180939481696305,0.019349595042637415,1000000,319.9128944000113,500000,166.30445510000573,1500000,486.217349500017
dimension,L128,0,full_bp,BBB,0.9265,0.9254698126693224,0.24701225757598877,0.0021133048476005088,0.0020156350782939364,500000,226.91400400000566,500000,184.09983350000402,1000000,411.0138375000097
dimension,L128,0,full_hebbian,HHH,0.9298,0.9289394393827692,0.23813562095165253,0.013867972630870586,0.013167811568902463,2000000,505.4898353000026,500000,189.09328109999478,2500000,694.5831163999974
dimension,L128,0,hybrid_hhb,HHB,0.933,0.9320043172972543,0.22815971076488495,0.003542554708402984,0.003326603735709677,1500000,433.6164940000017,500000,184.39054269999906,2000000,618.0070367000008
dimension,L128,0,hybrid_hbb,HBB,0.9297,0.9287376432550923,0.24553461372852325,0.0022792841446642974,0.0021906707707716492,1000000,332.5782564999972,500000,187.27786170000036,1500000,519.8561181999976
dimension,L128,1,full_bp,BBB,0.9305,0.9296689939798091,0.2379363775253296,0.0020808846600201664,0.0019377368292030023,500000,238.54491599999892,500000,194.7666414999985,1000000,433.31155749999743
dimension,L128,1,full_hebbian,HHH,0.934,0.9331814540911605,0.24277788400650024,0.01442539294301247,0.014314875836275063,2000000,538.5908576000074,500000,174.51723719999427,2500000,713.1080948000017
dimension,L128,1,hybrid_hhb,HHB,0.9363,0.9356200407152784,0.20590542256832123,0.0037779379723023396,0.0034228835538941986,1500000,392.2691602999985,500000,256.00763940000616,2000000,648.2767997000046
dimension,L128,1,hybrid_hbb,HBB,0.9276,0.9267115300162085,0.24124670028686523,0.00219740352387331,0.002043747336037305,1000000,414.124567699997,500000,228.18303339999693,1500000,642.3076010999939
dimension,L128,2,full_bp,BBB,0.9245,0.9234244757419295,0.25660982728004456,0.0022358630839659243,0.002162531841044523,500000,288.8989708000008,500000,241.05106810000143,1000000,529.9500389000023
dimension,L128,2,full_hebbian,HHH,0.9311,0.9301495539529171,0.21637499332427979,0.016133648697210817,0.015592597509890187,2000000,719.3939854999917,500000,303.563015000007,2500000,1022.9570004999987
dimension,L128,2,hybrid_hhb,HHB,0.9359,0.9349811827911273,0.2246457040309906,0.003799193761786636,0.003620386216105247,1500000,674.9459615000087,500000,238.36681800000952,2000000,913.3127795000182
dimension,L128,2,hybrid_hbb,HBB,0.9292,0.9281753770432614,0.24459731578826904,0.00228013222168903,0.0021749597941126144,1000000,425.29534900000726,500000,239.97088140000415,1500000,665.2662304000114
dimension,L128,3,full_bp,BBB,0.9224,0.9212897384918612,0.2596467137336731,0.002259672766315694,0.002189918201310294,500000,304.2125010000018,500000,234.575190500007,1000000,538.7876915000088
dimension,L128,3,full_hebbian,HHH,0.9237,0.9226668424690745,0.2701334059238434,0.015004192079816545,0.014519471141270229,2000000,666.4464105000079,500000,235.23244750000595,2500000,901.6788580000139
dimension,L128,3,hybrid_hhb,HHB,0.9351,0.9341819419101738,0.22328105568885803,0.0037889460193867588,0.003506925751238453,1500000,629.9772165000031,500000,238.4297860999941,2000000,868.4070025999972
dimension,L128,3,hybrid_hbb,HBB,0.9251,0.9241342671089068,0.2536401152610779,0.0023924913849149433,0.002248189747576811,1000000,420.24293149998994,500000,229.08394379999663,1500000,649.3268752999866
dimension,L128,4,full_bp,BBB,0.919,0.9178163296116209,0.2726321816444397,0.002182943430968693,0.0021619169789917616,500000,294.45492379998905,500000,225.02456160000293,1000000,519.479485399992
dimension,L128,4,full_hebbian,HHH,0.9264,0.9255274143577003,0.25208577513694763,0.012936692181412055,0.012964700757240762,2000000,657.9687335000053,500000,229.66290019999724,2500000,887.6316337000026
dimension,L128,4,hybrid_hhb,HHB,0.9307,0.9296095026060319,0.24070774018764496,0.003458040877264373,0.0033152354814568346,1500000,502.7486382999923,500000,271.93857669999124,2000000,774.6872149999836
dimension,L128,4,hybrid_hbb,HBB,0.9198,0.918651819021648,0.2693645656108856,0.0022036086668773573,0.0022801766458822757,1000000,655.3876084999938,500000,348.5846701999981,1500000,1003.9722786999919
architecture,early_heavy,0,full_bp,BBB,0.9175,0.916118685691672,0.2719314992427826,0.003631506783621652,0.005363520017935305,500000,709.254099599988,500000,884.4273579000001,1000000,1593.681457499988
architecture,early_heavy,0,full_hebbian,HHH,0.8873,0.8856665685387055,0.36547958850860596,0.03500464018996881,0.03438570159211451,2000000,1761.5856428000843,500000,303.4920428999467,2500000,2065.077685700031
architecture,early_heavy,0,hybrid_hhb,HHB,0.9208,0.919383266937675,0.2840026021003723,0.005197269546255773,0.006353570413589477,1500000,659.3005048000487,500000,265.41041200002655,2000000,924.7109168000752
architecture,early_heavy,0,hybrid_hbb,HBB,0.9176,0.9162310574119481,0.2750537693500519,0.0036278475844130223,0.005223172666588608,1000000,589.0290076000383,500000,383.7924836999737,1500000,972.821491300012
architecture,early_heavy,1,full_bp,BBB,0.9187,0.9173993574251339,0.27345627546310425,0.0029614183919770376,0.004549452231854809,500000,505.88717979996,500000,368.66703930008225,1000000,874.5542191000422
architecture,early_heavy,1,full_hebbian,HHH,0.9022,0.900658516666893,0.3181655704975128,0.02889380142445467,0.02872258439355967,2000000,695.1455782999983,500000,258.7403819001047,2500000,953.885960200103
architecture,early_heavy,1,hybrid_hhb,HHB,0.9205,0.919435116596872,0.2728428840637207,0.00442126867333237,0.00549639728215276,1500000,582.8596725999378,500000,285.47486149996985,2000000,868.3345340999076
architecture,early_heavy,1,hybrid_hbb,HBB,0.9165,0.9152666337747352,0.2766694724559784,0.0030233385387732057,0.004198834576898691,1000000,434.85001699998975,500000,279.042248499929,1500000,713.8922654999187
architecture,early_heavy,2,full_bp,BBB,0.9206,0.91942218400241,0.26739850640296936,0.0026922698261786482,0.0054182304109845845,500000,342.9074471000349,500000,275.8530170000158,1000000,618.7604641000507
architecture,early_heavy,2,full_hebbian,HHH,0.9017,0.9002833893591768,0.3282616138458252,0.019263674521932797,0.02194140510559082,2000000,636.0794518999755,500000,233.47964330005925,2500000,869.5590952000348
architecture,early_heavy,2,hybrid_hhb,HHB,0.9199,0.9186654346730266,0.2770613133907318,0.004500011906331899,0.005137399691951518,1500000,563.9005686000455,500000,259.2952137000393,2000000,823.1957823000848
architecture,early_heavy,2,hybrid_hbb,HBB,0.9165,0.9152668167860352,0.2719626724720001,0.002932770361705702,0.005142392293287783,1000000,451.04708179994486,500000,289.15887019992806,1500000,740.2059519998729
architecture,early_heavy,3,full_bp,BBB,0.9194,0.9180405775313124,0.2745415270328522,0.003082826644060563,0.0041479944506470036,500000,322.34749079996254,500000,271.0552180999657,1000000,593.4027088999283
architecture,early_heavy,3,full_hebbian,HHH,0.8942,0.8923718369686974,0.3644397258758545,0.024605561560027453,0.030560245330966247,2000000,627.3287988000084,500000,232.60277759993915,2500000,859.9315763999475
architecture,early_heavy,3,hybrid_hhb,HHB,0.9205,0.9194777919218963,0.2722070515155792,0.004980583604501218,0.005072275379725865,1500000,522.1370476000011,500000,235.79633539996576,2000000,757.9333829999669
architecture,early_heavy,3,hybrid_hbb,HBB,0.9204,0.9192258324561946,0.27089178562164307,0.0031752061225930038,0.003824516567891958,1000000,431.69141029997263,500000,359.25343889999203,1500000,790.9448491999647
architecture,early_heavy,4,full_bp,BBB,0.9177,0.9163598087578333,0.2772889733314514,0.003057644292773033,0.005491046112410876,500000,347.3676030000206,500000,311.50380489998497,1000000,658.8714079000056
architecture,early_heavy,4,full_hebbian,HHH,0.9009,0.8994546884300583,0.3300790786743164,0.02856217612441705,0.03349792117683255,2000000,583.4370840999763,500000,225.89092430006713,2500000,809.3280084000435
architecture,early_heavy,4,hybrid_hhb,HHB,0.9223,0.9212129462651728,0.2747122049331665,0.0051772969284836125,0.006171225572605523,1500000,526.0986124000046,500000,258.59496700007,2000000,784.6935794000747
architecture,early_heavy,4,hybrid_hbb,HBB,0.9228,0.9215981528012149,0.2569032311439514,0.004609181827428389,0.005787865188170453,1000000,430.39708599995356,500000,328.20373750000726,1500000,758.6008234999608
architecture,late_heavy,0,full_bp,BBB,0.9231,0.9221588362253517,0.26354095339775085,0.012244668969329523,0.013053478457003224,500000,180.1880071000196,500000,164.2498805000214,1000000,344.437887600041
architecture,late_heavy,0,full_hebbian,HHH,0.8939,0.8922916935464448,0.3552726209163666,0.019530652779948955,0.019647161189877256,2000000,447.8853543000296,500000,165.41070050001144,2500000,613.296054800041
architecture,late_heavy,0,hybrid_hhb,HHB,0.9033,0.9020990808999721,0.3210950493812561,0.0167853424870238,0.01678479071052707,1500000,368.7252913999837,500000,145.80016179999802,2000000,514.5254531999817
architecture,late_heavy,0,hybrid_hbb,HBB,0.921,0.9199257207371634,0.2667095363140106,0.013160744094848633,0.01392729485570168,1000000,279.8856574000092,500000,151.08056070003659,1500000,430.9662181000458
architecture,late_heavy,1,full_bp,BBB,0.9113,0.9100713157531122,0.2977827489376068,0.003548134137173088,0.0034942062728259026,500000,189.93538500007708,500000,160.1814956999151,1000000,350.1168806999922
architecture,late_heavy,1,full_hebbian,HHH,0.8139,0.8095413846408288,0.6387634873390198,0.025495860812128807,0.025430122293744768,2000000,448.508041699999,500000,158.600785800023,2500000,607.108827500022
architecture,late_heavy,1,hybrid_hhb,HHB,0.914,0.9125312165083234,0.2845655381679535,0.007194580166680472,0.007036497579302106,1500000,364.8632324000355,500000,164.6533339000307,2000000,529.5165663000662
architecture,late_heavy,1,hybrid_hbb,HBB,0.9087,0.9073084431319547,0.29693666100502014,0.005039616101128714,0.004958684620078729,1000000,274.377709900029,500000,173.73035399999935,1500000,448.10806390002836
architecture,late_heavy,2,full_bp,BBB,0.9134,0.9119378225647207,0.29695188999176025,0.0048657599429694975,0.0049708779446932735,500000,194.77217810007278,500000,157.1902847000165,1000000,351.96246280008927
architecture,late_heavy,2,full_hebbian,HHH,0.8316,0.8281317341064218,0.5257259011268616,0.02345330837016203,0.023498722590232383,2000000,442.0099357999861,500000,160.5121318999445,2500000,602.5220676999306
architecture,late_heavy,2,hybrid_hhb,HHB,0.9111,0.9096726196379045,0.30210259556770325,0.006785375386841443,0.006788226126651375,1500000,413.675637899898,500000,181.66241250000894,2000000,595.3380503999069
architecture,late_heavy,2,hybrid_hbb,HBB,0.9124,0.9108679933722328,0.2931438088417053,0.005619183650308726,0.00584556536187931,1000000,339.6023133000126,500000,120.72276479995344,1500000,460.32507809996605
architecture,late_heavy,3,full_bp,BBB,0.9105,0.9090637233592412,0.3006713092327118,0.003679196855973224,0.0037657195397785732,500000,143.13012989994604,500000,192.14201740000863,1000000,335.27214729995467
architecture,late_heavy,3,full_hebbian,HHH,0.7586,0.7545274028061604,0.7595587968826294,0.03158007588678477,0.03164659452632982,2000000,596.1489577000029,500000,134.24646060005762,2500000,730.3954183000606
architecture,late_heavy,3,hybrid_hhb,HHB,0.9087,0.9072687528797099,0.3135663568973541,0.009370061777075942,0.00918055063753712,1500000,325.43153179995716,500000,235.00454749993514,2000000,560.4360792998923
architecture,late_heavy,3,hybrid_hbb,HBB,0.9097,0.9082230529005957,0.31158730387687683,0.006778643429036043,0.00662145193742246,1000000,279.5886798000429,500000,136.18852289998904,1500000,415.7772027000319
architecture,late_heavy,4,full_bp,BBB,0.6446,0.6267263466929318,1.0895155668258667,0.04682276496887207,0.046555436184941505,500000,168.50869210006204,500000,120.01598100003321,1000000,288.52467310009524
architecture,late_heavy,4,full_hebbian,HHH,0.8898,0.8879834227943186,0.3707933723926544,0.02144249940599714,0.021918127363555286,2000000,334.4172045000596,500000,136.66726689995266,2500000,471.08447140001226
architecture,late_heavy,4,hybrid_hhb,HHB,0.338,0.2545431041912241,1.7407563924789429,0.05901381169533243,0.05865503096288564,1500000,296.1284065999789,500000,115.06412780005485,2000000,411.19253440003376
architecture,late_heavy,4,hybrid_hbb,HBB,0.833,0.8295134998826381,0.5198549628257751,0.029477036184194137,0.029602864864894322,1000000,244.48877900000662,500000,143.4800424000714,1500000,387.968821400078
