figure,series,layer,metric,value,source
preliminary_classification_accuracy,bp,,test_accuracy_mean,0.91595,results\q1_clean_v1\q1_summary.json
preliminary_classification_accuracy,bp,,test_accuracy_sd,7.071067811864696e-05,results\q1_clean_v1\q1_summary.json
preliminary_classification_accuracy,hebbian,,test_accuracy_mean,0.9022,results\q1_clean_v1\q1_summary.json
preliminary_classification_accuracy,hebbian,,test_accuracy_sd,0.006222539674441561,results\q1_clean_v1\q1_summary.json
preliminary_classification_accuracy,random,,test_accuracy_mean,0.82765,results\q1_clean_v1\q1_summary.json
preliminary_classification_accuracy,random,,test_accuracy_sd,0.007848885271170676,results\q1_clean_v1\q1_summary.json
preliminary_reconstruction_mse,bp,,test_reconstruction_mse_mean,0.00313242935769412,results\q1_clean_v1\q1_summary.json
preliminary_reconstruction_mse,bp,,test_reconstruction_mse_sd,1.5201593099922735e-05,results\q1_clean_v1\q1_summary.json
preliminary_reconstruction_mse,hebbian,,test_reconstruction_mse_mean,0.018177766659795022,results\q1_clean_v1\q1_summary.json
preliminary_reconstruction_mse,hebbian,,test_reconstruction_mse_sd,0.0008646397030027094,results\q1_clean_v1\q1_summary.json
preliminary_seed_values,bp_seed0,,test_accuracy,0.916,results\q1_clean_v1\q1_run_table.csv
preliminary_seed_values,bp_seed0,,test_reconstruction_mse,0.0031431785072599137,results\q1_clean_v1\q1_run_table.csv
preliminary_seed_values,hebbian_seed0,,test_accuracy,0.8978,results\q1_clean_v1\q1_run_table.csv
preliminary_seed_values,hebbian_seed0,,test_reconstruction_mse,0.01878915925707136,results\q1_clean_v1\q1_run_table.csv
preliminary_seed_values,random_seed0,,test_accuracy,0.8221,results\q1_clean_v1\q1_run_table.csv
preliminary_seed_values,bp_seed1,,test_accuracy,0.9159,results\q1_clean_v1\q1_run_table.csv
preliminary_seed_values,bp_seed1,,test_reconstruction_mse,0.0031216802081283257,results\q1_clean_v1\q1_run_table.csv
preliminary_seed_values,hebbian_seed1,,test_accuracy,0.9066,results\q1_clean_v1\q1_run_table.csv
preliminary_seed_values,hebbian_seed1,,test_reconstruction_mse,0.017566374062518684,results\q1_clean_v1\q1_run_table.csv
preliminary_seed_values,random_seed1,,test_accuracy,0.8332,results\q1_clean_v1\q1_run_table.csv
stage1b_tradeoff,raw_baseline,z,validation_accuracy,0.9063,results\tuning\validation_tuning_v1\selection_decision.json
stage1b_tradeoff,raw_baseline,z,z_normalized_effective_rank,0.01591512187397718,results\formal\phase0_v1_1\stage1_representation_health\gate_v1\gate_decision.json
stage1b_tradeoff,raw_baseline,z,z_winner_coverage_ratio,0.109375,results\formal\phase0_v1_1\stage1_representation_health\gate_v1\gate_decision.json
stage1b_tradeoff,centered_rms_lr_0p0005,z,validation_accuracy,0.8148,results\tuning\stage1b_centered_v2\selection_decision.json
stage1b_tradeoff,centered_rms_lr_0p0005,z,z_normalized_effective_rank,0.06818465395933342,results\tuning\stage1b_centered_v2\health\centered_rms_lr_0p0005.json
stage1b_tradeoff,centered_rms_lr_0p0005,z,z_winner_coverage_ratio,0.765625,results\tuning\stage1b_centered_v2\health\centered_rms_lr_0p0005.json
stage1b_tradeoff,centered_rms_lr_0p001,z,validation_accuracy,0.2031,results\tuning\stage1b_centered_v2\selection_decision.json
stage1b_tradeoff,centered_rms_lr_0p001,z,z_normalized_effective_rank,0.016060682633994686,results\tuning\stage1b_centered_v2\health\centered_rms_lr_0p001.json
stage1b_tradeoff,centered_rms_lr_0p001,z,z_winner_coverage_ratio,0.28125,results\tuning\stage1b_centered_v2\health\centered_rms_lr_0p001.json
stage1b_tradeoff,centered_standardized_lr_0p0005,z,validation_accuracy,0.8394,results\tuning\stage1b_centered_v2\selection_decision.json
stage1b_tradeoff,centered_standardized_lr_0p0005,z,z_normalized_effective_rank,0.06773182094834423,results\tuning\stage1b_centered_v2\health\centered_standardized_lr_0p0005.json
stage1b_tradeoff,centered_standardized_lr_0p0005,z,z_winner_coverage_ratio,0.734375,results\tuning\stage1b_centered_v2\health\centered_standardized_lr_0p0005.json
stage1b_tradeoff,centered_standardized_lr_0p001,z,validation_accuracy,0.181,results\tuning\stage1b_centered_v2\selection_decision.json
stage1b_tradeoff,centered_standardized_lr_0p001,z,z_normalized_effective_rank,0.017225227876856094,results\tuning\stage1b_centered_v2\health\centered_standardized_lr_0p001.json
stage1b_tradeoff,centered_standardized_lr_0p001,z,z_winner_coverage_ratio,0.3125,results\tuning\stage1b_centered_v2\health\centered_standardized_lr_0p001.json
stage1b_tradeoff,rms_power_0p5_wta_0p10,z,validation_accuracy,0.9025,results\tuning\stage1b_homeostasis_v1\selection_decision.json
stage1b_tradeoff,rms_power_0p5_wta_0p10,z,z_normalized_effective_rank,0.016048897423982446,results\tuning\stage1b_homeostasis_v1\health\rms_power_0p5_wta_0p10.json
stage1b_tradeoff,rms_power_0p5_wta_0p10,z,z_winner_coverage_ratio,0.109375,results\tuning\stage1b_homeostasis_v1\health\rms_power_0p5_wta_0p10.json
stage1b_tradeoff,rms_power_1p0_wta_0p10,z,validation_accuracy,0.8248,results\tuning\stage1b_homeostasis_v1\selection_decision.json
stage1b_tradeoff,rms_power_1p0_wta_0p10,z,z_normalized_effective_rank,0.0183609370157182,results\tuning\stage1b_homeostasis_v1\health\rms_power_1p0_wta_0p10.json
stage1b_tradeoff,rms_power_1p0_wta_0p10,z,z_winner_coverage_ratio,0.984375,results\tuning\stage1b_homeostasis_v1\health\rms_power_1p0_wta_0p10.json
stage1b_tradeoff,standardized_wta_0p10,z,validation_accuracy,0.8272,results\tuning\stage1b_homeostasis_v1\selection_decision.json
stage1b_tradeoff,standardized_wta_0p10,z,z_normalized_effective_rank,0.018219783812708907,results\tuning\stage1b_homeostasis_v1\health\standardized_wta_0p10.json
stage1b_tradeoff,standardized_wta_0p10,z,z_winner_coverage_ratio,0.984375,results\tuning\stage1b_homeostasis_v1\health\standardized_wta_0p10.json
stage1b_tradeoff,standardized_wta_0p20,z,validation_accuracy,0.7945,results\tuning\stage1b_homeostasis_v1\selection_decision.json
stage1b_tradeoff,standardized_wta_0p20,z,z_normalized_effective_rank,0.017807500973364948,results\tuning\stage1b_homeostasis_v1\health\standardized_wta_0p20.json
stage1b_tradeoff,standardized_wta_0p20,z,z_winner_coverage_ratio,0.984375,results\tuning\stage1b_homeostasis_v1\health\standardized_wta_0p20.json
representation_health_heatmap,raw_baseline,h1,winner_coverage_ratio,0.75,results\formal\phase0_v1_1\stage1_representation_health\gate_v1\gate_decision.json
representation_health_heatmap,raw_baseline,h1,winner_entropy,0.5431518589155296,results\formal\phase0_v1_1\stage1_representation_health\gate_v1\gate_decision.json
representation_health_heatmap,raw_baseline,h1,normalized_effective_rank,0.07160281448751825,results\formal\phase0_v1_1\stage1_representation_health\gate_v1\gate_decision.json
representation_health_heatmap,raw_baseline,h1,max_winner_share,0.4046082180020191,results\formal\phase0_v1_1\stage1_representation_health\gate_v1\gate_decision.json
representation_health_heatmap,raw_baseline,h2,winner_coverage_ratio,0.3125,results\formal\phase0_v1_1\stage1_representation_health\gate_v1\gate_decision.json
representation_health_heatmap,raw_baseline,h2,winner_entropy,0.4224665846359084,results\formal\phase0_v1_1\stage1_representation_health\gate_v1\gate_decision.json
representation_health_heatmap,raw_baseline,h2,normalized_effective_rank,0.032451207444708856,results\formal\phase0_v1_1\stage1_representation_health\gate_v1\gate_decision.json
representation_health_heatmap,raw_baseline,h2,max_winner_share,0.24988803045571603,results\formal\phase0_v1_1\stage1_representation_health\gate_v1\gate_decision.json
representation_health_heatmap,raw_baseline,z,winner_coverage_ratio,0.109375,results\formal\phase0_v1_1\stage1_representation_health\gate_v1\gate_decision.json
representation_health_heatmap,raw_baseline,z,winner_entropy,0.4678924870096007,results\formal\phase0_v1_1\stage1_representation_health\gate_v1\gate_decision.json
representation_health_heatmap,raw_baseline,z,normalized_effective_rank,0.01591512187397718,results\formal\phase0_v1_1\stage1_representation_health\gate_v1\gate_decision.json
representation_health_heatmap,raw_baseline,z,max_winner_share,0.14285714285714285,results\formal\phase0_v1_1\stage1_representation_health\gate_v1\gate_decision.json
representation_health_heatmap,centered_rms_lr_0p0005,h1,winner_coverage_ratio,0.8125,results\tuning\stage1b_centered_v2\health\centered_rms_lr_0p0005.json
representation_health_heatmap,centered_rms_lr_0p0005,h1,winner_entropy,0.6361076356082559,results\tuning\stage1b_centered_v2\health\centered_rms_lr_0p0005.json
representation_health_heatmap,centered_rms_lr_0p0005,h1,normalized_effective_rank,0.07762647649763754,results\tuning\stage1b_centered_v2\health\centered_rms_lr_0p0005.json
representation_health_heatmap,centered_rms_lr_0p0005,h1,max_winner_share,0.30234027838501715,results\tuning\stage1b_centered_v2\health\centered_rms_lr_0p0005.json
representation_health_heatmap,centered_rms_lr_0p0005,h2,winner_coverage_ratio,0.75,results\tuning\stage1b_centered_v2\health\centered_rms_lr_0p0005.json
representation_health_heatmap,centered_rms_lr_0p0005,h2,winner_entropy,0.7677548697950664,results\tuning\stage1b_centered_v2\health\centered_rms_lr_0p0005.json
representation_health_heatmap,centered_rms_lr_0p0005,h2,normalized_effective_rank,0.04427929801576655,results\tuning\stage1b_centered_v2\health\centered_rms_lr_0p0005.json
representation_health_heatmap,centered_rms_lr_0p0005,h2,max_winner_share,0.12160825588773187,results\tuning\stage1b_centered_v2\health\centered_rms_lr_0p0005.json
representation_health_heatmap,centered_rms_lr_0p0005,z,winner_coverage_ratio,0.765625,results\tuning\stage1b_centered_v2\health\centered_rms_lr_0p0005.json
representation_health_heatmap,centered_rms_lr_0p0005,z,winner_entropy,0.87633311311829,results\tuning\stage1b_centered_v2\health\centered_rms_lr_0p0005.json
representation_health_heatmap,centered_rms_lr_0p0005,z,normalized_effective_rank,0.06818465395933342,results\tuning\stage1b_centered_v2\health\centered_rms_lr_0p0005.json
representation_health_heatmap,centered_rms_lr_0p0005,z,max_winner_share,0.07485714285714286,results\tuning\stage1b_centered_v2\health\centered_rms_lr_0p0005.json
