contrast,left,right,metric,mean_difference,sd_difference,ci_low,ci_high,cohens_dz
HHB_minus_HHH,HHB,HHH,accuracy,0.025759999999999984,0.010491091458947437,0.01664000000000001,0.03328,2.4554165885219024
HHB_minus_HHH,HHB,HHH,macro_f1,0.025888351761389462,0.01062186219231368,0.016668275889768002,0.03351611797807079,2.4372705362458102
HHB_minus_HHH,HHB,HHH,classification_ce,-0.07791888117790222,0.029439310324900488,-0.09634326100349426,-0.05137677192687988,-2.64676313126794
HHB_minus_HHH,HHB,HHH,system_reconstruction_mse,-0.01385297492270567,0.0017816332429896312,-0.015248216785411444,-0.012457733059999896,-7.775435812737746
HHB_minus_HHH,HHB,HHH,standardized_reconstruction_mse,-0.014120287969744936,0.001746770034764499,-0.015455072770216025,-0.012754110284532822,-8.083655941377907
HHB_minus_HHH,HHB,HHH,reconstruction_aulc,-0.01528867086945474,0.0016032089786360338,-0.016491671736255285,-0.01402484303316474,-9.536293192707742
HHB_minus_HHH,HHB,HHH,system_samples_seen,-500000.0,0.0,-500000.0,-500000.0,-inf
HHB_minus_HHH,HHB,HHH,system_wall_time_sec,-116.08816157999426,70.77840670318463,-169.37850838001978,-58.6155044799958,-1.6401635327398654
HHB_minus_HHH,HHB,HHH,standardized_decoder_samples_seen,0.0,0.0,0.0,0.0,0.0
HHB_minus_HHH,HHB,HHH,standardized_decoder_wall_time_sec,15.193682840008478,41.783854750198955,-9.034705679980107,52.54848270000984,0.36362568582632104
HHB_minus_HHH,HHB,HHH,probe_samples_seen,0.0,0.0,0.0,0.0,0.0
HHB_minus_HHH,HHB,HHH,probe_wall_time_sec,0.32659282003496626,3.899144317177099,-2.7520397399319334,3.405225380001866,0.08376012618876667
HBB_minus_HHB,HBB,HHB,accuracy,-0.0034799999999999944,0.0028682747427678373,-0.005399999999999983,-0.0010399999999999964,-1.2132728947164428
HBB_minus_HHB,HBB,HHB,macro_f1,-0.003467427997961314,0.003012848217314636,-0.005469984656953275,-0.0008912331091363468,-1.1508804121077985
HBB_minus_HHB,HBB,HHB,classification_ce,0.00586390495300293,0.008511270144406913,0.0004798233509063721,0.01323704719543457,0.6889576824037632
HBB_minus_HHB,HBB,HHB,system_reconstruction_mse,-0.0013770486778629067,0.00035498925704201105,-0.001633390210404688,-0.0010839008572636815,-3.8791277497728345
HBB_minus_HHB,HBB,HHB,standardized_reconstruction_mse,-0.00125641448702131,0.0003432415343193984,-0.0015096106889296548,-0.0009692545610544632,-3.660438383462567
HBB_minus_HHB,HBB,HHB,reconstruction_aulc,-0.0017366332137733695,0.00040016972882511275,-0.0020377695807963616,-0.0014194814598113296,-4.339741586331571
HBB_minus_HHB,HBB,HHB,system_samples_seen,-500000.0,0.0,-500000.0,-500000.0,-inf
HBB_minus_HHB,HBB,HHB,system_wall_time_sec,-143.38524533999316,41.121495913603795,-174.82897955998777,-110.53263965999341,-3.48686841649062
HBB_minus_HHB,HBB,HHB,standardized_decoder_samples_seen,0.0,0.0,0.0,0.0,0.0
HBB_minus_HHB,HBB,HHB,standardized_decoder_wall_time_sec,-11.102397240000027,30.616781992801624,-37.43573910000432,10.07086732001153,-0.36262456461330045
HBB_minus_HHB,HBB,HHB,probe_samples_seen,0.0,0.0,0.0,0.0,0.0
HBB_minus_HHB,HBB,HHB,probe_wall_time_sec,-0.6237766400265172,6.806213072837686,-4.727866719994199,5.544844479923268,-0.09164812111391168
BBB_minus_HHB,BBB,HHB,accuracy,-0.004019999999999979,0.004655856526999108,-0.008160000000000011,-0.001059999999999972,-0.8634286681061101
BBB_minus_HHB,BBB,HHB,macro_f1,-0.004126338691049813,0.00476261075816972,-0.008376566542927821,-0.0010702655483455948,-0.8664026729397413
BBB_minus_HHB,BBB,HHB,classification_ce,0.00531238317489624,0.0048768481878906905,0.0014801025390625,0.009219753742218017,1.08930665262187
BBB_minus_HHB,BBB,HHB,system_reconstruction_mse,-0.001445945775995449,0.0003137721515043761,-0.0016714772209829212,-0.001160822482595638,-4.6082667600132226
BBB_minus_HHB,BBB,HHB,standardized_reconstruction_mse,-0.0013341779565811157,0.00024192852402812664,-0.0015044108326094491,-0.00113201966310034,-5.514760865593526
BBB_minus_HHB,BBB,HHB,reconstruction_aulc,-0.0018277858276367187,0.00037882447925544706,-0.002127172842934728,-0.0015068662307560442,-4.824888378990459
BBB_minus_HHB,BBB,HHB,system_samples_seen,-1000000.0,0.0,-1000000.0,-1000000.0,-inf
BBB_minus_HHB,BBB,HHB,system_wall_time_sec,-266.27820475999505,69.74384160387959,-308.374826100007,-206.0669454199946,-3.8179457660557516
BBB_minus_HHB,BBB,HHB,standardized_decoder_samples_seen,0.0,0.0,0.0,0.0,0.0
BBB_minus_HHB,BBB,HHB,standardized_decoder_wall_time_sec,-9.37541168000116,47.80544908523064,-51.876577919981536,20.354112979979256,-0.1961159629164046
BBB_minus_HHB,BBB,HHB,probe_samples_seen,0.0,0.0,0.0,0.0,0.0
BBB_minus_HHB,BBB,HHB,probe_wall_time_sec,0.5262027999833663,4.151832775346821,-2.9609696000225085,3.257375999984288,0.12673988295191158
HBB_minus_RBB,HBB,RBB,accuracy,0.0011000000000000343,0.0009380831519647039,0.00036000000000002697,0.001800000000000046,1.1726039399558714
HBB_minus_RBB,HBB,RBB,macro_f1,0.001161009547689007,0.0009284804764224866,0.00043873235998577177,0.0018125297664490336,1.2504404531611417
HBB_minus_RBB,HBB,RBB,classification_ce,-0.0021005213260650636,0.0036375907594614946,-0.005222195386886596,0.0005944371223449707,-0.5774484995601932
HBB_minus_RBB,HBB,RBB,system_reconstruction_mse,-3.878316650585264e-05,0.00013292755960750999,-0.0001438687043773885,6.217709171528708e-05,-0.2917616679367784
HBB_minus_RBB,HBB,RBB,standardized_reconstruction_mse,9.974800421267208e-06,0.00020877003358493534,-0.00014280105128580204,0.000175437701624267,0.047778889766806935
HBB_minus_RBB,HBB,RBB,reconstruction_aulc,-6.785959482192936e-05,0.00016238403353541263,-0.00019415561340004137,5.543951159715701e-05,-0.41789573361675714
HBB_minus_RBB,HBB,RBB,system_samples_seen,500000.0,0.0,500000.0,500000.0,inf
HBB_minus_RBB,HBB,RBB,system_wall_time_sec,227.12101764003364,92.83348221626963,144.18315052000634,285.80173184005946,2.446542047307036
HBB_minus_RBB,HBB,RBB,standardized_decoder_samples_seen,0.0,0.0,0.0,0.0,0.0
HBB_minus_RBB,HBB,RBB,standardized_decoder_wall_time_sec,50.153729499991826,53.69043333521356,4.173676720001458,89.78716687999295,0.9341278582510127
HBB_minus_RBB,HBB,RBB,probe_samples_seen,0.0,0.0,0.0,0.0,0.0
HBB_minus_RBB,HBB,RBB,probe_wall_time_sec,11.33895409998895,11.588784824946723,2.2402469800039397,20.43766121997396,0.9784420257402681
HHB_minus_RRB,HHB,RRB,accuracy,0.0034599999999999744,0.0023426480742954597,0.002039999999999953,0.005540000000000012,1.476961067248888
HHB_minus_RRB,HHB,RRB,macro_f1,0.0034765259242007128,0.0025515003872823897,0.0019417011781747596,0.00572484522310992,1.3625417975748655
HHB_minus_RRB,HHB,RRB,classification_ce,-0.008600050210952758,0.005598093963381656,-0.012694424390792847,-0.004024934768676758,-1.5362461343463594
HHB_minus_RRB,HHB,RRB,system_reconstruction_mse,3.0378731124255064e-05,0.00034409531559393954,-0.0002810160368316028,0.00023931090199217508,0.0882858026469167
HHB_minus_RRB,HHB,RRB,standardized_reconstruction_mse,9.85953798099421e-06,0.000329038107593515,-0.00028149902450795106,0.0002054453778753476,0.029964729778881486
HHB_minus_RRB,HHB,RRB,reconstruction_aulc,0.00015239817935228382,0.0003976377009023749,-0.00020102443216741037,0.0003809985473155975,0.3832588786386216
HHB_minus_RRB,HHB,RRB,system_samples_seen,1000000.0,0.0,1000000.0,1000000.0,inf
HHB_minus_RRB,HHB,RRB,system_wall_time_sec,389.37687768002615,128.80623686293433,280.8213610000188,474.5338138400519,3.022966023721126
HHB_minus_RRB,HHB,RRB,standardized_decoder_samples_seen,0.0,0.0,0.0,0.0,0.0
HHB_minus_RRB,HHB,RRB,standardized_decoder_wall_time_sec,74.79651843999144,48.11165413592809,31.030386579999504,104.44157363998565,1.5546444989954322
HHB_minus_RRB,HHB,RRB,probe_samples_seen,0.0,0.0,0.0,0.0,0.0
HHB_minus_RRB,HHB,RRB,probe_wall_time_sec,13.553542740015837,7.260457121728468,7.0413246600001,17.309517500000585,1.866761625718299
