method,samples_seen,validation_reconstruction_mse_mean,validation_reconstruction_mse_sd,validation_reconstruction_mse_ci_low,validation_reconstruction_mse_ci_high
BBB,50000,0.008878104406595231,0.0005252832346257663,0.008478012237846852,0.009278196575343609
BBB,100000,0.005848365322500467,0.0003964481359873324,0.0055482593141496185,0.006163541470468044
BBB,150000,0.004797388976663351,0.00040627440363941343,0.004560713169574737,0.005161240289360285
BBB,200000,0.004403457895815372,0.0003948410663734502,0.004146378282755613,0.0047447445787489415
BBB,250000,0.003947283045351505,0.000435895883393929,0.003671423900127411,0.004340808178186417
BBB,300000,0.0038179898978769776,0.00040549827865420416,0.003607144228518009,0.0041846853694319725
BBB,350000,0.0036373075364530085,0.0005095605455245044,0.003324985978901386,0.004080324128046632
BBB,400000,0.0035453566144406797,0.0005329662840266021,0.003228574351370335,0.004020274187996983
BBB,450000,0.0034015898869186644,0.0005001722767154908,0.00308980052754283,0.0038481052912026645
BBB,500000,0.003372685530111194,0.0005087902352995992,0.003015990365594626,0.003806840108633041
HBB,550000,0.00903736198782921,0.0004366186514528926,0.008683638665974141,0.009343144055306911
HBB,600000,0.0059434437875449655,0.0003754267829709957,0.005659869945496321,0.0062369375254213814
HBB,650000,0.004906632909178734,0.0004347694511346447,0.00459498724296689,0.005249945858269931
HBB,700000,0.004413439466953278,0.0004694802732154274,0.004100254313647746,0.004824086027443409
HBB,750000,0.004081560192927719,0.0005063190158741117,0.0037350515518337494,0.004535165582150221
HBB,800000,0.003939677210599184,0.0005764815097653675,0.0035678843146562575,0.004443452447503805
HBB,850000,0.003724317637756467,0.000506730372936662,0.0033941658275574446,0.004171583698019386
HBB,900000,0.0036107462991029028,0.000518874152526534,0.003259052492082119,0.004059888557121158
HBB,950000,0.0035024488581717013,0.0005322949270721254,0.0031571468820422886,0.003978533875420689
HBB,1000000,0.003401426901295781,0.0005344496831848005,0.003041893365085125,0.0038541831624507904
HHB,1050000,0.012005317951440811,0.0006977784249496059,0.011426052655279637,0.012544036060273647
HHB,1100000,0.00817952890664339,0.000512241006451918,0.007856264114677904,0.008647856879532338
HHB,1150000,0.00678550911128521,0.0002430568837507315,0.0065777616633474825,0.006959622655957938
HHB,1200000,0.00614089283272624,0.00032808922743959905,0.005881487760543824,0.006400297904908657
HHB,1250000,0.005690609616935253,0.0002419522225138064,0.005505695685893297,0.005876313949972391
HHB,1300000,0.00535262700766325,0.0002888993371035515,0.0051238066779077055,0.005581447337418795
HHB,1350000,0.005123180038183927,0.00022104255128154032,0.004953234921097755,0.005293125155270099
HHB,1400000,0.0049659329298138615,0.0002662990692078415,0.004769637174457312,0.005187246763855218
HHB,1450000,0.0048487558768689635,0.0002524859653001867,0.00465244353428483,0.005045068219453097
HHB,1500000,0.004835033117532731,0.00031006154209248525,0.004588435130566358,0.005081631104499102
HHH,1550000,0.02939558687388897,0.0009936773998685013,0.028625703425407413,0.03014856773018837
HHH,1600000,0.024612929615974426,0.001303450988645364,0.023587912311553955,0.025609854947924615
HHH,1650000,0.022780733457803726,0.0013759960515319775,0.02164870967447758,0.023809130326509474
HHH,1700000,0.021528316579461096,0.0012746135180792162,0.020497327607274053,0.02250639524579048
HHH,1750000,0.02080555646419525,0.001227128484962264,0.019838262457251548,0.021707556174993516
HHH,1800000,0.020363597338795662,0.0014462079102039872,0.01923004318833351,0.02153495131611824
HHH,1850000,0.01989718674480915,0.0013319295418728113,0.018842788414359095,0.020934340312480926
HHH,1900000,0.01941763502061367,0.0012453859179458624,0.01848441589832306,0.020424434607028964
HHH,1950000,0.0191377140802145,0.0014247139808120195,0.01805975463747978,0.02023126112699509
HHH,2000000,0.018874839907884598,0.0015010480959380369,0.017711722910404203,0.02003795690536499
RBB,50000,0.00909634107172489,0.0006012931497134999,0.008574384287595747,0.009444307616353034
RBB,100000,0.0060357428915798665,0.0004508744669566,0.005653059236258268,0.006388847026377917
RBB,150000,0.005010186746269464,0.0003966425229412752,0.004710115317851305,0.005351272563785315
RBB,200000,0.004532224154472351,0.00041280140410567185,0.004225690478533507,0.0048842294979095455
RBB,250000,0.004143838878124952,0.00044017466285551656,0.003845308076143265,0.004524781315922736
RBB,300000,0.003986986327320337,0.0003990674038555181,0.0036766015945374963,0.004312579250335693
RBB,350000,0.00371927902251482,0.00042637650733633783,0.003411815089583397,0.004101166693568229
RBB,400000,0.003701814230978489,0.0005733146915109542,0.0032988830199837684,0.004182956235408783
RBB,450000,0.0035610917886346577,0.0004873816994891646,0.0032634871944040066,0.003994363728016615
RBB,500000,0.003452146087959409,0.0004586798571390043,0.0031051965353637934,0.0038370170559734102
RRB,50000,0.011407950162589551,0.0009358996848707717,0.010696639648377896,0.012119260676801205
RRB,100000,0.007778928615450859,0.0006117384598960051,0.007305776578485966,0.008252080652415752
RRB,150000,0.006540644834190606,0.00042629444353924897,0.006210940451472998,0.00686592167019844
RRB,200000,0.0059946307024359696,0.0003951262577460821,0.005695712821930647,0.006290821978598833
RRB,250000,0.0055755417381227025,0.00043299206806223417,0.005238595113605261,0.0059062301543354985
RRB,300000,0.0052980135539174075,0.00038806351198932015,0.004960546760857105,0.005571844834983349
RRB,350000,0.005122516910433769,0.00038077995655680407,0.004799087223112583,0.005402635795772076
RRB,400000,0.005035123037099839,0.0003922764312878898,0.004706173797100782,0.0053171584711968894
RRB,450000,0.004858399455547333,0.0003889646209713065,0.004530313280969858,0.005146371596157551
RRB,500000,0.004791656585782766,0.0003949838755827672,0.004482323061823845,0.005094273530542851
Random,50000,0.026344893604516983,0.0025738692846947204,0.02454287771999836,0.028454794214367862
Random,100000,0.02333157236456871,0.0025664336305831065,0.021584512238502503,0.025445261698961257
Random,150000,0.022052705852985383,0.0025314385306373396,0.02027583309531212,0.024180651399493217
Random,200000,0.021376680720448495,0.002467809846955986,0.019631104930043223,0.023456310244798655
Random,250000,0.020846934170722965,0.00249133328237652,0.019098625926971435,0.022958806129693983
Random,300000,0.020513964431881908,0.002508386534195733,0.018753063449263575,0.022634700595140455
Random,350000,0.020245237632989882,0.0024458736137914646,0.018529154806733134,0.022295456460118292
Random,400000,0.02005122676193714,0.0024581763875028825,0.018341753898262977,0.022111180459856983
Random,450000,0.019852499219179153,0.0024842111551051996,0.018121212489604948,0.021940129954218866
Random,500000,0.019754406989216804,0.002438232970293484,0.018038264744877817,0.02181964765191078
